-- MySQL dump 10.13  Distrib 5.6.19, for debian-linux-gnu (x86_64)
--
-- Host: localhost    Database: laravel-boilerplate
-- ------------------------------------------------------
-- Server version	5.6.19-1~exp1ubuntu2-log

/*!40101 SET @OLD_CHARACTER_SET_CLIENT=@@CHARACTER_SET_CLIENT */;
/*!40101 SET @OLD_CHARACTER_SET_RESULTS=@@CHARACTER_SET_RESULTS */;
/*!40101 SET @OLD_COLLATION_CONNECTION=@@COLLATION_CONNECTION */;
/*!40101 SET NAMES utf8 */;
/*!40103 SET @OLD_TIME_ZONE=@@TIME_ZONE */;
/*!40103 SET TIME_ZONE='+00:00' */;
/*!40014 SET @OLD_UNIQUE_CHECKS=@@UNIQUE_CHECKS, UNIQUE_CHECKS=0 */;
/*!40014 SET @OLD_FOREIGN_KEY_CHECKS=@@FOREIGN_KEY_CHECKS, FOREIGN_KEY_CHECKS=0 */;
/*!40101 SET @OLD_SQL_MODE=@@SQL_MODE, SQL_MODE='NO_AUTO_VALUE_ON_ZERO' */;
/*!40111 SET @OLD_SQL_NOTES=@@SQL_NOTES, SQL_NOTES=0 */;

--
-- Table structure for table `answers`
--

DROP TABLE IF EXISTS `answers`;
/*!40101 SET @saved_cs_client     = @@character_set_client */;
/*!40101 SET character_set_client = utf8 */;
CREATE TABLE `answers` (
  `id` int(10) unsigned NOT NULL AUTO_INCREMENT,
  `qid` int(10) unsigned NOT NULL,
  `status_id` int(10) unsigned NOT NULL,
  `value` text COLLATE utf8_unicode_ci NOT NULL,
  `akey` varchar(255) COLLATE utf8_unicode_ci NOT NULL,
  `created_at` timestamp NOT NULL DEFAULT '0000-00-00 00:00:00',
  `updated_at` timestamp NOT NULL DEFAULT '0000-00-00 00:00:00',
  PRIMARY KEY (`id`),
  KEY `answers_qid_foreign` (`qid`),
  KEY `answers_status_id_foreign` (`status_id`),
  CONSTRAINT `answers_qid_foreign` FOREIGN KEY (`qid`) REFERENCES `questions` (`id`),
  CONSTRAINT `answers_status_id_foreign` FOREIGN KEY (`status_id`) REFERENCES `results` (`id`)
) ENGINE=InnoDB DEFAULT CHARSET=utf8 COLLATE=utf8_unicode_ci;
/*!40101 SET character_set_client = @saved_cs_client */;

--
-- Dumping data for table `answers`
--

LOCK TABLES `answers` WRITE;
/*!40000 ALTER TABLE `answers` DISABLE KEYS */;
/*!40000 ALTER TABLE `answers` ENABLE KEYS */;
UNLOCK TABLES;

--
-- Table structure for table `assigned_roles`
--

DROP TABLE IF EXISTS `assigned_roles`;
/*!40101 SET @saved_cs_client     = @@character_set_client */;
/*!40101 SET character_set_client = utf8 */;
CREATE TABLE `assigned_roles` (
  `id` int(10) unsigned NOT NULL AUTO_INCREMENT,
  `user_id` int(10) unsigned NOT NULL,
  `role_id` int(10) unsigned NOT NULL,
  PRIMARY KEY (`id`),
  KEY `assigned_roles_user_id_foreign` (`user_id`),
  KEY `assigned_roles_role_id_foreign` (`role_id`),
  CONSTRAINT `assigned_roles_role_id_foreign` FOREIGN KEY (`role_id`) REFERENCES `roles` (`id`),
  CONSTRAINT `assigned_roles_user_id_foreign` FOREIGN KEY (`user_id`) REFERENCES `users` (`id`) ON UPDATE CASCADE
) ENGINE=InnoDB DEFAULT CHARSET=utf8 COLLATE=utf8_unicode_ci;
/*!40101 SET character_set_client = @saved_cs_client */;

--
-- Dumping data for table `assigned_roles`
--

LOCK TABLES `assigned_roles` WRITE;
/*!40000 ALTER TABLE `assigned_roles` DISABLE KEYS */;
/*!40000 ALTER TABLE `assigned_roles` ENABLE KEYS */;
UNLOCK TABLES;

--
-- Table structure for table `locales`
--

DROP TABLE IF EXISTS `locales`;
/*!40101 SET @saved_cs_client     = @@character_set_client */;
/*!40101 SET character_set_client = utf8 */;
CREATE TABLE `locales` (
  `id` int(10) unsigned NOT NULL AUTO_INCREMENT,
  `created_at` timestamp NOT NULL DEFAULT '0000-00-00 00:00:00',
  `updated_at` timestamp NOT NULL DEFAULT '0000-00-00 00:00:00',
  `code` varchar(255) COLLATE utf8_unicode_ci NOT NULL,
  `lang_code` varchar(255) COLLATE utf8_unicode_ci DEFAULT NULL,
  `name` varchar(255) COLLATE utf8_unicode_ci DEFAULT NULL,
  `display_name` varchar(255) COLLATE utf8_unicode_ci DEFAULT NULL,
  PRIMARY KEY (`id`),
  UNIQUE KEY `locales_code_unique` (`code`)
) ENGINE=InnoDB AUTO_INCREMENT=3 DEFAULT CHARSET=utf8 COLLATE=utf8_unicode_ci;
/*!40101 SET character_set_client = @saved_cs_client */;

--
-- Dumping data for table `locales`
--

LOCK TABLES `locales` WRITE;
/*!40000 ALTER TABLE `locales` DISABLE KEYS */;
INSERT INTO `locales` VALUES (1,'2016-04-28 09:36:56','2016-04-28 09:36:56','en',NULL,'English',NULL),(2,'2016-05-05 21:15:51','2016-05-05 21:15:51','my',NULL,'Burmese',NULL);
/*!40000 ALTER TABLE `locales` ENABLE KEYS */;
UNLOCK TABLES;

--
-- Table structure for table `media`
--

DROP TABLE IF EXISTS `media`;
/*!40101 SET @saved_cs_client     = @@character_set_client */;
/*!40101 SET character_set_client = utf8 */;
CREATE TABLE `media` (
  `id` int(10) unsigned NOT NULL AUTO_INCREMENT,
  `filename` varchar(255) COLLATE utf8_unicode_ci NOT NULL,
  `filedir` varchar(255) COLLATE utf8_unicode_ci NOT NULL,
  `file` text COLLATE utf8_unicode_ci NOT NULL,
  `owner_id` int(10) unsigned NOT NULL,
  `status` tinyint(1) NOT NULL,
  `created_at` timestamp NOT NULL DEFAULT '0000-00-00 00:00:00',
  `updated_at` timestamp NOT NULL DEFAULT '0000-00-00 00:00:00',
  `deleted_at` timestamp NULL DEFAULT NULL,
  PRIMARY KEY (`id`),
  KEY `media_owner_id_foreign` (`owner_id`),
  CONSTRAINT `media_owner_id_foreign` FOREIGN KEY (`owner_id`) REFERENCES `users` (`id`)
) ENGINE=InnoDB DEFAULT CHARSET=utf8 COLLATE=utf8_unicode_ci;
/*!40101 SET character_set_client = @saved_cs_client */;

--
-- Dumping data for table `media`
--

LOCK TABLES `media` WRITE;
/*!40000 ALTER TABLE `media` DISABLE KEYS */;
/*!40000 ALTER TABLE `media` ENABLE KEYS */;
UNLOCK TABLES;

--
-- Table structure for table `migrations`
--

DROP TABLE IF EXISTS `migrations`;
/*!40101 SET @saved_cs_client     = @@character_set_client */;
/*!40101 SET character_set_client = utf8 */;
CREATE TABLE `migrations` (
  `migration` varchar(255) COLLATE utf8_unicode_ci NOT NULL,
  `batch` int(11) NOT NULL
) ENGINE=InnoDB DEFAULT CHARSET=utf8 COLLATE=utf8_unicode_ci;
/*!40101 SET character_set_client = @saved_cs_client */;

--
-- Dumping data for table `migrations`
--

LOCK TABLES `migrations` WRITE;
/*!40000 ALTER TABLE `migrations` DISABLE KEYS */;
INSERT INTO `migrations` VALUES ('2015_02_03_180720_create_locales_table',1),('2015_02_03_180721_create_translations_table',1),('2015_09_24_000000_create_roles_table',1),('2015_09_24_000001_create_organizations_table',1),('2015_09_24_000002_create_users_table',1),('2015_09_24_000003_create_assigned_roles_table',1),('2015_09_24_000005_create_participants_table',1),('2015_09_24_000006_create_pcode_table',1),('2015_09_24_000008_create_media_table',1),('2015_09_24_000009_create_participant_roles_table',1),('2015_09_24_000010_create_password_resets_table',1),('2015_09_24_000011_create_permissions_table',1),('2015_09_24_000012_create_permission_role_table',1),('2015_09_24_000013_create_permission_user_table',1),('2015_09_24_000014_create_projects_table',1),('2015_09_24_000015_create_projects_participants_table',1),('2015_09_24_000016_create_questions_table',1),('2015_09_24_000017_create_results_table',1),('2015_09_24_000019_create_user_providers_table',1),('2015_09_24_000020_create_versions_table',1),('2015_10_01_084132_CreateStatusTable',1),('2015_10_13_170549_QAnswersTable',1),('2015_10_13_170613_AnswersResultsTable',1),('2015_11_06_071607_addCssColumn',1),('2015_11_07_052049_AddSortColumnInQuestions',1),('2016_04_15_094940_foreign_table',1),('2016_04_17_042749_create_participant_pcode_pivot_table',1),('2016_04_30_035528_AddSlugColumn',2),('2016_05_01_062943_AddProjectSubmitTypeColumn',3),('2016_05_07_185225_AddSortColumnQanswers',4);
/*!40000 ALTER TABLE `migrations` ENABLE KEYS */;
UNLOCK TABLES;

--
-- Table structure for table `newtable`
--

DROP TABLE IF EXISTS `newtable`;
/*!40101 SET @saved_cs_client     = @@character_set_client */;
/*!40101 SET character_set_client = utf8 */;
CREATE TABLE `newtable` (
  `name` varchar(255) DEFAULT NULL
) ENGINE=InnoDB DEFAULT CHARSET=utf8;
/*!40101 SET character_set_client = @saved_cs_client */;

--
-- Dumping data for table `newtable`
--

LOCK TABLES `newtable` WRITE;
/*!40000 ALTER TABLE `newtable` DISABLE KEYS */;
/*!40000 ALTER TABLE `newtable` ENABLE KEYS */;
UNLOCK TABLES;

--
-- Table structure for table `organizations`
--

DROP TABLE IF EXISTS `organizations`;
/*!40101 SET @saved_cs_client     = @@character_set_client */;
/*!40101 SET character_set_client = utf8 */;
CREATE TABLE `organizations` (
  `id` int(10) unsigned NOT NULL AUTO_INCREMENT,
  `name` varchar(255) COLLATE utf8_unicode_ci NOT NULL,
  `short` varchar(255) COLLATE utf8_unicode_ci NOT NULL,
  `country` varchar(255) COLLATE utf8_unicode_ci NOT NULL DEFAULT 'MM',
  `created_at` timestamp NOT NULL DEFAULT '0000-00-00 00:00:00',
  `updated_at` timestamp NOT NULL DEFAULT '0000-00-00 00:00:00',
  PRIMARY KEY (`id`),
  UNIQUE KEY `organizations_name_unique` (`name`)
) ENGINE=InnoDB AUTO_INCREMENT=2 DEFAULT CHARSET=utf8 COLLATE=utf8_unicode_ci;
/*!40101 SET character_set_client = @saved_cs_client */;

--
-- Dumping data for table `organizations`
--

LOCK TABLES `organizations` WRITE;
/*!40000 ALTER TABLE `organizations` DISABLE KEYS */;
INSERT INTO `organizations` VALUES (1,'People\'s Alliance for Credible Election','PACE','MM','2016-04-28 09:39:56','2016-04-28 09:39:56');
/*!40000 ALTER TABLE `organizations` ENABLE KEYS */;
UNLOCK TABLES;

--
-- Table structure for table `participant_pcode`
--

DROP TABLE IF EXISTS `participant_pcode`;
/*!40101 SET @saved_cs_client     = @@character_set_client */;
/*!40101 SET character_set_client = utf8 */;
CREATE TABLE `participant_pcode` (
  `participant_id` int(10) unsigned NOT NULL,
  `pcode_id` int(10) unsigned NOT NULL,
  PRIMARY KEY (`participant_id`,`pcode_id`),
  KEY `participant_pcode_participant_id_index` (`participant_id`),
  KEY `participant_pcode_pcode_id_index` (`pcode_id`),
  CONSTRAINT `participant_pcode_participant_id_foreign` FOREIGN KEY (`participant_id`) REFERENCES `participants` (`id`) ON DELETE CASCADE,
  CONSTRAINT `participant_pcode_pcode_id_foreign` FOREIGN KEY (`pcode_id`) REFERENCES `pcode` (`id`) ON DELETE CASCADE
) ENGINE=InnoDB DEFAULT CHARSET=utf8 COLLATE=utf8_unicode_ci;
/*!40101 SET character_set_client = @saved_cs_client */;

--
-- Dumping data for table `participant_pcode`
--

LOCK TABLES `participant_pcode` WRITE;
/*!40000 ALTER TABLE `participant_pcode` DISABLE KEYS */;
INSERT INTO `participant_pcode` VALUES (2,1),(2,16),(3,2),(3,13),(4,3),(5,4),(6,5),(7,6),(8,7),(9,8),(10,9),(10,12),(11,10),(12,11),(13,14),(14,15),(15,17),(16,18),(18,19),(18,21),(19,20),(20,22),(20,23),(21,24),(22,25),(23,26),(24,27),(26,28),(27,29),(28,30),(29,31),(30,32),(31,33),(33,34),(34,35),(35,36),(37,37),(38,38),(39,39),(40,40),(41,41),(41,45),(42,42),(42,48),(43,43),(44,44),(45,46),(46,47),(48,49),(49,50),(51,51),(52,52),(53,53),(54,54),(55,55),(56,56),(57,57),(58,58),(59,59),(60,60),(62,61),(62,71),(63,62),(63,63),(64,64),(64,65),(65,66),(66,67),(67,68),(68,69),(69,70),(70,72),(72,73),(72,74),(73,75),(73,79),(74,76),(75,77),(75,78),(76,80),(77,81),(77,82),(78,83),(79,84),(80,85),(81,86),(82,87),(82,88),(83,89),(84,90),(86,91),(87,92),(87,93),(88,94),(89,95),(90,96),(91,97),(92,98),(93,99),(94,100),(95,101),(95,102),(96,103),(97,104),(98,105),(98,106),(99,107),(101,108),(101,116),(102,109),(102,120),(103,110),(104,111),(105,112),(105,113),(106,114),(107,115),(108,117),(108,118),(109,119),(110,121),(112,122),(113,123),(114,124),(115,125),(116,126),(117,127),(118,128),(119,129),(120,130),(121,131),(122,132),(123,133),(124,134),(125,135),(126,136),(127,137),(129,138),(129,142),(130,139),(131,140),(132,141),(133,143),(134,144),(136,145),(137,146),(138,147),(138,148),(139,149),(140,150),(140,152),(141,151),(142,153),(143,154),(144,155),(145,156),(146,157),(146,158),(147,159),(148,160),(149,161),(150,162),(152,163),(153,164),(154,165),(155,166),(156,167),(157,168),(158,169),(159,170),(160,171),(161,172),(162,173),(163,174),(163,175),(164,176),(165,177),(166,178),(167,179),(169,180),(170,181),(170,182),(171,183),(173,184),(174,185),(174,186),(175,187),(176,188),(176,199),(177,189),(177,194),(178,190),(178,191),(179,192),(179,193),(180,195),(181,196),(182,197),(182,198),(183,200),(184,201),(185,202),(186,203),(186,204),(187,205);
/*!40000 ALTER TABLE `participant_pcode` ENABLE KEYS */;
UNLOCK TABLES;

--
-- Table structure for table `participant_roles`
--

DROP TABLE IF EXISTS `participant_roles`;
/*!40101 SET @saved_cs_client     = @@character_set_client */;
/*!40101 SET character_set_client = utf8 */;
CREATE TABLE `participant_roles` (
  `id` int(10) unsigned NOT NULL AUTO_INCREMENT,
  `name` varchar(255) COLLATE utf8_unicode_ci NOT NULL,
  `level` varchar(255) COLLATE utf8_unicode_ci NOT NULL,
  `created_at` timestamp NOT NULL DEFAULT '0000-00-00 00:00:00',
  `updated_at` timestamp NOT NULL DEFAULT '0000-00-00 00:00:00',
  PRIMARY KEY (`id`),
  UNIQUE KEY `participant_roles_name_level_unique` (`name`,`level`)
) ENGINE=InnoDB AUTO_INCREMENT=3 DEFAULT CHARSET=utf8 COLLATE=utf8_unicode_ci;
/*!40101 SET character_set_client = @saved_cs_client */;

--
-- Dumping data for table `participant_roles`
--

LOCK TABLES `participant_roles` WRITE;
/*!40000 ALTER TABLE `participant_roles` DISABLE KEYS */;
INSERT INTO `participant_roles` VALUES (1,'Supervisor','4','2016-04-28 09:40:54','2016-04-28 09:40:54'),(2,'Enumerator','0','2016-04-28 09:40:54','2016-04-28 09:40:54');
/*!40000 ALTER TABLE `participant_roles` ENABLE KEYS */;
UNLOCK TABLES;

--
-- Table structure for table `participants`
--

DROP TABLE IF EXISTS `participants`;
/*!40101 SET @saved_cs_client     = @@character_set_client */;
/*!40101 SET character_set_client = utf8 */;
CREATE TABLE `participants` (
  `id` int(10) unsigned NOT NULL AUTO_INCREMENT,
  `parent_id` int(11) DEFAULT NULL,
  `avatar` varchar(255) COLLATE utf8_unicode_ci DEFAULT NULL,
  `name` varchar(255) COLLATE utf8_unicode_ci DEFAULT NULL,
  `participant_code` varchar(255) COLLATE utf8_unicode_ci DEFAULT NULL,
  `nrc_id` varchar(255) COLLATE utf8_unicode_ci DEFAULT NULL,
  `email` varchar(255) COLLATE utf8_unicode_ci DEFAULT NULL,
  `race` varchar(255) COLLATE utf8_unicode_ci DEFAULT NULL,
  `education` varchar(255) COLLATE utf8_unicode_ci DEFAULT NULL,
  `bank_info` text COLLATE utf8_unicode_ci NOT NULL,
  `occupation` varchar(255) COLLATE utf8_unicode_ci DEFAULT NULL,
  `dob` date DEFAULT NULL,
  `gender` varchar(255) COLLATE utf8_unicode_ci DEFAULT 'Unspecified',
  `phones` text COLLATE utf8_unicode_ci,
  `address` text COLLATE utf8_unicode_ci NOT NULL,
  `org_id` int(10) unsigned DEFAULT NULL,
  `locations` text COLLATE utf8_unicode_ci NOT NULL,
  `role_id` int(10) unsigned DEFAULT NULL,
  `deleted_at` timestamp NULL DEFAULT NULL,
  `created_at` timestamp NOT NULL DEFAULT '0000-00-00 00:00:00',
  `updated_at` timestamp NOT NULL DEFAULT '0000-00-00 00:00:00',
  PRIMARY KEY (`id`),
  UNIQUE KEY `participants_nrc_id_unique` (`nrc_id`),
  KEY `participants_name_index` (`name`),
  KEY `participants_participant_code_index` (`participant_code`),
  KEY `participants_email_index` (`email`),
  KEY `participants_race_index` (`race`),
  KEY `participants_education_index` (`education`),
  KEY `participants_occupation_index` (`occupation`),
  KEY `participants_org_id_foreign` (`org_id`),
  KEY `participants_role_id_foreign` (`role_id`),
  CONSTRAINT `participants_org_id_foreign` FOREIGN KEY (`org_id`) REFERENCES `organizations` (`id`) ON DELETE CASCADE ON UPDATE CASCADE,
  CONSTRAINT `participants_role_id_foreign` FOREIGN KEY (`role_id`) REFERENCES `participant_roles` (`id`) ON DELETE CASCADE ON UPDATE CASCADE
) ENGINE=InnoDB AUTO_INCREMENT=188 DEFAULT CHARSET=utf8 COLLATE=utf8_unicode_ci;
/*!40101 SET character_set_client = @saved_cs_client */;

--
-- Dumping data for table `participants`
--

LOCK TABLES `participants` WRITE;
/*!40000 ALTER TABLE `participants` DISABLE KEYS */;
INSERT INTO `participants` VALUES (1,NULL,NULL,'Nwe Zin Htet',NULL,NULL,NULL,NULL,NULL,'',NULL,NULL,'Unspecified',NULL,'',1,'',1,NULL,'2016-04-28 09:40:54','2016-04-28 09:40:54'),(2,1,NULL,'Aung Ko Latt','101','14/KaKaNa(N) 099082','0',NULL,NULL,'',NULL,'0000-00-00','M','{\"primary\":\"9792182420\",\"secondary\":\"9792182420\"}','TooMyaung, KwinGyi Village, Kyaunggon Tsp;',1,'',2,NULL,'2016-04-28 09:40:54','2016-04-28 09:51:56'),(3,1,NULL,'Saw Naing Win','102','14/DaNaPha(N)202389','0',NULL,NULL,'',NULL,'0000-00-00','M','{\"primary\":\"9780752205\",\"secondary\":\"0\"}','KyaungPhooSonn Village,  Pantanaw Tsp;',1,'',2,NULL,'2016-04-28 09:40:54','2016-04-28 09:51:56'),(4,1,NULL,'Soe Moe Myat','103','14/DaDaRa(N) 000409','soemoemyat280@gmail.com',NULL,NULL,'',NULL,'0000-00-00','M','{\"primary\":\"9796614904\",\"secondary\":\"0\"}','Ma/335,(2) Ward, Dedaye Tsp;',1,'',2,NULL,'2016-04-28 09:40:54','2016-04-28 09:51:56'),(5,1,NULL,'Soe Moe Aung','104','14/YaKaNa(N)117315','goldenparro11@gmail.com',NULL,NULL,'',NULL,'0000-00-00','M','{\"primary\":\"9788161300\",\"secondary\":\"0\"}','55, Bahtoo Ward, AungSan Street, Yegyi Tsp;',1,'',2,NULL,'2016-04-28 09:40:54','2016-04-28 09:51:56'),(6,1,NULL,'John Hlaing','105','14/DhaNaPha(N)107553','johnhlaing.dnp@gmail.com',NULL,NULL,'',NULL,'0000-00-00','M','{\"primary\":\"9791206188\",\"secondary\":\"0\"}','KyaungPhooSonn Village,  Pantanaw Tsp;',1,'',2,NULL,'2016-04-28 09:40:54','2016-04-28 09:51:56'),(7,1,NULL,'Zaw Moe Htike','106','14/ThaPaNa(N)000404','mrromeo.2nd@gmail.com',NULL,NULL,'',NULL,'0000-00-00','M','{\"primary\":\"9978851955\",\"secondary\":\"0\"}','20, Baho Street, (2) ward, Thabaung Tsp;',1,'',2,NULL,'2016-04-28 09:40:54','2016-04-28 09:51:56'),(8,1,NULL,'Kyi Linn','107','14/LaPaTa(N)153601','0',NULL,NULL,'',NULL,'0000-00-00','M','{\"primary\":\"9976679201\",\"secondary\":\"0\"}','Kanbat Village, Aungthatdi Street, Labutta Tsp',1,'',2,NULL,'2016-04-28 09:40:54','2016-04-28 09:51:56'),(9,1,NULL,'Hein Zin Tun','108','14/KaPaNa(N)116645','0',NULL,NULL,'',NULL,'0000-00-00','M','{\"primary\":\"9794588805\",\"secondary\":\"0\"}','Innye Street, Aung San Ward, Kyonepyaw Tsp;',1,'',2,NULL,'2016-04-28 09:40:54','2016-04-28 09:51:56'),(10,1,NULL,'Hla Myint Tun','109','7/MaRaNa(N)001061','0',NULL,NULL,'',NULL,'0000-00-00','M','{\"primary\":\"9795264950\",\"secondary\":\"\\\\\"}','Painyin, Pain yinn Village, Myanaung Tsp;',1,'',2,NULL,'2016-04-28 09:40:54','2016-04-28 09:51:56'),(11,1,NULL,'Kyaw Soe','110','14/MaMaNa(N)184207','0',NULL,NULL,'',NULL,'0000-00-00','M','{\"primary\":\"931354707\",\"secondary\":\"0\"}','KhaungTaw Street, (2) Ward, Myaungmya Tsp;',1,'',2,NULL,'2016-04-28 09:40:54','2016-04-28 09:51:56'),(12,1,NULL,'Phyo Min Aung','111','12/LaMaTa(N)031572','0',NULL,NULL,'',NULL,'0000-00-00','M','{\"primary\":\"09 7929 65698\",\"secondary\":\"0\"}','Kyatlat Village, Kangyidaunt Tsp;',1,'',2,NULL,'2016-04-28 09:40:54','2016-04-28 09:51:56'),(13,1,NULL,'Aung Phyo Zaw','112','14/MaAhaPa(N)269682','aungkolwin.hrdp@gmail.com',NULL,NULL,'',NULL,'0000-00-00','M','{\"primary\":\"949608675\",\"secondary\":\"936258435\"}','192/ Shawesaydi Street, Hinthada Tsp;',1,'',2,NULL,'2016-04-28 09:40:54','2016-04-28 09:51:56'),(14,1,NULL,'Thant Zin Ko','113','14/WaKhaMa(N)279260','0',NULL,NULL,'',NULL,'0000-00-00','M','{\"primary\":\"9779209277\",\"secondary\":\"0\"}','No(192) Shwe Sayti Street, Hinthada Tsp;',1,'',2,NULL,'2016-04-28 09:40:54','2016-04-28 09:51:56'),(15,1,NULL,'Eaint Khant Zin ','114','14/BaKaLa(N)231110','0',NULL,NULL,'',NULL,'0000-00-00','M','{\"primary\":\"243296094\",\"secondary\":\"0\"}','BaTha Thit, San Bal Gon, Bogale Tsp;',1,'',2,NULL,'2016-04-28 09:40:54','2016-04-28 09:51:56'),(16,1,NULL,'KyawMkn Thet','115','14/PaThaNa(N)006036','0',NULL,NULL,'',NULL,'0000-00-00','M','{\"primary\":\"9794533199\",\"secondary\":\"0\"}','(3) Kyat Ngu, Pathein Tsp;',1,'',2,NULL,'2016-04-28 09:40:54','2016-04-28 09:51:56'),(17,NULL,NULL,'Myat Aung Paing',NULL,NULL,NULL,NULL,NULL,'',NULL,NULL,'Unspecified',NULL,'',1,'',1,NULL,'2016-04-28 09:40:54','2016-04-28 09:40:54'),(18,17,NULL,'Khaing Me Me Htway','116','7/PaKaNa(N)353181','khaingmemehtwe@gmail.com',NULL,NULL,'',NULL,'0000-00-00','F','{\"primary\":\"9792327313\",\"secondary\":\"0\"}','No229, Butar Street, Zai/West, Waw Tsp;',1,'',2,NULL,'2016-04-28 09:40:54','2016-04-28 09:51:56'),(19,17,NULL,'Naw Say Lway','117','7/PhaMaNa(N)079442','0',NULL,NULL,'',NULL,'0000-00-00','F','{\"primary\":\"9961337028\",\"secondary\":\"9972116391\"}','N0159/Khaungtaw(1) Street, KaNyutKwin Sub-Tsp, Kyauktaga Tsp;',1,'',2,NULL,'2016-04-28 09:40:54','2016-04-28 09:51:56'),(20,17,NULL,'Rose','118','7/PaKhaNa(N)231954','0',NULL,NULL,'',NULL,'0000-00-00','F','{\"primary\":\"9428125454\",\"secondary\":\"9786299369\"}','Zai Nourt Ward, Bago Tsp;',1,'',2,NULL,'2016-04-28 09:40:54','2016-04-28 09:51:56'),(21,17,NULL,'San Nyi Nyi Oo','119','PGU-324208','0',NULL,NULL,'',NULL,'0000-00-00','F','{\"primary\":\"9777839868\",\"secondary\":\"9262353826\"}','NO(406)Mazin street, Bago Tsp;',1,'',2,NULL,'2016-04-28 09:40:54','2016-04-28 09:51:56'),(22,17,NULL,'Maung Maung Oo','120','7/PaKhaNa(N)442853','foollay786@gmail.com',NULL,NULL,'',NULL,'0000-00-00','M','{\"primary\":\"9428185543\",\"secondary\":\"0\"}','NO(50)Than Zin street,Daik-U',1,'',2,NULL,'2016-04-28 09:40:54','2016-04-28 09:51:56'),(23,17,NULL,'Ye Min Htet','121','7/RaTaRa(N)134157','0',NULL,NULL,'',NULL,'0000-00-00','M','{\"primary\":\"9972009071\",\"secondary\":\"0\"}','(4) Ward, No(12) Yedashe',1,'',2,NULL,'2016-04-28 09:40:54','2016-04-28 09:51:56'),(24,17,NULL,'Nyin Chan Aung','122','7/TaNgaNa(N)203783','0',NULL,NULL,'',NULL,'0000-00-00','M','{\"primary\":\"9777515708\",\"secondary\":\"0\"}','No30, Thein Mg Srteet,Oktwin',1,'',2,NULL,'2016-04-28 09:40:54','2016-04-28 09:51:56'),(25,NULL,NULL,'Aung Ko Ko',NULL,NULL,NULL,NULL,NULL,'',NULL,NULL,'Unspecified',NULL,'',1,'',1,NULL,'2016-04-28 09:40:54','2016-04-28 09:40:54'),(26,25,NULL,'Han Linn Soe','123','7/ThaWaTa(N)122705','0',NULL,NULL,'',NULL,'0000-00-00','M','{\"primary\":\"9782786012\",\"secondary\":\"0\"}','Butar Win,Thayarwady Tsp;',1,'',2,NULL,'2016-04-28 09:40:54','2016-04-28 09:51:56'),(27,25,NULL,'Yan Kyaw Win Myint','124','7/PaMaNa(N)154624','yankyawwinmyint@gmail.com',NULL,NULL,'',NULL,'0000-00-00','M','{\"primary\":\"9792924928\",\"secondary\":\"9451396319\"}','Si Taw Mingalar Ward, Pyay Tsp;',1,'',2,NULL,'2016-04-28 09:40:54','2016-04-28 09:51:56'),(28,25,NULL,'Than Htike Aung','125','7/ThaKaNa(N)101146','0',NULL,NULL,'',NULL,'0000-00-00','M','{\"primary\":\"9423715380\",\"secondary\":\"9979408825\"}','MauPin Kwe Village tract, Thegone Tsp',1,'',2,NULL,'2016-04-28 09:40:54','2016-04-28 09:51:56'),(29,25,NULL,'Kaung Htet','126','7/ThaWaTa(N)118883','0',NULL,NULL,'',NULL,'0000-00-00','M','{\"primary\":\"9250578967\",\"secondary\":\"0\"}','Sayar San Myo Thit, Thayarwady Tsp',1,'',2,NULL,'2016-04-28 09:40:54','2016-04-28 09:51:56'),(30,25,NULL,'Win Htut Aung','127','7/ThaWaTa(N)118887','0',NULL,NULL,'',NULL,'0000-00-00','M','{\"primary\":\"9253175887\",\"secondary\":\"9973777919\"}','Sayar San Myo Thit, Thayarwady Tsp',1,'',2,NULL,'2016-04-28 09:40:54','2016-04-28 09:51:56'),(31,25,NULL,'Sit Naing Wai','128','7/ThaKaNa(N)078879','0',NULL,NULL,'',NULL,'0000-00-00','M','{\"primary\":\"9977516062\",\"secondary\":\"0\"}','Oktway Village Tract, MinHla Tsp;',1,'',2,NULL,'2016-04-28 09:40:54','2016-04-28 09:51:56'),(32,NULL,NULL,'Kap Lian Tan',NULL,NULL,NULL,NULL,NULL,'',NULL,NULL,'Unspecified',NULL,'',1,'',1,NULL,'2016-04-28 09:40:54','2016-04-28 09:40:54'),(33,32,NULL,'Ni Saing Pal','129','4/PaLaNa(N)040682','maiver0nica9@gmail.com',NULL,NULL,'',NULL,'0000-00-00','F','{\"primary\":\"933397120\",\"secondary\":\"943165388\"}','Tayanlo ward, Falam Tsp;',1,'',2,NULL,'2016-04-28 09:40:54','2016-04-28 09:51:56'),(34,32,NULL,'John lal lian thawng','130','4/PaLaNa(N)045566','johnllth@gmail.com',NULL,NULL,'',NULL,'0000-00-00','M','{\"primary\":\"9258331201\",\"secondary\":\"0\"}','Tayanlo ward, Falam Tsp;',1,'',2,NULL,'2016-04-28 09:40:54','2016-04-28 09:51:56'),(35,32,NULL,'Yan Naung','131','4/MaTaNa(N)041696','0',NULL,NULL,'',NULL,'2033-09-00','M','{\"primary\":\"09 3278 1415\",\"secondary\":\"0\"}','San Taung Ward, Matupi Tsp;',1,'',2,NULL,'2016-04-28 09:40:54','2016-04-28 09:51:56'),(36,NULL,NULL,'Thomas Zaw Ring',NULL,NULL,NULL,NULL,NULL,'',NULL,NULL,'Unspecified',NULL,'',1,'',1,NULL,'2016-04-28 09:40:54','2016-04-28 09:40:54'),(37,36,NULL,'Su Phone Mon','132','1/HaPaNa(N)004038','suphonemon@gmail.com',NULL,NULL,'',NULL,'0000-00-00','F','{\"primary\":\"9793676057\",\"secondary\":\"0\"}','Myathidar(MTD4/67, Hopin, Mohnyin Tsp.',1,'',2,NULL,'2016-04-28 09:40:54','2016-04-28 09:51:56'),(38,36,NULL,'Tin Tin Khaing','133','1/MaKaTa(N)122938','0',NULL,NULL,'',NULL,'0000-00-00','F','{\"primary\":\"9259652070\",\"secondary\":\"9790769013\"}','(4)miles Village tract,Mogaung Tsp',1,'',2,NULL,'2016-04-28 09:40:54','2016-04-28 09:51:56'),(39,36,NULL,'Kum Ra','134','1/MaKaTa(N)132686','hpaunakumra1500@gmail.com',NULL,NULL,'',NULL,'0000-00-00','F','{\"primary\":\"9263381228\",\"secondary\":\"0\"}','Namatee, Lann Kwa,Mogaung Tsp',1,'',2,NULL,'2016-04-28 09:40:54','2016-04-28 09:51:56'),(40,36,NULL,'Seng Aung','135','1/MaKaNa(N)179306','sengaunglahpaisumhka@gmail.com',NULL,NULL,'',NULL,'0000-00-00','M','{\"primary\":\"9402550836\",\"secondary\":\"0\"}','No(255), Lay Kone Ward, Myitkgyina Tsp.',1,'',2,NULL,'2016-04-28 09:40:54','2016-04-28 09:51:56'),(41,36,NULL,'Hpung Zu Hkaw Hting','140','1/PaTaAh(N)046108','0',NULL,NULL,'',NULL,'0000-00-00','M','{\"primary\":\"09 4706 1934\",\"secondary\":\"0\"}','Lung Sha Yang, Puta-O Tsp;',1,'',2,NULL,'2016-04-28 09:40:54','2016-04-28 09:51:56'),(42,36,NULL,'Hkawn San','137','1/MaKaNa(N)176448','0',NULL,NULL,'',NULL,'0000-00-00','F','{\"primary\":\"9259583508\",\"secondary\":\"0\"}','(3)Ward, Waingmaw Tsp;',1,'',2,NULL,'2016-04-28 09:40:54','2016-04-28 09:51:57'),(43,36,NULL,'Htu Raw','138','1/MaKaNa(N)135503','0',NULL,NULL,'',NULL,'0000-00-00','F','{\"primary\":\"9790592197\",\"secondary\":\"0\"}','Jamaikaung Ward, Myitkyina Tsp;',1,'',2,NULL,'2016-04-28 09:40:54','2016-04-28 09:51:56'),(44,36,NULL,'Theint Theint Zaw','139','1/MaSaNa(N)038616','jatsawmpan 442@gmail.com',NULL,NULL,'',NULL,'0000-00-00','F','{\"primary\":\"9790592197\",\"secondary\":\"0\"}','Mansi Tsp;',1,'',2,NULL,'2016-04-28 09:40:54','2016-04-28 09:51:56'),(45,36,NULL,'Dahkum Dee Sar','141','1/KaBaTa(N)010629','0',NULL,NULL,'',NULL,'0000-00-00','M','{\"primary\":\"9787712305\",\"secondary\":\"0\"}','Tatkone Ward, Tarapateeeai, Myitkyina Tsp;',1,'',2,NULL,'2016-04-28 09:40:54','2016-04-28 09:51:57'),(46,36,NULL,'Dahkum Sin Vaeh Sar','142','1/MaKaNa(N)208853','0',NULL,NULL,'',NULL,'2035-03-09','M','{\"primary\":\"9780285615\",\"secondary\":\"0\"}','Tatkonekyiwone Ward, Myitkyina Tsp;',1,'',2,NULL,'2016-04-28 09:40:54','2016-04-28 09:51:57'),(47,NULL,NULL,'Elis Tun',NULL,NULL,NULL,NULL,NULL,'',NULL,NULL,'Unspecified',NULL,'',1,'',1,NULL,'2016-04-28 09:40:54','2016-04-28 09:40:54'),(48,47,NULL,'Naw Phaw Ku Thay','143','2/LaKaNa(N)068415','nawphawkuthay1@gmail.com',NULL,NULL,'',NULL,'0000-00-00','F','{\"primary\":\"931518703\",\"secondary\":\"9780371082\"}','No(383), MinSu Ward, Loikaw Tsp;',1,'',2,NULL,'2016-04-28 09:40:54','2016-04-28 09:51:57'),(49,47,NULL,'Naw Law Eh Say','144','2/PhaSaNa(N)013588','nawlawehsay1679@gmail.com',NULL,NULL,'',NULL,'0000-00-00','F','{\"primary\":\"9780139877\",\"secondary\":\"0\"}','Maw Chi Taungpaw Ywar,(15)Ward, Mawchi ',1,'',2,NULL,'2016-04-28 09:40:54','2016-04-28 09:51:57'),(50,NULL,NULL,'Saw Htet Wai Yan Kyaw',NULL,NULL,NULL,NULL,NULL,'',NULL,NULL,'Unspecified',NULL,'',1,'',1,NULL,'2016-04-28 09:40:54','2016-04-28 09:40:54'),(51,50,NULL,'Saw Maw Gon','145','3/ThaTaNa(N)020086','0',NULL,NULL,'',NULL,'0000-00-00','M','{\"primary\":\"936527622\",\"secondary\":\"0\"}','(3) ward, Thandaunggyi Tsp;',1,'',2,NULL,'2016-04-28 09:40:54','2016-04-28 09:51:57'),(52,50,NULL,'Saw Lal Mu Thay','146','3/KaSaKa(N) 072939','0',NULL,NULL,'',NULL,'0000-00-00','M','{\"primary\":\"0\",\"secondary\":\"0\"}','Kyon Baing Village , Kayainseikgyi',1,'',2,NULL,'2016-04-28 09:40:54','2016-04-28 09:51:57'),(53,50,NULL,'Saw Su May O','272','3/KaSaKa(N) 072961','0',NULL,NULL,'',NULL,'0000-00-00','M','{\"primary\":\"0\",\"secondary\":\"0\"}','Lel Kho Doe Kar Village ,Kayainseikgyi',1,'',2,NULL,'2016-04-28 09:40:54','2016-04-28 09:51:57'),(54,50,NULL,'Saw Aung Kyaw Oo','147','3/ThaTaNa(N)203715','0',NULL,NULL,'',NULL,'0000-00-00','M','{\"primary\":\"9781102557\",\"secondary\":\"0\"}','Latkhundokar Village, Thandaunggyi Tsp;',1,'',2,NULL,'2016-04-28 09:40:54','2016-04-28 09:51:57'),(55,50,NULL,'Saw Sal Gal Htoo','148','3/BaThasa(N) 028513','0',NULL,NULL,'',NULL,'0000-00-00','M','{\"primary\":\"0\",\"secondary\":\"0\"}','MeelaungChaung village, Kyainseikgyi',1,'',2,NULL,'2016-04-28 09:40:54','2016-04-28 09:51:57'),(56,50,NULL,'Saw Pal Htoo Man Oasi','149','3/ThaTaNa(N)022250','0',NULL,NULL,'',NULL,'0000-00-00','M','{\"primary\":\"931185251\",\"secondary\":\"0\"}','Latkhundokar Village, Thandaunggyi Tsp;',1,'',2,NULL,'2016-04-28 09:40:54','2016-04-28 09:51:57'),(57,50,NULL,'Sa Thae Thway','150','3/KaKaRa(N)178152','0',NULL,NULL,'',NULL,'0000-00-00','M','{\"primary\":\"9791602943\",\"secondary\":\"0\"}','Myapatai Village, Kawkareik Tsp;',1,'',2,NULL,'2016-04-28 09:40:54','2016-04-28 09:51:57'),(58,50,NULL,'Saw Chit Paw','151','3/kaKaya(N)233547','0',NULL,NULL,'',NULL,'0000-00-00','M','{\"primary\":\"0\",\"secondary\":\"0\"}','Laungkaung Village track, Naung ta lar Village, Kawkareik Tsp;',1,'',2,NULL,'2016-04-28 09:40:54','2016-04-28 09:51:57'),(59,50,NULL,'Saw Baludo Haytal','152','3/KaSaKa(N)071571','0',NULL,NULL,'',NULL,'0000-00-00','M','{\"primary\":\"94978277\",\"secondary\":\"94905492\"}','Kyainseikgyi Tsp;',1,'',2,NULL,'2016-04-28 09:40:54','2016-04-28 09:51:57'),(60,50,NULL,'Saw Ka Lal Gay','273','3/KaSaKa(N)067060','0',NULL,NULL,'',NULL,'0000-00-00','M','{\"primary\":\"0\",\"secondary\":\"0\"}','MeelaungChaung village, Kyainseikgyi',1,'',2,NULL,'2016-04-28 09:40:54','2016-04-28 09:51:57'),(61,NULL,NULL,'Lu Tint',NULL,NULL,NULL,NULL,NULL,'',NULL,NULL,'Unspecified',NULL,'',1,'',1,NULL,'2016-04-28 09:40:54','2016-04-28 09:40:54'),(62,61,NULL,'Pwint Hlwar Win','153','8/KhaPaNa(N)000106','0',NULL,NULL,'',NULL,'0000-00-00','F','{\"primary\":\"9256317389\",\"secondary\":\"0\"}','No.(1), Zay Tan Hlar, Chauk Tsp;',1,'',2,NULL,'2016-04-28 09:40:54','2016-04-28 09:51:57'),(63,61,NULL,'Hein Thet Naung Soe','154','8/TaTaKa(N)188037','0',NULL,NULL,'',NULL,'0000-00-00','M','{\"primary\":\"09789740799\",\"secondary\":\"0\"}','No.(30), Nga Min Street, Taung Pyin (2) Yet, Taungdwingyi Tsp.',1,'',2,NULL,'2016-04-28 09:40:55','2016-04-28 09:51:57'),(64,61,NULL,'Hla Myint','155','8/NaMaNa(N)004789','0',NULL,NULL,'',NULL,'0000-00-00','M','{\"primary\":\"09257702408\",\"secondary\":\"0\"}','Ta Mar Pin Yet, Natmauk Tsp.',1,'',2,NULL,'2016-04-28 09:40:55','2016-04-28 09:51:57'),(65,61,NULL,'Thet Lwin Soe','156','8/NgaPhaNa(N)036264','0',NULL,NULL,'',NULL,'0000-00-00','M','{\"primary\":\"09793822040\",\"secondary\":\"0\"}','Sone Kone Village, Thar Yar Kone VT, Ngape Tsp;',1,'',2,NULL,'2016-04-28 09:40:55','2016-04-28 09:51:57'),(66,61,NULL,'Aung Ko Khine Min Oo','157','8/KhaMaNa(N)131748','0',NULL,NULL,'',NULL,'0000-00-00','M','{\"primary\":\"09789057460\",\"secondary\":\"0\"}','Pha Eye Village, Sidoktaya Tsp',1,'',2,NULL,'2016-04-28 09:40:55','2016-04-28 09:51:57'),(67,61,NULL,'Htet Wai Lin','158','8/MaTaNa(N)085329','0',NULL,NULL,'',NULL,'0000-00-00','M','{\"primary\":\"0979450540\",\"secondary\":\"0\"}','No.(4) Ward, Mindon Tsp.',1,'',2,NULL,'2016-04-28 09:40:55','2016-04-28 09:51:57'),(68,61,NULL,'Khin Moe Swe','159','8/MaMaNa(N)145960','0',NULL,NULL,'',NULL,'0000-00-00','F','{\"primary\":\"09256452387\",\"secondary\":\"0\"}','Nyaung Oo Toe Village, Htan Pin Kine Village Tract, Myaing Tsp.',1,'',2,NULL,'2016-04-28 09:40:55','2016-04-28 09:51:57'),(69,61,NULL,'Thiri Hay Man Tun','160','8/PaMaNa(N)083297','0',NULL,NULL,'',NULL,'0000-00-00','F','{\"primary\":\"09259197197\",\"secondary\":\"09 7777 64229\"}','Aung Chan Thar Yet. Pauk Tsp.',1,'',2,NULL,'2016-04-28 09:40:55','2016-04-28 09:51:57'),(70,61,NULL,'Sein Tun','161','8/YaSaTa(N)138264','bosein5274@gmail.com',NULL,NULL,'',NULL,'0000-00-00','M','{\"primary\":\"0925779179\",\"secondary\":\"09 7920 33144\"}','Sein Nuu Village, Gangaw Tsp.',1,'',2,NULL,'2016-04-28 09:40:55','2016-04-28 09:51:57'),(71,NULL,NULL,'Kyaw Htut Wynn',NULL,NULL,NULL,NULL,NULL,'',NULL,NULL,'Unspecified',NULL,'',1,'',1,NULL,'2016-04-28 09:40:55','2016-04-28 09:40:55'),(72,71,NULL,'Htet Thura Aung','162','9/KhaMaSa(N)038109','0',NULL,NULL,'',NULL,'0000-00-00','M','{\"primary\":\"9402746571\",\"secondary\":\"9259409206\"}','Room(C-3), No.(3), coner of 68th Steet & Thazin Street, ChanMyaTharSi Tsp.',1,'',2,NULL,'2016-04-28 09:40:55','2016-04-28 09:51:57'),(73,71,NULL,'Cho Cho Aung','163','9/MaMaNa(N)017549','0',NULL,NULL,'',NULL,'0000-00-00','F','{\"primary\":\"9797736200\",\"secondary\":\"0\"}','No. (69), Ward (13), Pyin Oo Lwin Tsp;',1,'',2,NULL,'2016-04-28 09:40:55','2016-04-28 09:51:57'),(74,71,NULL,'Min Naing Oo','164','9/NyaOuNa(N)116463','0',NULL,NULL,'',NULL,'0000-00-00','M','{\"primary\":\"9254350845\",\"secondary\":\"9972690050\"}','Myin Gapar Village, Sein Kone Yet, Nyaung-U Tsp.',1,'',2,NULL,'2016-04-28 09:40:55','2016-04-28 09:51:57'),(75,71,NULL,'Thiha Thin Hlaing','165','9/MaHtaLa(N)229839','0',NULL,NULL,'',NULL,'0000-00-00','M','{\"primary\":\"9402754060\",\"secondary\":\"9975253678\"}','No.(G-1), Prison Officer apartment, Nan Taw Kone Yet, Meiktila Tsp.',1,'',2,NULL,'2016-04-28 09:40:55','2016-04-28 09:51:57'),(76,71,NULL,'Hae Zal','166','9/MaMaNa(N)263020','0',NULL,NULL,'',NULL,'0000-00-00','F','{\"primary\":\"09 4037 19326\",\"secondary\":\"0\"}','No.(123), Yeikthar Street, (6) Ward, Pyinoolwin Tsp;',1,'',2,NULL,'2016-04-28 09:40:55','2016-04-28 09:51:57'),(77,71,NULL,'Myo Min Win','167','9/KaSaNa(N)119448','0',NULL,NULL,'',NULL,'0000-00-00','M','{\"primary\":\"9790132916\",\"secondary\":\"9971562746\"}','Shwe Motehtaw Street, Zaytan Yet, Kyaukse Tsp;',1,'',2,NULL,'2016-04-28 09:40:55','2016-04-28 09:51:57'),(78,71,NULL,'Tin Tin Cho','168','9/MaThaNa(N)108057','0',NULL,NULL,'',NULL,'0000-00-00','F','{\"primary\":\"09 2584 44215\",\"secondary\":\"09 9606 26845\"}','SanPya Tha Htay Ward, Myitta Tsp.',1,'',2,NULL,'2016-04-28 09:40:55','2016-04-28 09:51:57'),(79,71,NULL,'Ko Ko','169','9/MaKhaNa(N)182644','0',NULL,NULL,'',NULL,'0000-00-00','M','{\"primary\":\"9976687762\",\"secondary\":\"9256008202\"}','Sin Hmee Khon Village, Myingyan Tsp.',1,'',2,NULL,'2016-04-28 09:40:55','2016-04-28 09:51:57'),(80,71,NULL,'Myo Kyaw Aung','170','9/TaThaNa(N)115534','0',NULL,NULL,'',NULL,'0000-00-00','M','{\"primary\":\"09 4100 9164\",\"secondary\":\"09 9757 92435\"}','No.(3), Ah Hta Ka North, Taungtha Tsp;',1,'',2,NULL,'2016-04-28 09:40:55','2016-04-28 09:51:57'),(81,71,NULL,'Kaung Myat','171','9/KaPaTa(N)201451','0',NULL,NULL,'',NULL,'0000-00-00','M','{\"primary\":\"09 2562 62417\",\"secondary\":\"09 7954 22051\"}','Nyaung Pin Thar Village, Kyaukpadaung Tsp;',1,'',2,NULL,'2016-04-28 09:40:55','2016-04-28 09:51:57'),(82,71,NULL,'Sai Sai','172','9/TaKaNa(N)025342','0',NULL,NULL,'',NULL,'0000-00-00','M','{\"primary\":\"933366342\",\"secondary\":\"932273491\"}','Ma/432, Kyaw ZinYet, Yamethin Tsp.',1,'',2,NULL,'2016-04-28 09:40:55','2016-04-28 09:51:57'),(83,71,NULL,'Kay Zin Seng','173','9/YaMaTha(N)215778','0',NULL,NULL,'',NULL,'0000-00-00','F','{\"primary\":\"09 3227 3491\",\"secondary\":\"0\"}','Kyaw Zin Yet, Yamethin Tsp.',1,'',2,NULL,'2016-04-28 09:40:55','2016-04-28 09:51:57'),(84,71,NULL,'Pyae Hlyan Tun Wai','174','9/MaLaNa(N)160276','0',NULL,NULL,'',NULL,'0000-00-00','M','{\"primary\":\"09 7987 65467\",\"secondary\":\"09 7803 64140\"}','No.(2) Ward, Mahlaing Tsp.',1,'',2,NULL,'2016-04-28 09:40:55','2016-04-28 09:51:57'),(85,NULL,NULL,'Min Htay Aung@Michael',NULL,NULL,NULL,NULL,NULL,'',NULL,NULL,'Unspecified',NULL,'',1,'',1,NULL,'2016-04-28 09:40:55','2016-04-28 09:40:55'),(86,85,NULL,'Kyaw Saw Lin','175','10/MaLaMa(N)228314','0',NULL,NULL,'',NULL,'0000-00-00','M','{\"primary\":\"9255918660\",\"secondary\":\"0\"}','67/ShweMyagTheri(11) Street, Shwe Myag Their Ward, Mawlamyine Tsp;',1,'',2,NULL,'2016-04-28 09:40:55','2016-04-28 09:51:57'),(87,85,NULL,'Aung Myike Sain','176','10/ThaPhaRa(N)014775','0',NULL,NULL,'',NULL,'2022-04-01','M','{\"primary\":\"9255720440\",\"secondary\":\"99733701801\"}','29/YarzaDarep Street, Thanbyuzauat Tsp;',1,'',2,NULL,'2016-04-28 09:40:55','2016-04-28 09:51:57'),(88,85,NULL,'Zaw One','177','10/PaPhaYa(N)066087','0',NULL,NULL,'',NULL,'0000-00-00','M','{\"primary\":\"9791977059\",\"secondary\":\"0\"}','Han Kan Village , Ye Tsp;',1,'',2,NULL,'2016-04-28 09:40:55','2016-04-28 09:51:57'),(89,85,NULL,'U Ohn Than','178','10/MaLaMa(N)064354','0',NULL,NULL,'',NULL,'0000-00-00','M','{\"primary\":\"9425315882\",\"secondary\":\"9255818822\"}','617/ Myaungtharyar, Thamainwayan Street, Mawlamyine Tsp;',1,'',2,NULL,'2016-04-28 09:40:55','2016-04-28 09:51:57'),(90,85,NULL,'Kyaw Kyaw Oo','179','5/SaKaNa(N) 009649','0',NULL,NULL,'',NULL,'0000-00-00','M','{\"primary\":\"9780589145\",\"secondary\":\"0\"}','No (7) YanMyoAung (4) Ward, Kyaikmaraw Tsp;',1,'',2,NULL,'2016-04-28 09:40:55','2016-04-28 09:51:57'),(91,85,NULL,'Naing Thit Lwin','180','10/KaSaNa(N)0314354','0',NULL,NULL,'',NULL,'0000-00-00','M','{\"primary\":\"9255800246\",\"secondary\":\"0\"}','25/ (1)Ward, Tawkanar Changzon Tsp;',1,'',2,NULL,'2016-04-28 09:40:55','2016-04-28 09:51:57'),(92,85,NULL,'Moe Moe Lwin','181','10/ThaPhaRa(N)102959','0',NULL,NULL,'',NULL,'0000-00-00','F','{\"primary\":\"9786659822\",\"secondary\":\"0\"}','Gontayout ward, Thanbyuzayat Tsp;',1,'',2,NULL,'2016-04-28 09:40:55','2016-04-28 09:51:57'),(93,85,NULL,'Khun That Han','182','10/ThaHtaNa(N)185551','0',NULL,NULL,'',NULL,'2033-02-08','M','{\"primary\":\"9970369288\",\"secondary\":\"0\"}','Tantar Oo Village, Thaton Tsp;',1,'',2,NULL,'2016-04-28 09:40:55','2016-04-28 09:51:57'),(94,85,NULL,'Min Win Tin ','183','10/PaMaNa(N) 014612','0',NULL,NULL,'',NULL,'0000-00-00','M','{\"primary\":\"9784846084\",\"secondary\":\"9784846084\"}','Falm Ward, Zin Kyat, Paung Tsp;',1,'',2,NULL,'2016-04-28 09:40:55','2016-04-28 09:51:57'),(95,85,NULL,'Min Soe Yi','184','10/PaMaNa(N)033203','0',NULL,NULL,'',NULL,'0000-00-00','M','{\"primary\":\"9255906095\",\"secondary\":\"0\"}','Min Street, KaDar Ward, Paung Tsp;',1,'',2,NULL,'2016-04-28 09:40:56','2016-04-28 09:51:58'),(96,85,NULL,'Thway Thway Aye','185','10/ThaHtaNa(N)100057','0',NULL,NULL,'',NULL,'0000-00-00','F','{\"primary\":\"9973435939\",\"secondary\":\"9425266838\"}','ThenAhinSu Village, Kyaikto Tsp;',1,'',2,NULL,'2016-04-28 09:40:56','2016-04-28 09:51:58'),(97,85,NULL,'Aung Htwe','186','10/BaLaNa(N)080595','0',NULL,NULL,'',NULL,'0000-00-00','M','{\"primary\":\"9792238011\",\"secondary\":\"931186921\"}','Shwewaryoung Street, Kantharyar Ward, Bilin Tsp;',1,'',2,NULL,'2016-04-28 09:40:56','2016-04-28 09:51:58'),(98,71,NULL,'Cho Cho Than','187','7/MaLaNa(N)071994','0',NULL,NULL,'',NULL,'0000-00-00','F','{\"primary\":\"09 4207 55583\",\"secondary\":\"0\"}','No. 1st Steet, Pan Khin Ward, Pyinmana Tsp.',1,'',2,NULL,'2016-04-28 09:40:56','2016-04-28 09:51:58'),(99,71,NULL,'Khin Mi Mi Thein','188','12/PaPhaTha(N)010003','0',NULL,NULL,'',NULL,'0000-00-00','F','{\"primary\":\"09 7978 88748\",\"secondary\":\"0\"}','Ma Dee Village, Det Khi Na Thiri Tsp.',1,'',2,NULL,'2016-04-28 09:40:56','2016-04-28 09:51:58'),(100,NULL,NULL,'Thein Maung',NULL,NULL,NULL,NULL,NULL,'',NULL,NULL,'Unspecified',NULL,'',1,'',1,NULL,'2016-04-28 09:40:56','2016-04-28 09:40:56'),(101,100,NULL,'Aung Aung Min','189','11/TaKaNa(N)002148','0',NULL,NULL,'',NULL,'0000-00-00','M','{\"primary\":\"9261835774\",\"secondary\":\"0\"}','Thamtaung Ward, Taungup Tsp;',1,'',2,NULL,'2016-04-28 09:40:56','2016-04-28 09:51:58'),(102,100,NULL,'May Thet Wai','190','11/GaMaNa(N)041644','0',NULL,NULL,'',NULL,'0000-00-00','F','{\"primary\":\"9253882904\",\"secondary\":\"0\"}','Rakhinekato Village, Gwa Tsp;',1,'',2,NULL,'2016-04-28 09:40:56','2016-04-28 09:51:58'),(103,100,NULL,'May Than Myint','191','11/KaTaNa(N)090106','0',NULL,NULL,'',NULL,'0000-00-00','F','{\"primary\":\"9421720929\",\"secondary\":\"0\"}','Myothit Ward, Kyaukaw Tsp;',1,'',2,NULL,'2016-04-28 09:40:56','2016-04-28 09:51:58'),(104,100,NULL,'Tun Tun Aye','192','11/SaTaNa(N)009393','0',NULL,NULL,'',NULL,'0000-00-00','M','{\"primary\":\"9250608209\",\"secondary\":\"0\"}','Sanpya Ward, Sittwe Tsp;',1,'',2,NULL,'2016-04-28 09:40:56','2016-04-28 09:51:58'),(105,100,NULL,'Thazin Tun','193','11/MaTaNa(N)019998','0',NULL,NULL,'',NULL,'0000-00-00','F','{\"primary\":\"9250330052\",\"secondary\":\"0\"}','No(1)ward, Myoma(wast), Maungdaw Tsp;',1,'',2,NULL,'2016-04-28 09:40:56','2016-04-28 09:51:58'),(106,100,NULL,'Shwe Myint','194','11/MaUNa(N)050814','0',NULL,NULL,'',NULL,'0000-00-00','M','{\"primary\":\"9263940680\",\"secondary\":\"0\"}','No(5) ward, Buthidaung Tsp;',1,'',2,NULL,'2016-04-28 09:40:56','2016-04-28 09:51:58'),(107,100,NULL,'Win Myat Sandar Shwe','195','11/kaphana(N) 090515','0',NULL,NULL,'',NULL,'0000-00-00','F','{\"primary\":\"9251138636\",\"secondary\":\"0\"}','Ohn Taw Village, Kyaukpyu Tsp;',1,'',2,NULL,'2016-04-28 09:40:56','2016-04-28 09:51:58'),(108,100,NULL,'Tun Naing','197','11/RaBaNa(N)060947','0',NULL,NULL,'',NULL,'0000-00-00','M','{\"primary\":\"9421749856\",\"secondary\":\"0\"}','N0(5) Thapuchai village, Ramree Tsp;',1,'',2,NULL,'2016-04-28 09:40:56','2016-04-28 09:51:58'),(109,100,NULL,'Khin Lay Nwe ','198','11/ThTaNa(N)072092','0',NULL,NULL,'',NULL,'0000-00-00','F','{\"primary\":\"9263344032\",\"secondary\":\"0\"}','Shwe Chaung Village, Thandwe Tsp;',1,'',2,NULL,'2016-04-28 09:40:56','2016-04-28 09:51:58'),(110,100,NULL,'Hla Win','199','11/MaPaTa(N)004759','0',NULL,NULL,'',NULL,'0000-00-00','M','{\"primary\":\"9421721753\",\"secondary\":\"0\"}','Myothit Ward, Myebon Tsp;',1,'',2,NULL,'2016-04-28 09:40:56','2016-04-28 09:51:59'),(111,NULL,NULL,'Zaw Thurein Tun',NULL,NULL,NULL,NULL,NULL,'',NULL,NULL,'Unspecified',NULL,'',1,'',1,NULL,'2016-04-28 09:40:56','2016-04-28 09:40:56'),(112,111,NULL,'Cho Zin Myint Aung','200','5/MaRaNa(N)219390','0',NULL,NULL,'',NULL,'2034-12-07','F','{\"primary\":\"9420783459\",\"secondary\":\"9795999359\"}','Aung Mingalar Ward, Monywa Tsp;',1,'',2,NULL,'2016-04-28 09:40:56','2016-04-28 09:51:59'),(113,111,NULL,'Aye Lwin','201','5/KaThaNa(N)007162','0',NULL,NULL,'',NULL,'0000-00-00','M','{\"primary\":\"9256068693\",\"secondary\":\"9797812939\"}','Pa Da Myar Ward, Katha Tsp',1,'',2,NULL,'2016-04-28 09:40:56','2016-04-28 09:51:59'),(114,111,NULL,'Myint Aung','202','5/PhaPaNa(N)042622','0',NULL,NULL,'',NULL,'0000-00-00','M','{\"primary\":\"9259206478\",\"secondary\":\"9259970990\"}','Bogoke Street, Kyun Shwe Wah Ward, Paungbyin Tsp.',1,'',2,NULL,'2016-04-28 09:40:56','2016-04-28 09:51:59'),(115,111,NULL,'Ngan Lin Paung','203','5/HaMaNa(N)113223','0',NULL,NULL,'',NULL,'0000-00-00','M','{\"primary\":\"9420086122\",\"secondary\":\"0\"}','Myaenigone Ward, Homalin Tsp;',1,'',2,NULL,'2016-04-28 09:40:56','2016-04-28 09:51:59'),(116,111,NULL,'Aye Min Thant','204','5/KaBaLa(N)105840','0',NULL,NULL,'',NULL,'0000-00-00','M','{\"primary\":\"9259193408\",\"secondary\":\"9265072632\"}','Padauk Kone Village, Khin Oo Tsp;',1,'',2,NULL,'2016-04-28 09:40:56','2016-04-28 09:51:59'),(117,111,NULL,'Lan Sun Myint','205','5/BaTaLa(N)048407','0',NULL,NULL,'',NULL,'0000-00-00','M','{\"primary\":\"9257559215\",\"secondary\":\"0\"}','Butalin Tsp',1,'',2,NULL,'2016-04-28 09:40:57','2016-04-28 09:51:59'),(118,111,NULL,'Aung Soe Lwin','206','5/YaMaPa(N)079897','0',NULL,NULL,'',NULL,'0000-00-00','M','{\"primary\":\"9400401059\",\"secondary\":\"9797118288\"}','Kyae Sar Kya Village, Yinmarbin Tsp',1,'',2,NULL,'2016-04-28 09:40:57','2016-04-28 09:51:59'),(119,111,NULL,'Ko Min','207','8/PaKhaNa(N)230152','0',NULL,NULL,'',NULL,'0000-00-00','M','{\"primary\":\"9787137089\",\"secondary\":\"0\"}','Myothit Ward, Monywa Tsp.',1,'',2,NULL,'2016-04-28 09:40:57','2016-04-28 09:51:59'),(120,111,NULL,'Kyaw Shwe Oo','208','5/AhTaNa(N)048946','0',NULL,NULL,'',NULL,'0000-00-00','M','{\"primary\":\"9400516414\",\"secondary\":\"9781852690\"}','Netmahotekalay Village, Indaw Tsp.',1,'',2,NULL,'2016-04-28 09:40:57','2016-04-28 09:51:59'),(121,111,NULL,'Kyaw Myint','209','5/WaThaNa(N)041488','0',NULL,NULL,'',NULL,'0000-00-00','M','{\"primary\":\"9400432983\",\"secondary\":\"9791502301\"}','Wuntho Tsp.',1,'',2,NULL,'2016-04-28 09:40:57','2016-04-28 09:51:59'),(122,111,NULL,'Htoo Myat','210','5/PaLaBa(N)083645','0',NULL,NULL,'',NULL,'0000-00-00','M','{\"primary\":\"9257610698\",\"secondary\":\"0\"}','Myo Ma Ward, Pinlebu Tsp;',1,'',2,NULL,'2016-04-28 09:40:57','2016-04-28 09:51:59'),(123,111,NULL,'Zaw Myo Chit','211','5/PaLaBa(N)077438','0',NULL,NULL,'',NULL,'0000-00-00','M','{\"primary\":\"947063741\",\"secondary\":\"9797314776\"}','Myoma Ward, Pinlebu Tsp;',1,'',2,NULL,'2016-04-28 09:40:57','2016-04-28 09:51:59'),(124,111,NULL,'Aung Kyaw San','212','5/MaKaNa(N)034111','0',NULL,NULL,'',NULL,'0000-00-00','M','{\"primary\":\"9794333861\",\"secondary\":\"0\"}','Netlu Htiek Pan Ward, Monywa Tsp;',1,'',2,NULL,'2016-04-28 09:40:57','2016-04-28 09:51:59'),(125,111,NULL,'Tun Aung Kyaw','213','5/MaKaNa(N)032312','0',NULL,NULL,'',NULL,'0000-00-00','M','{\"primary\":\"9402792220\",\"secondary\":\"9791358038\"}','Myo Thit Ward, Monywa Tsp.',1,'',2,NULL,'2016-04-28 09:40:57','2016-04-28 09:51:59'),(126,111,NULL,'Lon Nae','214','5/HaMaNa(N)063798','0',NULL,NULL,'',NULL,'0000-00-00','M','{\"primary\":\"9420086122\",\"secondary\":\"9257280689\"}','Myaenigone Ward, Homalin Tsp;',1,'',2,NULL,'2016-04-28 09:40:57','2016-04-28 09:51:59'),(127,111,NULL,'San Lwin Min','215','5/KaThaNa(N)010954','0',NULL,NULL,'',NULL,'0000-00-00','M','{\"primary\":\"9254990188\",\"secondary\":\"Err:512\"}','Kyar Ashae Kone, Ward (5), Katha Tsp;',1,'',2,NULL,'2016-04-28 09:40:57','2016-04-28 09:51:59'),(128,NULL,NULL,'Min Thurein',NULL,NULL,NULL,NULL,NULL,'',NULL,NULL,'Unspecified',NULL,'',1,'',1,NULL,'2016-04-28 09:40:57','2016-04-28 09:40:57'),(129,128,NULL,'Maw Dae','216','13/MaKhaNa(N)012614','0',NULL,NULL,'',NULL,'0000-00-00','M','{\"primary\":\"09 3610 0106\",\"secondary\":\"0\"}','Ward (1), Mongkhet Tsp;',1,'',2,NULL,'2016-04-28 09:40:57','2016-04-28 09:51:59'),(130,128,NULL,'Sai Lon Khan','217','13/KaTaNa(N)135613','0',NULL,NULL,'',NULL,'0000-00-00','M','{\"primary\":\"09 3610 4355\",\"secondary\":\"0\"}','Ward (1) Swan Set Kone, Wal Nain Village, Kengtung Tsp;',1,'',2,NULL,'2016-04-28 09:40:57','2016-04-28 09:51:59'),(131,128,NULL,'Kya Daw Law','218','13/KaTaNa(N)151405','0',NULL,NULL,'',NULL,'0000-00-00','M','{\"primary\":\"09 2504 72873\",\"secondary\":\"0\"}','Thit Kwa Street, Myo Thit Ward, Kengtung Tsp;',1,'',2,NULL,'2016-04-28 09:40:57','2016-04-28 09:51:59'),(132,128,NULL,'Arkar Hlaing','219','13/KaTaNa(N)130158','0',NULL,NULL,'',NULL,'0000-00-00','M','{\"primary\":\"09 2638 39263\",\"secondary\":\"0\"}','Naung Soe Kaung Ward, Kengtung Tsp;',1,'',2,NULL,'2016-04-28 09:40:57','2016-04-28 09:51:59'),(133,128,NULL,'Phyo Ma Ma','220','13/MaSaNa(N)024679','0',NULL,NULL,'',NULL,'0000-00-00','F','{\"primary\":\"936674109\",\"secondary\":\"9451501657\"}','Kyadae Ward, Mongsat Tsp;',1,'',2,NULL,'2016-04-28 09:40:57','2016-04-28 09:51:59'),(134,128,NULL,'Yaw Na','221','13/KaTaNa(N)151469','0',NULL,NULL,'',NULL,'0000-00-00','M','{\"primary\":\"09 2586 21987\",\"secondary\":\"0\"}','Ward (1), Mongkhet Tsp;',1,'',2,NULL,'2016-04-28 09:40:57','2016-04-28 09:51:59'),(135,NULL,NULL,'Nang Kay Thwe',NULL,NULL,NULL,NULL,NULL,'',NULL,NULL,'Unspecified',NULL,'',1,'',1,NULL,'2016-04-28 09:40:57','2016-04-28 09:40:57'),(136,135,NULL,'Dwel Aung','222','13/MaKaTa(N)002663','0',NULL,NULL,'',NULL,'0000-00-00','M','{\"primary\":\"09 2635 47792\",\"secondary\":\"0\"}','Muse Tsp;',1,'',2,NULL,'2016-04-28 09:40:57','2016-04-28 09:51:59'),(137,135,NULL,'Hmine Win Htein','223','13/NaSaNa(N)058004','0',NULL,NULL,'',NULL,'0000-00-00','M','{\"primary\":\"09 4720 0161 (C\\/O)\",\"secondary\":\"0\"}','Manset Village, Namsan Tsp;',1,'',2,NULL,'2016-04-28 09:40:57','2016-04-28 09:51:59'),(138,135,NULL,'Nang Sandi Oo','224','13/KaLaTa(N)034711','0',NULL,NULL,'',NULL,'0000-00-00','F','{\"primary\":\"09 4037 25135\",\"secondary\":\"0\"}','Thar Yar Street, YaKa(10), Lashio Tsp;',1,'',2,NULL,'2016-04-28 09:40:57','2016-04-28 09:51:59'),(139,135,NULL,'Mar Gone','225','13/ThaNaNa(N)070241','0',NULL,NULL,'',NULL,'0000-00-00','M','{\"primary\":\"09 3642 7550\",\"secondary\":\"0\"}','Kaung Haw Village, Hseni Tsp;',1,'',2,NULL,'2016-04-28 09:40:57','2016-04-28 09:51:59'),(140,135,NULL,'Htin Lin','228','13/LaRaNa(N)168555','0',NULL,NULL,'',NULL,'0000-00-00','M','{\"primary\":\"09 4037 13147\",\"secondary\":\"0\"}','Ayeyarwady street, Ward (12), Lashio Tsp;',1,'',2,NULL,'2016-04-28 09:40:57','2016-04-28 09:51:59'),(141,135,NULL,'Nang Than Shwe','227','13/ThaPaNa(N)000963','0',NULL,NULL,'',NULL,'0000-00-00','F','{\"primary\":\"09 2572 59289\",\"secondary\":\"0\"}','Tarmate Village Track, Hsipaw Tsp;',1,'',2,NULL,'2016-04-28 09:40:57','2016-04-28 09:51:59'),(142,135,NULL,'Gan Aung','229','13/KaKhaNa(N)061149','0',NULL,NULL,'',NULL,'0000-00-00','M','{\"primary\":\"09 7881 72879\",\"secondary\":\"0\"}','Sa/132, Kutkai Tsp;',1,'',2,NULL,'2016-04-28 09:40:57','2016-04-28 09:51:59'),(143,135,NULL,'Pyae Phyo Kyaw','230','13/KaMaNa(N)111961','0',NULL,NULL,'',NULL,'0000-00-00','M','{\"primary\":\"09 7988 17239\",\"secondary\":\"0\"}','Pinpop village, Kyaukme Tsp;',1,'',2,NULL,'2016-04-28 09:40:57','2016-04-28 09:51:59'),(144,135,NULL,'Thu Thu Aung','231','13/LaRaNa(P)000972','0',NULL,NULL,'',NULL,'0000-00-00','F','{\"primary\":\"09 4037 29892\",\"secondary\":\"0\"}','Lanmataw street, Ward (1), Lashio Tsp;',1,'',2,NULL,'2016-04-28 09:40:57','2016-04-28 09:51:59'),(145,135,NULL,'Seng Aung','232','13/NaSaNa(N)060222','0',NULL,NULL,'',NULL,'0000-00-00','F','{\"primary\":\"09 4720 0161 (C\\/O)\",\"secondary\":\"0\"}','Taung Kyaw Village, Namhsan Tsp;',1,'',2,NULL,'2016-04-28 09:40:57','2016-04-28 09:51:59'),(146,135,NULL,'Sai Khan Aung','233','13/TaYaNa(N)055958','0',NULL,NULL,'',NULL,'0000-00-00','M','{\"primary\":\"09 2561 33061\",\"secondary\":\"0\"}','YaKa(5), Tangyan Tsp;',1,'',2,NULL,'2016-04-28 09:40:57','2016-04-28 09:51:59'),(147,135,NULL,'Sai Maung Hlyan','234','13/MaSaTa(N)051398','0',NULL,NULL,'',NULL,'0000-00-00','M','{\"primary\":\"9786270810\",\"secondary\":\"0\"}','Manhaunglwe Village, Muse Tsp;',1,'',2,NULL,'2016-04-28 09:40:57','2016-04-28 09:51:59'),(148,135,NULL,'Nyo Nyo San','235','13/NaKhaTa(N)054653','0',NULL,NULL,'',NULL,'0000-00-00','F','{\"primary\":\"9779384328\",\"secondary\":\"0\"}','Kyauk Taw Village, Nawnghkio Tsp;',1,'',2,NULL,'2016-04-28 09:40:57','2016-04-28 09:51:59'),(149,135,NULL,'Sai Sae Naw','236','13/TaYaNa(N)054907','0',NULL,NULL,'',NULL,'0000-00-00','M','{\"primary\":\"9777949214\",\"secondary\":\"0\"}','118, RaKa(2), Tangyan Tsp;',1,'',2,NULL,'2016-04-28 09:40:57','2016-04-28 09:51:59'),(150,135,NULL,'Nang Ei Ei Nyein','237','13/LaRaNa(N)141413','0',NULL,NULL,'',NULL,'0000-00-00','F','{\"primary\":\"09 2590 41695\",\"secondary\":\"0\"}','Butar Street, YaKa(10), Lashio Tsp;',1,'',2,NULL,'2016-04-28 09:40:57','2016-04-28 09:51:59'),(151,NULL,NULL,'Khun Zaw',NULL,NULL,NULL,NULL,NULL,'',NULL,NULL,'Unspecified',NULL,'',1,'',1,NULL,'2016-04-28 09:40:57','2016-04-28 09:40:57'),(152,151,NULL,'Wint Wah Tun','238','0','0',NULL,NULL,'',NULL,'0000-00-00','F','{\"primary\":\"92580210\",\"secondary\":\"0\"}','Thit Ae Bin Village, Pindaya Tsp;',1,'',2,NULL,'2016-04-28 09:40:57','2016-04-28 09:51:59'),(153,151,NULL,'Than Soe Aung','239','13/NaSaNa(N)023145','0',NULL,NULL,'',NULL,'0000-00-00','M','{\"primary\":\"9253190531\",\"secondary\":\"0\"}','Nantsan Tsp.',1,'',2,NULL,'2016-04-28 09:40:57','2016-04-28 09:51:59'),(154,151,NULL,'Khun Ohn Hlaing','240','13/LaLaNa(N)100292','0',NULL,NULL,'',NULL,'0000-00-00','M','{\"primary\":\"9258973070\",\"secondary\":\"0\"}','Eain Chit Village, Khouk Nwet Village Tract, Loilen Tsp;',1,'',2,NULL,'2016-04-28 09:40:57','2016-04-28 09:51:59'),(155,151,NULL,'Myo Aung','241','9/NyaOuNa(N)135215','0',NULL,NULL,'',NULL,'0000-00-00','M','{\"primary\":\"9250845949\",\"secondary\":\"9252819901\"}','Kin Ton Village, Mongnai Tsp;',1,'',2,NULL,'2016-04-28 09:40:57','2016-04-28 09:51:59'),(156,151,NULL,'Kyaw Naing Lin','242','9/MaHtaLa(N)143795','0',NULL,NULL,'',NULL,'0000-00-00','M','{\"primary\":\"9252532686\",\"secondary\":\"0\"}','Kin Ton Village, Mongnai Tsp;',1,'',2,NULL,'2016-04-28 09:40:57','2016-04-28 09:51:59'),(157,151,NULL,'Nang Kyun','243','13/SaSaNa(N)081379','0',NULL,NULL,'',NULL,'0000-00-00','F','{\"primary\":\"9262719465\",\"secondary\":\"936355952\"}','Yae Htwet Oo Street, Phyar Phyu Ward, Taunggyi Tsp;',1,'',2,NULL,'2016-04-28 09:40:57','2016-04-28 09:51:59'),(158,151,NULL,'Nang Eain Htaung','244','13/KaTaLa(N)010603','0',NULL,NULL,'',NULL,'0000-00-00','F','{\"primary\":\"9793669245\",\"secondary\":\"9256455184\"}','Naung Pyit Village, Kyauk Talone Sub-Tsp, Taunggyi Tsp;',1,'',2,NULL,'2016-04-28 09:40:57','2016-04-28 09:51:59'),(159,151,NULL,'Khun Kyaw Soe','245','13/HaPaNa(N)059535','0',NULL,NULL,'',NULL,'0000-00-00','M','{\"primary\":\"9401625154\",\"secondary\":\"0\"}','Yan Kin Village, Hopong Tsp;',1,'',2,NULL,'2016-04-28 09:40:57','2016-04-28 09:51:59'),(160,151,NULL,'Nang Khan Shwe','246','13/HaPaNa(N)080267','0',NULL,NULL,'',NULL,'0000-00-00','F','{\"primary\":\"9263601470\",\"secondary\":\"0\"}','Kyauk Tan Village, Hopone Tsp;',1,'',2,NULL,'2016-04-28 09:40:57','2016-04-28 09:51:59'),(161,151,NULL,'Nang Khan Kon','247','13/SaSaNa(N)048066','0',NULL,NULL,'',NULL,'0000-00-00','F','{\"primary\":\"9781900645\",\"secondary\":\"9976722379\"}','Mya Kan Thar Ward, Hsihseng Tsp;',1,'',2,NULL,'2016-04-28 09:40:57','2016-04-28 09:51:59'),(162,151,NULL,'Aung Kyaw Tint','248','13/KaLaNa(N)064876','0',NULL,NULL,'',NULL,'0000-00-00','M','{\"primary\":\"9979852023\",\"secondary\":\"9792772753\"}','Aung Pan Town, Kawlaw Tsp;',1,'',2,NULL,'2016-04-28 09:40:57','2016-04-28 09:51:59'),(163,151,NULL,'Khun Soe Oo','249','13/PaLaNa(N)094054','0',NULL,NULL,'',NULL,'0000-00-00','M','{\"primary\":\"9780845843\",\"secondary\":\"9250478983\"}','Takumyuu Village, Pinlaung Tsp;',1,'',2,NULL,'2016-04-28 09:40:57','2016-04-28 09:51:59'),(164,151,NULL,'Khin Maung Tun','250','12/LaKaNa(N)186294','0',NULL,NULL,'',NULL,'0000-00-00','M','{\"primary\":\"9250252398\",\"secondary\":\"0\"}','No.(4) Ward, Kunhing Tsp;',1,'',2,NULL,'2016-04-28 09:40:57','2016-04-28 09:51:59'),(165,151,NULL,'Khun Maung Doke','251','13/LaLaNa(N)098327','0',NULL,NULL,'',NULL,'0000-00-00','M','{\"primary\":\"9781465925\",\"secondary\":\"9262115957\"}','Don Ta Phuu Village, Htaung Nout Village Tract, Loilen Tsp;',1,'',2,NULL,'2016-04-28 09:40:57','2016-04-28 09:51:59'),(166,151,NULL,'Nang Nu Nwe ','252','13/TaKaNa(N)265376','0',NULL,NULL,'',NULL,'0000-00-00','F','{\"primary\":\"9453866348\",\"secondary\":\"9794088922\"}','Pin Sein Pan Village, Taung Gyi Tsp;',1,'',2,NULL,'2016-04-28 09:40:57','2016-04-28 09:51:59'),(167,151,NULL,'Hlaing Myit Oo','253','9/ThaSaNa(N)151382','0',NULL,NULL,'',NULL,'0000-00-00','M','{\"primary\":\"9250845959\",\"secondary\":\"0\"}','Kin Ton Village, Mongnai Tsp;',1,'',2,NULL,'2016-04-28 09:40:57','2016-04-28 09:51:59'),(168,NULL,NULL,'Than Win',NULL,NULL,NULL,NULL,NULL,'',NULL,NULL,'Unspecified',NULL,'',1,'',1,NULL,'2016-04-28 09:40:57','2016-04-28 09:40:57'),(169,168,NULL,'Hay Hnin Moe','254','6/MaMaNa(N)162550','0',NULL,NULL,'',NULL,'2034-03-07','F','{\"primary\":\"09-790189936\",\"secondary\":\"0\"}','No (24),Myo pa Street,Myo Ma(1),Myike South Ward, Myeik Tsp;',1,'',2,NULL,'2016-04-28 09:40:57','2016-04-28 09:51:59'),(170,168,NULL,'Kyaw Thu','255','6/RaPhaNa(N)078222','0',NULL,NULL,'',NULL,'0000-00-00','M','{\"primary\":\"09-971958513\",\"secondary\":\"0\"}','Ya Nge Village Tract, Yephyu Tsp;',1,'',2,NULL,'2016-04-28 09:40:57','2016-04-28 09:51:59'),(171,168,NULL,'Aung Pyi Soe','256','6/TaThaRa(N)054485','0',NULL,NULL,'',NULL,'0000-00-00','M','{\"primary\":\"09-451636706\",\"secondary\":\"0\"}','Healthy Street, Nyaung Pin Kwe Village tract, Tanaytharyi Tsp;',1,'',2,NULL,'2016-04-28 09:40:57','2016-04-28 09:51:59'),(172,NULL,NULL,'Min Zaw',NULL,NULL,NULL,NULL,NULL,'',NULL,NULL,'Unspecified',NULL,'',1,'',1,NULL,'2016-04-28 09:40:58','2016-04-28 09:40:58'),(173,172,NULL,'Sai Pyae Phyo Hun','257','12/RaPaTha(N)065904','cosai007@gmail.com',NULL,NULL,'',NULL,'0000-00-00','M','{\"primary\":\"9799767169\",\"secondary\":\"0\"}','No(4),Danuphyu Street, Shwe Pyi thar Tsp;',1,'',2,NULL,'2016-04-28 09:40:58','2016-04-28 09:52:00'),(174,172,NULL,'Mya Htet Htet Min','258','12/MaGaDa(N)162328','0',NULL,NULL,'',NULL,'0000-00-00','F','{\"primary\":\"9250521294\",\"secondary\":\"9795499964\"}','Htaunk Kya Toe Che Ward, Mingalardon Tsp;',1,'',2,NULL,'2016-04-28 09:40:58','2016-04-28 09:52:00'),(175,172,NULL,'Kyaw Myo Oo','259','12/TaKaNa(N)133654','0',NULL,NULL,'',NULL,'0000-00-00','M','{\"primary\":\"931938029\",\"secondary\":\"0\"}','Bochaunkaungsan Ward, Okkan, Taikgyi Tsp;',1,'',2,NULL,'2016-04-28 09:40:58','2016-04-28 09:52:00'),(176,172,NULL,'Aung Kywe Soe','260','12/HtaTaPa(N)059565','0',NULL,NULL,'',NULL,'0000-00-00','M','{\"primary\":\"95170467\",\"secondary\":\"997481567\"}','No(388/B),Padaunk(2)Street,(8)Wrad,Myothit,Insein',1,'',2,NULL,'2016-04-28 09:40:58','2016-04-28 09:52:00'),(177,172,NULL,'Aung Min Tun','261','12/ThaKaTa(N)190224','freedomboy2020.f2@gmail.com',NULL,NULL,'',NULL,'0000-00-00','M','{\"primary\":\"9974717425\",\"secondary\":\"9250679066\"}','No(978), YanPyae(4)Street, West(2), South Ward, Thaketa Tsp;',1,'',2,NULL,'2016-04-28 09:40:58','2016-04-28 09:52:00'),(178,172,NULL,'Su Wai Nadar','262','12/DaGaRa(N)021327','suwainandar@gmail.com',NULL,NULL,'',NULL,'0000-00-00','F','{\"primary\":\"9256224881\",\"secondary\":\"9448003449\"}','No(15),Bosawnaung Street, Ward (8), Dagon (East) Tsp;',1,'',2,NULL,'2016-04-28 09:40:58','2016-04-28 09:52:00'),(179,172,NULL,'May May Khin','263','12/MaGaTa(N)095200','0',NULL,NULL,'',NULL,'0000-00-00','F','{\"primary\":\"9421156129\",\"secondary\":\"0\"}','No(653),Yuzana, Ward (25), Dagon(south) Tsp;',1,'',2,NULL,'2016-04-28 09:40:58','2016-04-28 09:52:00'),(180,172,NULL,'Zin Zin Aung','264','12/ThaKaTa(N)186388','0',NULL,NULL,'',NULL,'0000-00-00','F','{\"primary\":\"9420250452\",\"secondary\":\"0\"}','Dagon(North)',1,'',2,NULL,'2016-04-28 09:40:58','2016-04-28 09:52:00'),(181,172,NULL,'Htay Htay Tin','265','12/SGG(N)153858','0',NULL,NULL,'',NULL,'0000-00-00','F','{\"primary\":\"9795815983\",\"secondary\":\"0\"}','N0(29), Sitaung Street, Peal Myo Thit,Mingalardon',1,'',2,NULL,'2016-04-28 09:40:58','2016-04-28 09:52:00'),(182,172,NULL,'Phyu Mar Win','266','12/OuTaKa(N)118263','0',NULL,NULL,'',NULL,'0000-00-00','F','{\"primary\":\"9792918614\",\"secondary\":\"0\"}','No(286),20 Ward, Dagon(south)',1,'',2,NULL,'2016-04-28 09:40:58','2016-04-28 09:52:00'),(183,172,NULL,'Wanna Zaw','267','12/ThaKhaNa(N)136555','0',NULL,NULL,'',NULL,'0000-00-00','M','{\"primary\":\"931357590\",\"secondary\":\"9793280419\"}','No(1)Ward, Thongwa ',1,'',2,NULL,'2016-04-28 09:40:58','2016-04-28 09:52:00'),(184,172,NULL,'Zaw Moe Khaing','268','12/TaTaNa(N)036995','0',NULL,NULL,'',NULL,'0000-00-00','M','{\"primary\":\"9791992143\",\"secondary\":\"0\"}','Natsin Lann Thwe, Kungyan Middle Ward, Twantay Tsp',1,'',2,NULL,'2016-04-28 09:40:59','2016-04-28 09:52:01'),(185,172,NULL,'Aung Ko Latt','269','12/TaTaNa(N)005627','0',NULL,NULL,'',NULL,'0000-00-00','M','{\"primary\":\"09 7992 90510\",\"secondary\":\"0\"}','Ahnaungyahtar Street, Kungyan Middle Ward, Twantay Tsp',1,'',2,NULL,'2016-04-28 09:40:59','2016-04-28 09:52:01'),(186,172,NULL,'San Oo','270','12/KaKhaKa(N)054059','0',NULL,NULL,'',NULL,'0000-00-00','M','{\"primary\":\"9799390247\",\"secondary\":\"0\"}','No(649),Myothit Ward,Kungyangon',1,'',2,NULL,'2016-04-28 09:40:59','2016-04-28 09:52:01'),(187,172,NULL,'Aye Mya Mya Soe','271','12/ThaKaTa(N)189091','ayemyamyasoe87@gmail.com',NULL,NULL,'',NULL,'0000-00-00','F','{\"primary\":\"9798167768\",\"secondary\":\"9255877941\"}','No(255),Thitsar Street, Kungyangon Village tract, Thalyin',1,'',2,NULL,'2016-04-28 09:40:59','2016-04-28 09:52:01');
/*!40000 ALTER TABLE `participants` ENABLE KEYS */;
UNLOCK TABLES;

--
-- Table structure for table `password_resets`
--

DROP TABLE IF EXISTS `password_resets`;
/*!40101 SET @saved_cs_client     = @@character_set_client */;
/*!40101 SET character_set_client = utf8 */;
CREATE TABLE `password_resets` (
  `email` varchar(255) COLLATE utf8_unicode_ci NOT NULL,
  `token` varchar(255) COLLATE utf8_unicode_ci NOT NULL,
  `created_at` timestamp NOT NULL DEFAULT '0000-00-00 00:00:00',
  KEY `password_resets_email_index` (`email`),
  KEY `password_resets_token_index` (`token`)
) ENGINE=InnoDB DEFAULT CHARSET=utf8 COLLATE=utf8_unicode_ci;
/*!40101 SET character_set_client = @saved_cs_client */;

--
-- Dumping data for table `password_resets`
--

LOCK TABLES `password_resets` WRITE;
/*!40000 ALTER TABLE `password_resets` DISABLE KEYS */;
/*!40000 ALTER TABLE `password_resets` ENABLE KEYS */;
UNLOCK TABLES;

--
-- Table structure for table `pcode`
--

DROP TABLE IF EXISTS `pcode`;
/*!40101 SET @saved_cs_client     = @@character_set_client */;
/*!40101 SET character_set_client = utf8 */;
CREATE TABLE `pcode` (
  `id` int(10) unsigned NOT NULL AUTO_INCREMENT,
  `org_id` int(10) unsigned NOT NULL,
  `pcode` varchar(255) COLLATE utf8_unicode_ci NOT NULL,
  `type` varchar(255) COLLATE utf8_unicode_ci NOT NULL,
  `ueccode` varchar(255) COLLATE utf8_unicode_ci NOT NULL,
  `village` text COLLATE utf8_unicode_ci NOT NULL,
  `village_tract` text COLLATE utf8_unicode_ci NOT NULL,
  `township` text COLLATE utf8_unicode_ci NOT NULL,
  `district` text COLLATE utf8_unicode_ci NOT NULL,
  `state` text COLLATE utf8_unicode_ci NOT NULL,
  `country` text COLLATE utf8_unicode_ci NOT NULL,
  `isocode` varchar(255) COLLATE utf8_unicode_ci DEFAULT 'MM',
  `lon` double(8,2) DEFAULT NULL,
  `lat` double(8,2) DEFAULT NULL,
  PRIMARY KEY (`id`),
  UNIQUE KEY `pcode_org_id_pcode_unique` (`org_id`,`pcode`),
  CONSTRAINT `pcode_org_id_foreign` FOREIGN KEY (`org_id`) REFERENCES `organizations` (`id`) ON DELETE CASCADE ON UPDATE CASCADE
) ENGINE=InnoDB AUTO_INCREMENT=206 DEFAULT CHARSET=utf8 COLLATE=utf8_unicode_ci;
/*!40101 SET character_set_client = @saved_cs_client */;

--
-- Dumping data for table `pcode`
--

LOCK TABLES `pcode` WRITE;
/*!40000 ALTER TABLE `pcode` DISABLE KEYS */;
INSERT INTO `pcode` VALUES (1,1,'10001','','','Ta Loke Kone Ward','Kyaunggon Town','Kyaunggon','Pathein','Ayeyarwady','MM','MM',NULL,NULL),(2,1,'10002','','','No (6) Ward','Nyaungdon Town','Nyaungdon','Maubin','Ayeyarwady','','MM',NULL,NULL),(3,1,'10003','','','No (3) Ward','Dedaye Town','Dedaye','Pyapon','Ayeyarwady','','MM',NULL,NULL),(4,1,'10004','','','Ah Su Gyi/Kaung Su','Htan Kyun Seik Thar','Yegyi','Pathein','Ayeyarwady','','MM',NULL,NULL),(5,1,'10005','','','Ka Nyin Ngu','Ka Nyin Ngu','Pantanaw','Maubin','Ayeyarwady','','MM',NULL,NULL),(6,1,'10006','','','Maung Hnit Ma Kone','Khway Koke','Thabaung','Pathein','Ayeyarwady','','MM',NULL,NULL),(7,1,'10007','','','War Boe Kone','Kone Gyi','Labutta','Labutta','Ayeyarwady','','MM',NULL,NULL),(8,1,'10008','','','Ma Gyi La Har','Kyon Ma Yan','Kyonpyaw','Pathein','Ayeyarwady','','MM',NULL,NULL),(9,1,'10009','','','Thit Seint Pin Kone','Kyu Taw','Myanaung','Hinthada','Ayeyarwady','','MM',NULL,NULL),(10,1,'10010','','','Kyun Ka Lay','Kyun Ka Lay','Myaungmya','Myaungmya','Ayeyarwady','','MM',NULL,NULL),(11,1,'10011','','','Hnget Pyaw Taw','Nyaung Pin Thar','Kangyidaunt','Pathein','Ayeyarwady','','MM',NULL,NULL),(12,1,'10012','','','Nyaung Waing','Nyaung Waing','Myanaung','Hinthada','Ayeyarwady','','MM',NULL,NULL),(13,1,'10013','','','Ohn Pin Su','Sun Ta Nee','Nyaungdon','Maubin','Ayeyarwady','','MM',NULL,NULL),(14,1,'10014','','','Leik Chaung (East)','Thin Gan Taw (Leik Chaung)','Hinthada','Hinthada','Ayeyarwady','','MM',NULL,NULL),(15,1,'10015','','','U Gyi Taw','U Gyi Taw','Wakema','Myaungmya','Ayeyarwady','','MM',NULL,NULL),(16,1,'10016','','','Nyaung Ngu','Yae Tar Gyi','Kyaunggon','Pathein','Ayeyarwady','','MM',NULL,NULL),(17,1,'10017','','','Ngar Kwet (West)','Sat Kyun','Bogale','Pyapon','Ayeyarwady','','MM',NULL,NULL),(18,1,'10018','','','U To','Chaung Thar','Pathein','Pathein','Ayeyarwady','','MM',NULL,NULL),(19,1,'11019','','','Nyaung Waing (South) Ward','Bago Town','Bago','Bago','Bago (East)','','MM',NULL,NULL),(20,1,'11020','','','Than Ma Ni Ward','Penwegon  Town','Kyauktaga','Bago','Bago (East)','','MM',NULL,NULL),(21,1,'11021','','','Taik Gyi','Zaung Tu','Bago','Bago','Bago (East)','','MM',NULL,NULL),(22,1,'11022','','','Thein Kan','Nyaung Kaing','Waw','Bago','Bago (East)','','MM',NULL,NULL),(23,1,'11023','','','Auk Pan Nyo','Ah  Htet Pan Nyo','Waw','Bago','Bago (East)','','MM',NULL,NULL),(24,1,'11024','','','Tha Yet Oke','Kyein Khar Kone','Kyauktaga','Bago','Bago (East)','','MM',NULL,NULL),(25,1,'11025','','','Ywar Thit','Hpa Aung Su','Daik-U','Bago','Bago (East)','','MM',NULL,NULL),(26,1,'11026','','','In Daing','In Daing','Yedashe','Taungoo','Bago (East)','','MM',NULL,NULL),(27,1,'11027','','','Kyaung Su','Zee Hpyu Thaung','Oktwin','Taungoo','Bago (East)','','MM',NULL,NULL),(28,1,'12028','','','Tha Khut Kone Ward','Thonse  Town','Thayarwady','Thayarwady','Bago (West)','','MM',NULL,NULL),(29,1,'12029','','','Kone Thar Lin (Kone Tha Lin)','Kone Thar Lin','Pyay','Pyay','Bago (West)','','MM',NULL,NULL),(30,1,'12030','','','Hnget Pyan','Min Kun','Shwedaung','Pyay','Bago (West)','','MM',NULL,NULL),(31,1,'12031','','','Ma Yan Inn','Hle Lan Ku','Thayarwady','Thayarwady','Bago (West)','','MM',NULL,NULL),(32,1,'12032','','','Tha Khut Kone','Si Pin','Thayarwady','Thayarwady','Bago (West)','','MM',NULL,NULL),(33,1,'12033','','','Pa De Kaw Ywar Ma','War Yon Pin Zin','Letpadan','Thayarwady','Bago (West)','','MM',NULL,NULL),(34,1,'13034','','','Var Sa Khan','C. Zamual','Falam','Falam','Chin','','MM',NULL,NULL),(35,1,'13035','','','Kimniang','Webula','Falam','Falam','Chin','','MM',NULL,NULL),(36,1,'13036','','','Twi Sawt Kone','Twi Sawt Kone','Paletwa','Mindat','Chin','','MM',NULL,NULL),(37,1,'14037','','','Myo Ma (South) Ward','Hopin Town','Mohnyin','Mohnyin','Kachin','','MM',NULL,NULL),(38,1,'14038','','','Ah Shey Ward','Mogaung Town','Mogaung','Mohnyin','Kachin','','MM',NULL,NULL),(39,1,'14039','','','Zay Kone Ward','Mogaung Town','Mogaung','Mohnyin','Kachin','','MM',NULL,NULL),(40,1,'14040','','','Aung Chan Thar Ward','Lwegel Town','Momauk','Bhamo','Kachin','','MM',NULL,NULL),(41,1,'14041','','','No (4) Ward','Nawngmun Town','Nawngmun','Puta-O','Kachin','','MM',NULL,NULL),(42,1,'14042','','','La Gan Kawng','Khum Bwe U Ma','Injangyang','Myitkyina','Kachin','','MM',NULL,NULL),(43,1,'14043','','','Ka Ri Ka Htaung','In Gum La','Injangyang','Myitkyina','Kachin','','MM',NULL,NULL),(44,1,'14044','','','Sa Ga','Mai Bat','Mansi','Bhamo','Kachin','','MM',NULL,NULL),(45,1,'14045','','','Ma Kat Mon','Ma Kat Mon','Puta-O','Puta-O','Kachin','','MM',NULL,NULL),(46,1,'14046','','','Da Har Wan','Yat Mar','Khaunglanhpu','Puta-O','Kachin','','MM',NULL,NULL),(47,1,'14047','','','An Na','Khin Lum','Khaunglanhpu','Puta-O','Kachin','','MM',NULL,NULL),(48,1,'14048','','','Shing Bway Ga','Sha Re U Ma','Injangyang','Myitkyina','Kachin','','MM',NULL,NULL),(49,1,'15049','','','Pan Pet Pei Ma Saung','Pan Pet','Demoso','Loikaw','Kayah','','MM',NULL,NULL),(50,1,'15050','','','Ta Nan Lawt','Mawchi','Hpasawng','Bawlake','Kayah','','MM',NULL,NULL),(51,1,'16051','','','No (5) Ward','Thandaunggyi Town','Thandaunggyi','Hpa-An','Kayin','','MM',NULL,NULL),(52,1,'16052','','','No (2) Ward','Kyaikdon Town','Kyainseikgyi','Kawkareik','Kayin','','MM',NULL,NULL),(53,1,'16053','','','Thone Taing','Kyar Inn Shwe Doe','Kyainseikgyi','Kawkareik','Kayin','','MM',NULL,NULL),(54,1,'16054','','','Kyon Kha Nat','Ta Dar U','Hpa-An','Hpa-An','Kayin','','MM',NULL,NULL),(55,1,'16055','','','Si Son','Da Noe','Kyainseikgyi','Kawkareik','Kayin','','MM',NULL,NULL),(56,1,'16056','','','Ka Mu Do','Lel Kho Doe Kar','Thandaunggyi','Hpa-An','Kayin','','MM',NULL,NULL),(57,1,'16057','','','Nyaung Kone','Kyon Baing','Kawkareik','Kawkareik','Kayin','','MM',NULL,NULL),(58,1,'16058','','','Pet Ka Rar','Ka Nyin Ka Taik','Kawkareik','Kawkareik','Kayin','','MM',NULL,NULL),(59,1,'16059','','','Mee Oke','Kyun Chaung','Kyainseikgyi','Kawkareik','Kayin','','MM',NULL,NULL),(60,1,'16060','','','To Khee','Ka Mawt Thea (Win Lon)','Kyainseikgyi','Kawkareik','Kayin','','MM',NULL,NULL),(61,1,'17061','','','No (6) Ward','Chauk Town','Chauk','Magway','Magway','','MM',NULL,NULL),(62,1,'17062','','','Zay Ya Wa Di Ward','Aunglan Town','Aunglan','Thayet','Magway','','MM',NULL,NULL),(63,1,'17063','','','Htan Pin Kone','Nyar Ga Moe','Taungdwingyi','Magway','Magway','','MM',NULL,NULL),(64,1,'17064','','','Shwe Tho','Su Tat Gyi','Myothit','Magway','Magway','','MM',NULL,NULL),(65,1,'17065','','','Ywar Thit','Kyauk Tan','Natmauk','Magway','Magway','','MM',NULL,NULL),(66,1,'17066','','','Pan Tein','Pan Tein','Ngape','Minbu','Magway','','MM',NULL,NULL),(67,1,'17067','','','Lone Gyi (East)','Lone Gyi','Sidoktaya','Minbu','Magway','','MM',NULL,NULL),(68,1,'17068','','','Myone Wa (South)','Myone Wa','Mindon','Thayet','Magway','','MM',NULL,NULL),(69,1,'17069','','','Ywar Thit','Inn Yaung','Myaing','Pakokku','Magway','','MM',NULL,NULL),(70,1,'17070','','','Kyun Taw','Sa Hpe','Pauk','Pakokku','Magway','','MM',NULL,NULL),(71,1,'17071','','','Ka Zwe','Pay Taw','Seikphyu','Pakokku','Magway','','MM',NULL,NULL),(72,1,'17072','','','Lel Ma','Lel Ma','Gangaw','Gangaw','Magway','','MM',NULL,NULL),(73,1,'18073','','','Thi Ri Mar Lar (East) Ward','Aungmyaythazan Town','Aungmyaythazan','Mandalay','Mandalay','','MM',NULL,NULL),(74,1,'18074','','','Sein Pan Ward','Mahaaungmyay Town','Mahaaungmyay','Mandalay','Mandalay','','MM',NULL,NULL),(75,1,'18075','','','Yat Kwet Gyi (11) Ward','Pyinoolwin Town','Pyinoolwin','Pyinoolwin','Mandalay','','MM',NULL,NULL),(76,1,'18076','','','No (4) Ward','Nyaung-U Town','Nyaung-U','Nyaung-U','Mandalay','','MM',NULL,NULL),(77,1,'18077','','','Pauk Chaung Ward','Meiktila Town','Meiktila','Meiktila','Mandalay','','MM',NULL,NULL),(78,1,'18078','','','Ya Da Nar Man Aung Ward','Meiktila Town','Meiktila','Meiktila','Mandalay','','MM',NULL,NULL),(79,1,'18079','','','Twin Nge','Aung Chan Thar','Pyinoolwin','Pyinoolwin','Mandalay','','MM',NULL,NULL),(80,1,'18080','','','Pay Pin','Pay Pin','Pyinoolwin','Pyinoolwin','Mandalay','','MM',NULL,NULL),(81,1,'18081','','','Taung Nauk','Taung Nauk','Kyaukse','Kyaukse','Mandalay','','MM',NULL,NULL),(82,1,'18082','','','Mont Paung','Mont Paung','Sintgaing','Kyaukse','Mandalay','','MM',NULL,NULL),(83,1,'18083','','','Dar Yei Kaung','Dar Yei Kaung','Myittha','Kyaukse','Mandalay','','MM',NULL,NULL),(84,1,'18084','','','Hpon','Ba Lon','Myingyan','Myingyan','Mandalay','','MM',NULL,NULL),(85,1,'18085','','','Hpyauk Seik Pin','Myin Te','Taungtha','Myingyan','Mandalay','','MM',NULL,NULL),(86,1,'18086','','','Ma Gyi Kone','Ma Gyi Kone','Kyaukpadaung','Nyaung-U','Mandalay','','MM',NULL,NULL),(87,1,'18087','','','Inn Paung (South)','Inn Paung','Yamethin','Yamethin','Mandalay','','MM',NULL,NULL),(88,1,'18088','','','Pyar Si (North)','Pyar Si','Yamethin','Yamethin','Mandalay','','MM',NULL,NULL),(89,1,'18089','','','Sar Kyin (North)','Pauk Aing','Yamethin','Yamethin','Mandalay','','MM',NULL,NULL),(90,1,'18090','','','Myauk Lel (West)','Myauk Lel','Mahlaing','Meiktila','Mandalay','','MM',NULL,NULL),(91,1,'19091','','','Shwe Myaing Thi Ri Ward','Mawlamyine Town','Mawlamyine','Mawlamyine','Mon','','MM',NULL,NULL),(92,1,'19092','','','Aung Min Ga Lar Ward','Thanbyuzayat Town','Thanbyuzayat','Mawlamyine','Mon','','MM',NULL,NULL),(93,1,'19093','','','Aung Thar Yar Ward','Thanbyuzayat Town','Thanbyuzayat','Mawlamyine','Mon','','MM',NULL,NULL),(94,1,'19094','','','Aung Min Ga Lar Ward','Ye Town','Ye','Mawlamyine','Mon','','MM',NULL,NULL),(95,1,'19095','','','Kawt Wein Ywar Ma','Kawt Sein','Mawlamyine','Mawlamyine','Mon','','MM',NULL,NULL),(96,1,'19096','','','Ma Har Myaing','Yae Twin Kone','Kyaikmaraw','Mawlamyine','Mon','','MM',NULL,NULL),(97,1,'19097','','','Zee Kone','Zee Kone','Chaungzon','Mawlamyine','Mon','','MM',NULL,NULL),(98,1,'19098','','','Da Yei Hpyu','Kyon Ka Yoke','Thanbyuzayat','Mawlamyine','Mon','','MM',NULL,NULL),(99,1,'19099','','','Gyoe Hpyu Kone','Ma Yan Kone','Thaton','Thaton','Mon','','MM',NULL,NULL),(100,1,'19100','','','Nat Sin','Pan Kone','Paung','Thaton','Mon','','MM',NULL,NULL),(101,1,'19101','','','Day Kin','Day Kin','Paung','Thaton','Mon','','MM',NULL,NULL),(102,1,'19102','','','Pathein Kwin','Moke Ta Ma','Paung','Thaton','Mon','','MM',NULL,NULL),(103,1,'19103','','','Zee Pyaung (6)','Zee Pyaung','Kyaikto','Thaton','Mon','','MM',NULL,NULL),(104,1,'19104','','','Kan Gyi Paing','Ma Yan Kone','Bilin','Thaton','Mon','','MM',NULL,NULL),(105,1,'20105','','','Shwe In Kyinn Ward','Det Khi Na Thi Ri Town','Det Khi Na Thi Ri','Det Khi Na','Nay Pyi Taw','','MM',NULL,NULL),(106,1,'20106','','','Pein Hne Taik Ywar Ma','Pyay Taung Koe','Pyinmana','Det Khi Na','Nay Pyi Taw','','MM',NULL,NULL),(107,1,'20107','','','Kan Thar','Thaw Hmaw Kone','Lewe','Det Khi Na','Nay Pyi Taw','','MM',NULL,NULL),(108,1,'21108','','','No (4) Ward','Ma-Ei  Town','Toungup','Thandwe','Rakhine','','MM',NULL,NULL),(109,1,'21109','','','No (2) Ward','Kyeintali Town','Gwa','Thandwe','Rakhine','','MM',NULL,NULL),(110,1,'21110','','','Kwin Gyi (Rakhine)','Htauk Lay Min Tan','Kyauktaw','Mrauk-U','Rakhine','','MM',NULL,NULL),(111,1,'21111','','','Min Te','Chaung Wa','Pauktaw','Sittwe','Rakhine','','MM',NULL,NULL),(112,1,'21112','','','Aung Zay Ya (Su See)','Kyee Kan Pyin','Maungdaw','Maungdaw','Rakhine','','MM',NULL,NULL),(113,1,'21113','','','Gone Nar','Myo U','Maungdaw','Maungdaw','Rakhine','','MM',NULL,NULL),(114,1,'21114','','','Gone Nar','Kyauk Hpyu Thar Thay Kan','Buthidaung','Maungdaw','Rakhine','','MM',NULL,NULL),(115,1,'21115','','','Ba Yar','Ba Yar','Kyaukpyu','Kyaukpyu','Rakhine','','MM',NULL,NULL),(116,1,'21116','','','Kin Te','Kin Te','Munaung','Kyaukpyu','Rakhine','','MM',NULL,NULL),(117,1,'21117','','','Kun Aing','Tha Yet Cho','Ramree','Kyaukpyu','Rakhine','','MM',NULL,NULL),(118,1,'21118','','','Tin War Tway','Ah Nauk','Ramree','Kyaukpyu','Rakhine','','MM',NULL,NULL),(119,1,'21119','','','Taung Paw Tha byu Chaing','Nat Maw','Thandwe','Thandwe','Rakhine','','MM',NULL,NULL),(120,1,'21120','','','Wa Tein','Daung Chaung','Gwa','Thandwe','Rakhine','','MM',NULL,NULL),(121,1,'21121','','','Done Chaung','Nga Shwe Pyin','Myebon','Mrauk-U','Rakhine','','MM',NULL,NULL),(122,1,'22122','','','Hpa Yar Gyi Ward','Monywa Town','Monywa','Monywa','Sagaing','','MM',NULL,NULL),(123,1,'22123','','','Pa Da Myar Ward','Katha Town','Katha','Katha','Sagaing','','MM',NULL,NULL),(124,1,'22124','','','In Gyin Myaing Ward','Paungbyin Town','Paungbyin','Mawlaik','Sagaing','','MM',NULL,NULL),(125,1,'22125','','','Par Hoke Gyi','Shwe Twin','Homalin','Hkamti','Sagaing','','MM',NULL,NULL),(126,1,'22126','','','Maw Kei (East)','Maw Kei','Kyunhla','Kanbalu','Sagaing','','MM',NULL,NULL),(127,1,'22127','','','Htu Gyi','Kone Thar','Budalin','Monywa','Sagaing','','MM',NULL,NULL),(128,1,'22128','','','Kaung Sint','Ywar Thar','Yinmarbin','Yinmarbin','Sagaing','','MM',NULL,NULL),(129,1,'22129','','','Tha Yet Kaing','Hnaw Ku Toet','Salingyi','Yinmarbin','Sagaing','','MM',NULL,NULL),(130,1,'22130','','','Moe Yu (Upper)','Lel Pyin','Indaw','Katha','Sagaing','','MM',NULL,NULL),(131,1,'22131','','','Htan Taw','Nan Khan','Wuntho','Katha','Sagaing','','MM',NULL,NULL),(132,1,'22132','','','Kone Gyi','Bant Bway Kone','Pinlebu','Katha','Sagaing','','MM',NULL,NULL),(133,1,'22133','','','Kaw Tar','Taung Kone','Pinlebu','Katha','Sagaing','','MM',NULL,NULL),(134,1,'22134','','','Kyauk Maw','Kone Maw','Mingin','Kale','Sagaing','','MM',NULL,NULL),(135,1,'22135','','','Khon Thar','Ba Yon Kar (Ma Yan Thar)','Mingin','Kale','Sagaing','','MM',NULL,NULL),(136,1,'22136','','','Laing Ma san','Hton MaBe','Homalin','Hkamti','Sagaing','','MM',NULL,NULL),(137,1,'22137','','','Toke Gyi','Toke Gyi','Katha','Katha','Sagaing','','MM',NULL,NULL),(138,1,'23138','','','No (1) Ward','Mongpauk Town','Mongyang','Kengtung','Shan (East)','','MM',NULL,NULL),(139,1,'23139','','','No (7) Ward','Mongyawng Town','Mongyawng','Tachileik','Shan (East)','','MM',NULL,NULL),(140,1,'23140','','','Nar Hsi Daw','Nar Paw','Kengtung','Kengtung','Shan (East)','','MM',NULL,NULL),(141,1,'23141','','','Pang Tawng','Pin Tauk','Kengtung','Kengtung','Shan (East)','','MM',NULL,NULL),(142,1,'23142','','','La Wa Hway Yoke Lin Ywar Thit','Ho Tawng','Mongyang','Kengtung','Shan (East)','','MM',NULL,NULL),(143,1,'23143','','','Chay Me','Mong Tun (Taung Paw)','Monghsat','Monghsat','Shan (East)','','MM',NULL,NULL),(144,1,'23144','','','Har Kya Hkay Wan Kawng','Hpa Lan/Kaw','Mongkhet','Kengtung','Shan (East)','','MM',NULL,NULL),(145,1,'24145','','','No (7) Ward','Monekoe Town','Muse','Muse','Shan (North)','','MM',NULL,NULL),(146,1,'24146','','','Nam Waw Ward','Namhsan Town','Namhsan','Kyaukme','Shan (North)','','MM',NULL,NULL),(147,1,'24147','','','Nyar Na Theik Pan Ward','Kunlong Town','Kunlong','Lashio','Shan (North)','','MM',NULL,NULL),(148,1,'24148','','','Shan Ywar Ma Ward','Kunlong Town','Kunlong','Lashio','Shan (North)','','MM',NULL,NULL),(149,1,'24149','','','Nawng Nyaung','Kawng Haw','Hseni','Lashio','Shan (North)','','MM',NULL,NULL),(150,1,'24150','','','Nar Shi (Larhu)','Loke Waun','Lashio','Lashio','Shan (North)','','MM',NULL,NULL),(151,1,'24151','','','Pang Soa Ming','Pang Soa Ming','Hsipaw','Kyaukme','Shan (North)','','MM',NULL,NULL),(152,1,'24152','','','Nyaung Pin Kwin','Ywar Thit','Hsipaw','Kyaukme','Shan (North)','','MM',NULL,NULL),(153,1,'24153','','','Nawng Pyet','En Man Ho Kyan','Kutkai','Muse','Shan (North)','','MM',NULL,NULL),(154,1,'24154','','','Kyaukme Gyi','Kyaukme Gyi','Kyaukme','Kyaukme','Shan (North)','','MM',NULL,NULL),(155,1,'24155','','','Nam Pawng (East)','Nam Pawng','Lashio','Lashio','Shan (North)','','MM',NULL,NULL),(156,1,'24156','','','Za Yang (North)','Za Yang','Namhsan','Kyaukme','Shan (North)','','MM',NULL,NULL),(157,1,'24157','','','Nam Sauk','Nawng Lai','Tangyan','Lashio','Shan (North)','','MM',NULL,NULL),(158,1,'24158','','','Man Nin','Nar Ngway','Tangyan','Lashio','Shan (North)','','MM',NULL,NULL),(159,1,'24159','','','San Lawng','Kawng Waing','Namhkan','Muse','Shan (North)','','MM',NULL,NULL),(160,1,'24160','','','Inn Ma','Ho Hko (North)','Nawnghkio','Kyaukme','Shan (North)','','MM',NULL,NULL),(161,1,'24161','','','Pang In','Hko Yawng','Tangyan','Lashio','Shan (North)','','MM',NULL,NULL),(162,1,'24162','','','Nam Maw Aut (3)','Nawng Mun','Lashio','Lashio','Shan (North)','','MM',NULL,NULL),(163,1,'25163','','','Sin Gaung Ward','Pindaya Town','Pindaya','Taunggyi','Shan (South)','','MM',NULL,NULL),(164,1,'25164','','','No (4) Ward','Kho Lam Town','Nansang','Loilen','Shan (South)','','MM',NULL,NULL),(165,1,'25165','','','No (4) Ward','Mongkaing Town','Mongkaing','Loilen','Shan (South)','','MM',NULL,NULL),(166,1,'25166','','','No (2) Ward','Kengtawng  Town','Mongnai','Langkho','Shan (South)','','MM',NULL,NULL),(167,1,'25167','','','Mway Taw Ward','Mawkmai Town','Mawkmai','Langkho','Shan (South)','','MM',NULL,NULL),(168,1,'25168','','','Sa Hke (Lower)','Nawng Lay','Taunggyi','Taunggyi','Shan (South)','','MM',NULL,NULL),(169,1,'25169','','','Nawng Pyit (Lower)','Nawng Pyit','Taunggyi','Taunggyi','Shan (South)','','MM',NULL,NULL),(170,1,'25170','','','Nawng Hkam','Pawng Lin','Hopong','Taunggyi','Shan (South)','','MM',NULL,NULL),(171,1,'25171','','','Long Mi','Kyauk Tan','Hopong','Taunggyi','Shan (South)','','MM',NULL,NULL),(172,1,'25172','','','Kawng War Dawng','Loi Put','Hsihseng','Taunggyi','Shan (South)','','MM',NULL,NULL),(173,1,'25173','','','Kan Thar','Baw Hseng','Kalaw','Taunggyi','Shan (South)','','MM',NULL,NULL),(174,1,'25174','','','Hti Hkwe','Pawt In','Pinlaung','Taunggyi','Shan (South)','','MM',NULL,NULL),(175,1,'25175','','','Nawng Taw','Hpa Yar Hpyu','Pinlaung','Taunggyi','Shan (South)','','MM',NULL,NULL),(176,1,'25176','','','Pang Kwe','Kunhing','Kunhing','Loilen','Shan (South)','','MM',NULL,NULL),(177,1,'25177','','','Kawng Mei Mat San Hpaw','Kone Long','Mongkaing','Loilen','Shan (South)','','MM',NULL,NULL),(178,1,'25178','','','Nga Poke Pyar','Hpet Kun','Taunggyi','Taunggyi','Shan (South)','','MM',NULL,NULL),(179,1,'25179','','','Nar Ong','Nam Lut','Mawkmai','Langkho','Shan (South)','','MM',NULL,NULL),(180,1,'26180','','','Kan Hpyar Ward','Myeik Town','Myeik','Myeik','Tanintharyi','','MM',NULL,NULL),(181,1,'26181','','','Pu Gaw Inn','Kyauk Ka Nyar','Yebyu','Dawei','Tanintharyi','','MM',NULL,NULL),(182,1,'26182','','','Kyauk Ka Din','Lawt Thaing','Yebyu','Dawei','Tanintharyi','','MM',NULL,NULL),(183,1,'26183','','','Aw Gyi','Sin Chay Hpone','Tanintharyi','Myeik','Tanintharyi','','MM',NULL,NULL),(184,1,'27184','','','Taung Thu Kone Ward','Insein','Insein','Yangon (North)','Yangon','','MM',NULL,NULL),(185,1,'27185','','','Zay Paing Ward (Htauk Kyant Zay)','Htaukkyant Town','Mingaladon','Yangon (North)','Yangon','','MM',NULL,NULL),(186,1,'27186','','','Ywar Ma Paing Ward (Htauk Kyant Ywar Ma)','Htaukkyant Town','Mingaladon','Yangon (North)','Yangon','','MM',NULL,NULL),(187,1,'27187','','','Ah Naw Ra Htar Ward','Okekan Town','Taikkyi','Yangon (North)','Yangon','','MM',NULL,NULL),(188,1,'27188','','','No (9) Ward','Hlaingtharya Town','Hlaingtharya','Yangon (North)','Yangon','','MM',NULL,NULL),(189,1,'27189','','','No (9) Ward','Thaketa','Thaketa','Yangon (East)','Yangon','','MM',NULL,NULL),(190,1,'27190','','','No (21) Ward','Dagon Myothit (South) Town','Dagon Myothit (South)','Yangon (East)','Yangon','','MM',NULL,NULL),(191,1,'27191','','','No (31) Ward','Dagon Myothit (North) Town','Dagon Myothit (North)','Yangon (East)','Yangon','','MM',NULL,NULL),(192,1,'27192','','','No (81) Ward','Dagon Myothit (Seikkan)','Dagon Myothit (Seikkan)','Yangon (East)','Yangon','','MM',NULL,NULL),(193,1,'27193','','','No (89) Ward','Dagon Myothit (Seikkan)','Dagon Myothit (Seikkan)','Yangon (East)','Yangon','','MM',NULL,NULL),(194,1,'27194','','','Ma Hlwa Kone Mee Ya Htar Ward','Mingalartaungnyunt','Mingalartaungnyunt','Yangon (East)','Yangon','','MM',NULL,NULL),(195,1,'27195','','','No (9) Ward','Lanmadaw','Lanmadaw','Yangon (West)','Yangon','','MM',NULL,NULL),(196,1,'27196','','','Thar Du (West) Ward','Kyeemyindaing','Kyeemyindaing','Yangon (West)','Yangon','','MM',NULL,NULL),(197,1,'27197','','','Zay Gyi (East) Ward','Kyeemyindaing','Kyeemyindaing','Yangon (West)','Yangon','','MM',NULL,NULL),(198,1,'27198','','','Set San Ward','Kyeemyindaing','Kyeemyindaing','Yangon (West)','Yangon','','MM',NULL,NULL),(199,1,'27199','','','Shan Taw Lay','Kywe Ku','Htantabin','Yangon (North)','Yangon','','MM',NULL,NULL),(200,1,'27200','','','Ohn Pin','Ohn Pin','Kayan','Yangon (South)','Yangon','','MM',NULL,NULL),(201,1,'27201','','','Ah Lel Su','Pya Tha Taik','Twantay','Yangon (South)','Yangon','','MM',NULL,NULL),(202,1,'27202','','','Thea Kone','Shwe Hlay Chaung (Twan)','Twantay','Yangon (South)','Yangon','','MM',NULL,NULL),(203,1,'27203','','','Kyaung Su','Taw Kyaung','Kungyangon','Yangon (South)','Yangon','','MM',NULL,NULL),(204,1,'27204','','','Ka Mar Bar','Taw Kha Yan (West)','Kungyangon','Yangon (South)','Yangon','','MM',NULL,NULL),(205,1,'27205','','','Ye Nwet','Ye Nwet','Thongwa','Yangon (South)','Yangon','','MM',NULL,NULL);
/*!40000 ALTER TABLE `pcode` ENABLE KEYS */;
UNLOCK TABLES;

--
-- Table structure for table `permission_role`
--

DROP TABLE IF EXISTS `permission_role`;
/*!40101 SET @saved_cs_client     = @@character_set_client */;
/*!40101 SET character_set_client = utf8 */;
CREATE TABLE `permission_role` (
  `id` int(10) unsigned NOT NULL AUTO_INCREMENT,
  `permission_id` int(10) unsigned NOT NULL,
  `role_id` int(10) unsigned NOT NULL,
  PRIMARY KEY (`id`),
  KEY `permission_role_permission_id_foreign` (`permission_id`),
  KEY `permission_role_role_id_foreign` (`role_id`),
  CONSTRAINT `permission_role_permission_id_foreign` FOREIGN KEY (`permission_id`) REFERENCES `permissions` (`id`),
  CONSTRAINT `permission_role_role_id_foreign` FOREIGN KEY (`role_id`) REFERENCES `roles` (`id`)
) ENGINE=InnoDB AUTO_INCREMENT=63 DEFAULT CHARSET=utf8 COLLATE=utf8_unicode_ci;
/*!40101 SET character_set_client = @saved_cs_client */;

--
-- Dumping data for table `permission_role`
--

LOCK TABLES `permission_role` WRITE;
/*!40000 ALTER TABLE `permission_role` DISABLE KEYS */;
INSERT INTO `permission_role` VALUES (1,1,1),(2,2,1),(3,4,1),(4,5,1),(5,6,1),(6,7,1),(7,8,1),(8,9,1),(9,10,1),(10,11,1),(11,14,1),(12,15,1),(13,12,1),(14,13,1),(15,17,1),(16,16,1),(17,4,2),(18,5,2),(19,16,2),(20,17,2),(21,13,2),(22,15,2),(23,11,2),(24,7,2),(25,1,3),(26,2,3),(27,4,3),(28,5,3),(29,6,3),(30,7,3),(31,8,3),(32,9,3),(33,10,3),(34,11,3),(35,14,3),(36,15,3),(37,12,3),(38,13,3),(39,17,3),(40,16,3),(41,1,4),(42,3,4),(43,4,4),(44,5,4),(45,6,4),(46,7,4),(47,8,4),(48,9,4),(49,10,4),(50,11,4),(51,12,4),(52,13,4),(53,17,4),(54,16,4),(55,4,5),(56,5,5),(57,7,5),(58,9,5),(59,11,5),(60,13,5),(61,17,5),(62,16,5);
/*!40000 ALTER TABLE `permission_role` ENABLE KEYS */;
UNLOCK TABLES;

--
-- Table structure for table `permission_user`
--

DROP TABLE IF EXISTS `permission_user`;
/*!40101 SET @saved_cs_client     = @@character_set_client */;
/*!40101 SET character_set_client = utf8 */;
CREATE TABLE `permission_user` (
  `id` int(10) unsigned NOT NULL AUTO_INCREMENT,
  `permission_id` int(10) unsigned NOT NULL,
  `user_id` int(10) unsigned NOT NULL,
  PRIMARY KEY (`id`),
  KEY `permission_user_permission_id_foreign` (`permission_id`),
  KEY `permission_user_user_id_foreign` (`user_id`),
  CONSTRAINT `permission_user_permission_id_foreign` FOREIGN KEY (`permission_id`) REFERENCES `permissions` (`id`),
  CONSTRAINT `permission_user_user_id_foreign` FOREIGN KEY (`user_id`) REFERENCES `users` (`id`)
) ENGINE=InnoDB DEFAULT CHARSET=utf8 COLLATE=utf8_unicode_ci;
/*!40101 SET character_set_client = @saved_cs_client */;

--
-- Dumping data for table `permission_user`
--

LOCK TABLES `permission_user` WRITE;
/*!40000 ALTER TABLE `permission_user` DISABLE KEYS */;
/*!40000 ALTER TABLE `permission_user` ENABLE KEYS */;
UNLOCK TABLES;

--
-- Table structure for table `permissions`
--

DROP TABLE IF EXISTS `permissions`;
/*!40101 SET @saved_cs_client     = @@character_set_client */;
/*!40101 SET character_set_client = utf8 */;
CREATE TABLE `permissions` (
  `id` int(10) unsigned NOT NULL AUTO_INCREMENT,
  `name` varchar(255) COLLATE utf8_unicode_ci NOT NULL,
  `display_name` varchar(255) COLLATE utf8_unicode_ci NOT NULL,
  `system` tinyint(1) NOT NULL,
  `created_at` timestamp NOT NULL DEFAULT '0000-00-00 00:00:00',
  `updated_at` timestamp NOT NULL DEFAULT '0000-00-00 00:00:00',
  PRIMARY KEY (`id`),
  UNIQUE KEY `permissions_name_unique` (`name`)
) ENGINE=InnoDB AUTO_INCREMENT=19 DEFAULT CHARSET=utf8 COLLATE=utf8_unicode_ci;
/*!40101 SET character_set_client = @saved_cs_client */;

--
-- Dumping data for table `permissions`
--

LOCK TABLES `permissions` WRITE;
/*!40000 ALTER TABLE `permissions` DISABLE KEYS */;
INSERT INTO `permissions` VALUES (1,'view_backend','View Backend',1,'2016-04-28 09:36:46','2016-04-28 09:36:46'),(2,'editall_users','Edit all other users',1,'2016-04-28 09:36:46','2016-04-28 09:36:46'),(3,'edit_users','Edit other users',1,'2016-04-28 09:36:46','2016-04-28 09:36:46'),(4,'upload_media','Upload Media files',1,'2016-04-28 09:36:46','2016-04-28 09:36:46'),(5,'manage_media','Manage Media files',1,'2016-04-28 09:36:46','2016-04-28 09:36:46'),(6,'manage_location','Manage Locations',1,'2016-04-28 09:36:46','2016-04-28 09:36:46'),(7,'access_location','Access Locations',1,'2016-04-28 09:36:46','2016-04-28 09:36:46'),(8,'manage_participant','Manage Participants',1,'2016-04-28 09:36:46','2016-04-28 09:36:46'),(9,'access_participant','Access Participants',1,'2016-04-28 09:36:46','2016-04-28 09:36:46'),(10,'manage_project','Manage Projects',1,'2016-04-28 09:36:46','2016-04-28 09:36:46'),(11,'access_project','Access Projects',1,'2016-04-28 09:36:46','2016-04-28 09:36:46'),(12,'manage_question','Manage Questions',1,'2016-04-28 09:36:46','2016-04-28 09:36:46'),(13,'access_question','Access Questions',1,'2016-04-28 09:36:46','2016-04-28 09:36:46'),(14,'manage_organization','Manage Organizations',1,'2016-04-28 09:36:46','2016-04-28 09:36:46'),(15,'access_organization','Access Organizations',1,'2016-04-28 09:36:46','2016-04-28 09:36:46'),(16,'access_result','Access Results',1,'2016-04-28 09:36:46','2016-04-28 09:36:46'),(17,'add_result','Add Results',1,'2016-04-28 09:36:46','2016-04-28 09:36:46'),(18,'user_only_permission','User Only Permission',0,'2016-04-28 09:36:46','2016-04-28 09:36:46');
/*!40000 ALTER TABLE `permissions` ENABLE KEYS */;
UNLOCK TABLES;

--
-- Table structure for table `projects`
--

DROP TABLE IF EXISTS `projects`;
/*!40101 SET @saved_cs_client     = @@character_set_client */;
/*!40101 SET character_set_client = utf8 */;
CREATE TABLE `projects` (
  `id` int(10) unsigned NOT NULL AUTO_INCREMENT,
  `name` varchar(255) COLLATE utf8_unicode_ci NOT NULL,
  `desc` varchar(255) COLLATE utf8_unicode_ci NOT NULL,
  `type` varchar(255) COLLATE utf8_unicode_ci NOT NULL,
  `project_id` int(10) unsigned DEFAULT NULL,
  `org_id` int(10) unsigned NOT NULL,
  `sections` text COLLATE utf8_unicode_ci NOT NULL,
  `submit` varchar(255) COLLATE utf8_unicode_ci NOT NULL,
  `reporting` text COLLATE utf8_unicode_ci NOT NULL,
  `validate` varchar(255) COLLATE utf8_unicode_ci NOT NULL,
  `urlhash` varchar(255) COLLATE utf8_unicode_ci NOT NULL,
  `created_at` timestamp NOT NULL DEFAULT '0000-00-00 00:00:00',
  `updated_at` timestamp NOT NULL DEFAULT '0000-00-00 00:00:00',
  PRIMARY KEY (`id`),
  UNIQUE KEY `projects_name_unique` (`name`),
  KEY `projects_project_id_foreign` (`project_id`),
  KEY `projects_org_id_foreign` (`org_id`),
  KEY `projects_name_index` (`name`),
  KEY `projects_desc_index` (`desc`),
  KEY `projects_type_index` (`type`),
  CONSTRAINT `projects_org_id_foreign` FOREIGN KEY (`org_id`) REFERENCES `organizations` (`id`),
  CONSTRAINT `projects_project_id_foreign` FOREIGN KEY (`project_id`) REFERENCES `projects` (`id`)
) ENGINE=InnoDB AUTO_INCREMENT=2 DEFAULT CHARSET=utf8 COLLATE=utf8_unicode_ci;
/*!40101 SET character_set_client = @saved_cs_client */;

--
-- Dumping data for table `projects`
--

LOCK TABLES `projects` WRITE;
/*!40000 ALTER TABLE `projects` DISABLE KEYS */;
INSERT INTO `projects` VALUES (1,'Post-Elections Survey','PACE Post-Elections Survey','survey',NULL,1,'[{\"text\":\"Section A\",\"column\":\"1\",\"desc\":\"Selection Process: Household Table and Respondent Selection\"},{\"text\":\"Section Q\",\"column\":\"1\",\"desc\":\"Respondent Questionnaire\",\"report\":\"1\"},{\"text\":\"Section B\",\"column\":\"1\",\"desc\":\"Enumerator Evaluation\"}]','full','{\"1\":{\"text\":\"\"}}','pcode','','2016-04-28 10:14:08','2016-05-04 09:54:50');
/*!40000 ALTER TABLE `projects` ENABLE KEYS */;
UNLOCK TABLES;

--
-- Table structure for table `projects_participants`
--

DROP TABLE IF EXISTS `projects_participants`;
/*!40101 SET @saved_cs_client     = @@character_set_client */;
/*!40101 SET character_set_client = utf8 */;
CREATE TABLE `projects_participants` (
  `id` int(10) unsigned NOT NULL AUTO_INCREMENT,
  `participant_id` int(10) unsigned NOT NULL,
  `project_id` int(10) unsigned NOT NULL,
  `created_at` timestamp NOT NULL DEFAULT '0000-00-00 00:00:00',
  `updated_at` timestamp NOT NULL DEFAULT '0000-00-00 00:00:00',
  PRIMARY KEY (`id`),
  KEY `projects_participants_participant_id_foreign` (`participant_id`),
  KEY `projects_participants_project_id_foreign` (`project_id`),
  CONSTRAINT `projects_participants_participant_id_foreign` FOREIGN KEY (`participant_id`) REFERENCES `participants` (`id`),
  CONSTRAINT `projects_participants_project_id_foreign` FOREIGN KEY (`project_id`) REFERENCES `projects` (`id`)
) ENGINE=InnoDB DEFAULT CHARSET=utf8 COLLATE=utf8_unicode_ci;
/*!40101 SET character_set_client = @saved_cs_client */;

--
-- Dumping data for table `projects_participants`
--

LOCK TABLES `projects_participants` WRITE;
/*!40000 ALTER TABLE `projects_participants` DISABLE KEYS */;
/*!40000 ALTER TABLE `projects_participants` ENABLE KEYS */;
UNLOCK TABLES;

--
-- Table structure for table `qanswers`
--

DROP TABLE IF EXISTS `qanswers`;
/*!40101 SET @saved_cs_client     = @@character_set_client */;
/*!40101 SET character_set_client = utf8 */;
CREATE TABLE `qanswers` (
  `id` int(10) unsigned NOT NULL AUTO_INCREMENT,
  `qid` int(10) unsigned NOT NULL,
  `type` varchar(255) COLLATE utf8_unicode_ci NOT NULL,
  `text` varchar(255) COLLATE utf8_unicode_ci NOT NULL,
  `value` varchar(255) COLLATE utf8_unicode_ci NOT NULL,
  `akey` varchar(255) COLLATE utf8_unicode_ci NOT NULL,
  `slug` varchar(255) COLLATE utf8_unicode_ci NOT NULL,
  `sort` varchar(255) COLLATE utf8_unicode_ci NOT NULL,
  `qarequire` varchar(255) COLLATE utf8_unicode_ci NOT NULL,
  `css` varchar(255) COLLATE utf8_unicode_ci NOT NULL,
  `logic` text COLLATE utf8_unicode_ci NOT NULL,
  `optional` varchar(255) COLLATE utf8_unicode_ci NOT NULL,
  `created_at` timestamp NOT NULL DEFAULT '0000-00-00 00:00:00',
  `updated_at` timestamp NOT NULL DEFAULT '0000-00-00 00:00:00',
  PRIMARY KEY (`id`),
  UNIQUE KEY `qanswers_qid_akey_unique` (`qid`,`akey`),
  KEY `qanswers_sort_index` (`sort`),
  CONSTRAINT `qanswers_qid_foreign` FOREIGN KEY (`qid`) REFERENCES `questions` (`id`)
) ENGINE=InnoDB AUTO_INCREMENT=1292 DEFAULT CHARSET=utf8 COLLATE=utf8_unicode_ci;
/*!40101 SET character_set_client = @saved_cs_client */;

--
-- Dumping data for table `qanswers`
--

LOCK TABLES `qanswers` WRITE;
/*!40000 ALTER TABLE `qanswers` DISABLE KEYS */;
INSERT INTO `qanswers` VALUES (217,25,'radio','Male','1','A1_a0','a1_a0','','','','','','2016-04-30 00:11:38','2016-05-08 03:12:02'),(218,25,'radio','Female','2','A1_a1','a1_a1','','','','','','2016-04-30 00:11:38','2016-05-08 03:12:02'),(251,28,'radio','Male','1','A5_a0','a5_a0','','','','{\"rftdiff\":\"on\",\"lftans\":\"a5-a0\",\"operator\":\"=\",\"rftquess\":\"a1\",\"showans\":\"on\",\"rftans\":\"a1-a0\",\"message\":\"Please check the gender in A1 and A5\"}','','2016-04-30 00:22:14','2016-05-08 03:12:02'),(252,28,'radio','Female','2','A5_a1','a5_a1','','','','{\"rftdiff\":\"on\",\"lftans\":\"a5-a1\",\"operator\":\"=\",\"rftquess\":\"a1\",\"showans\":\"on\",\"rftans\":\"a1-a1\",\"message\":\"Please check the gender in A1 and A5\"}','','2016-04-30 00:22:14','2016-05-08 03:12:02'),(268,1,'radio','Very interested','1','Q1_a0','q1_a0','','','','','','2016-04-30 00:26:24','2016-05-08 03:12:02'),(269,1,'radio','Somewhat interested','2','Q1_a1','q1_a1','','','','','','2016-04-30 00:26:24','2016-05-08 03:12:02'),(270,1,'radio','Not too interested','3','Q1_a2','q1_a2','','','','','','2016-04-30 00:26:24','2016-05-08 03:12:02'),(271,1,'radio','Not at all interested','4','Q1_a3','q1_a3','','','','','','2016-04-30 00:26:24','2016-05-08 03:12:02'),(272,1,'radio','Do not know','98','Q1_a4','q1_a4','','','','','','2016-04-30 00:26:24','2016-05-08 03:12:02'),(273,1,'radio','Refused to answer','99','Q1_a5','q1_a5','','','','','','2016-04-30 00:26:24','2016-05-08 03:12:02'),(274,29,'radio','Most people can be trusted','1','Q2_a0','q2_a0','','','','','','2016-04-30 00:27:58','2016-05-08 03:12:02'),(275,29,'radio','Need to be very careful','2','Q2_a1','q2_a1','','','','','','2016-04-30 00:27:58','2016-05-08 03:12:02'),(276,29,'radio','Do not know','98','Q2_a2','q2_a2','','','','','','2016-04-30 00:27:58','2016-05-08 03:12:02'),(277,29,'radio','Refused to answer','99','Q2_a3','q2_a3','','','','','','2016-04-30 00:27:58','2016-05-08 03:12:02'),(283,5,'radio','Yes','1','Q9_a0','q9_a0','','','','{\"rftdiff\":\"on\",\"lftans\":\"q9-a0\",\"operator\":\"skip\",\"rftquess\":\"q11\",\"message\":\"\"}','','2016-04-30 00:30:56','2016-05-08 03:12:03'),(284,5,'radio','No','2','Q9_a1','q9_a1','','','','','','2016-04-30 00:30:56','2016-05-08 03:12:03'),(285,5,'radio','Refused to answer','99','Q9_a2','q9_a2','','','','{\"rftdiff\":\"on\",\"lftans\":\"q9-a2\",\"operator\":\"skip\",\"rftquess\":\"q12\",\"message\":\"\"}','','2016-04-30 00:30:56','2016-05-08 03:12:03'),(299,31,'radio','Yes, often','5','Q4_a0','q4_a0','','','','','','2016-04-30 00:53:30','2016-05-08 03:12:02'),(300,31,'radio','Yes, several times','4','Q4_a1','q4_a1','','','','','','2016-04-30 00:53:30','2016-05-08 03:12:02'),(301,31,'radio','Yes, once or twice','3','Q4_a2','q4_a2','','','','','','2016-04-30 00:53:30','2016-05-08 03:12:02'),(302,31,'radio','No, Would if had the chance','2','Q4_a3','q4_a3','','','','','','2016-04-30 00:53:30','2016-05-08 03:12:02'),(303,31,'radio','No, would never do this','1','Q4_a4','q4_a4','','','','','','2016-04-30 00:53:30','2016-05-08 03:12:02'),(304,31,'radio','Refused to answer','99','Q4_a5','q4_a5','','','','','','2016-04-30 00:53:30','2016-05-08 03:12:02'),(308,32,'radio','Yes','1','Q17a_a0','q17a_a0','','','','','','2016-04-30 00:57:43','2016-05-08 03:12:04'),(309,32,'radio','No','2','Q17a_a1','q17a_a1','','','','{\"rftdiff\":\"on\",\"lftans\":\"q17a-a1\",\"operator\":\"skip\",\"rftquess\":\"q18\",\"message\":\"\"}','','2016-04-30 00:57:43','2016-05-08 03:12:04'),(310,32,'radio','Do not know','98','Q17a_a2','q17a_a2','','','','{\"rftdiff\":\"on\",\"lftans\":\"q17a-a2\",\"operator\":\"skip\",\"rftquess\":\"q18\",\"message\":\"\"}','','2016-04-30 00:57:43','2016-05-08 03:12:04'),(311,32,'radio','Refused to answer','99','Q17a_a3','q17a_a3','','','','','','2016-04-30 00:57:43','2016-05-08 03:12:04'),(381,34,'radio','','1','?_a0','?_a0','','','','','','2016-05-01 19:24:32','2016-05-08 03:12:00'),(382,34,'radio','','2','?_a1','?_a1','','','','','','2016-05-01 19:24:32','2016-05-08 03:12:00'),(383,34,'radio','','3','?_a2','?_a2','','','','','','2016-05-01 19:24:32','2016-05-08 03:12:00'),(384,34,'radio','','4','?_a3','?_a3','','','','','','2016-05-01 19:24:32','2016-05-08 03:12:00'),(385,34,'radio','','5','?_a4','?_a4','','','','','','2016-05-01 19:24:32','2016-05-08 03:12:00'),(386,34,'radio','','6','?_a5','?_a5','','','','','','2016-05-01 19:24:32','2016-05-08 03:12:00'),(387,34,'radio','','7','?_a6','?_a6','','','','','','2016-05-01 19:24:32','2016-05-08 03:12:00'),(388,30,'radio','','1','A2_a0','a2_a0','','','','','','2016-05-01 19:26:58','2016-05-08 03:12:02'),(389,30,'radio','','2','A2_a1','a2_a1','','','','','','2016-05-01 19:26:58','2016-05-08 03:12:02'),(390,30,'radio','','3','A2_a2','a2_a2','','','','','','2016-05-01 19:26:58','2016-05-08 03:12:02'),(397,26,'number','Day','','A3_a0','a3_a0','','','','{\"lftans\":\"a3-a0\",\"operator\":\"between\",\"minval\":\"5\",\"maxval\":\"10\",\"message\":\"The interview should be done between 5-10 May\"}','','2016-05-01 19:28:45','2016-05-08 03:12:02'),(398,26,'number','Month','','A3_a1','a3_a1','','','','{\"lftans\":\"a3-a1\",\"operator\":\"=\",\"rftval\":\"5\",\"message\":\"Should be 5 (May)\"}','','2016-05-01 19:28:45','2016-05-08 03:12:02'),(399,26,'number','Year','','A3_a2','a3_a2','','','','{\"lftans\":\"a3-a2\",\"operator\":\"=\",\"rftval\":\"2016\",\"message\":\"Can\'t be done last year or in the future! Should be this year!\"}','','2016-05-01 19:28:45','2016-05-08 03:12:02'),(401,2,'radio','Often','1','Q3A_a0','q3_a_a0','','','','','','2016-05-01 19:30:39','2016-05-08 03:12:02'),(402,2,'radio','Sometimes','2','Q3A_a1','q3_a_a1','','','','','','2016-05-01 19:30:39','2016-05-08 03:12:02'),(403,2,'radio','Never','3','Q3A_a2','q3_a_a2','','','','','','2016-05-01 19:30:39','2016-05-08 03:12:02'),(404,2,'radio','Do not know','98','Q3A_a3','q3_a_a3','','','','','','2016-05-01 19:30:39','2016-05-08 03:12:02'),(405,2,'radio','Refused to answer','99','Q3A_a4','q3_a_a4','','','','','','2016-05-01 19:30:39','2016-05-08 03:12:02'),(406,35,'radio','A lot of respect for human rights','1','Q5_a0','q5_a0','','','','','','2016-05-01 19:32:55','2016-05-08 03:12:03'),(407,35,'radio','Some respect','2','Q5_a1','q5_a1','','','','','','2016-05-01 19:32:55','2016-05-08 03:12:03'),(408,35,'radio','Not much respect','3','Q5_a2','q5_a2','','','','','','2016-05-01 19:32:55','2016-05-08 03:12:03'),(409,35,'radio','No respect','4','Q5_a3','q5_a3','','','','','','2016-05-01 19:32:55','2016-05-08 03:12:03'),(410,35,'radio','Do not know','98','Q5_a4','q5_a4','','','','','','2016-05-01 19:32:55','2016-05-08 03:12:03'),(411,35,'radio','Refused to answer','99','Q5_a5','q5_a5','','','','','','2016-05-01 19:32:55','2016-05-08 03:12:03'),(412,36,'radio','To maintain order is society','1','Q6_a0','q6_a0','','','','','','2016-05-01 19:34:56','2016-05-08 03:12:03'),(413,36,'radio','To maintain freedom of individual','2','Q6_a1','q6_a1','','','','','','2016-05-01 19:34:56','2016-05-08 03:12:03'),(414,36,'radio','Do not know','98','Q6_a2','q6_a2','','','','','','2016-05-01 19:34:56','2016-05-08 03:12:03'),(415,36,'radio','Refused to answer','99','Q6_a3','q6_a3','','','','','','2016-05-01 19:34:56','2016-05-08 03:12:03'),(422,38,'radio','Great deal of confidence','1','Q8a_a0','q8a_a0','','','','','','2016-05-01 19:39:47','2016-05-08 03:12:03'),(423,38,'radio','Quite a lot of confidence','2','Q8a_a1','q8a_a1','','','','','','2016-05-01 19:39:47','2016-05-08 03:12:03'),(424,38,'radio','Not very much confidence','3','Q8a_a2','q8a_a2','','','','','','2016-05-01 19:39:47','2016-05-08 03:12:03'),(425,38,'radio','None at all','4','Q8a_a3','q8a_a3','','','','','','2016-05-01 19:39:47','2016-05-08 03:12:03'),(426,38,'radio','Do not know','98','Q8a_a4','q8a_a4','','','','','','2016-05-01 19:39:47','2016-05-08 03:12:03'),(427,38,'radio','Refused to answer','99','Q8a_a5','q8a_a5','','','','','','2016-05-01 19:39:47','2016-05-08 03:12:03'),(428,6,'radio','The election was cancelled in my hometown/ place of residency','1','Q10_a0','q10_a0','','','','{\"rftdiff\":\"on\",\"lftans\":\"q10-a0\",\"operator\":\"skip\",\"rftquess\":\"q12\",\"message\":\"\"}','','2016-05-01 19:47:52','2016-05-08 03:12:03'),(429,6,'radio','I was unsure of how or where to vote','2','Q10_a1','q10_a1','','','','{\"rftdiff\":\"on\",\"lftans\":\"q10-a1\",\"operator\":\"skip\",\"rftquess\":\"q12\",\"message\":\"\"}','','2016-05-01 19:47:52','2016-05-08 03:12:03'),(430,6,'radio','I don&#039;t care/ lack of interest','3','Q10_a2','q10_a2','','','','{\"rftdiff\":\"on\",\"lftans\":\"q10-a2\",\"operator\":\"skip\",\"rftquess\":\"q12\",\"message\":\"\"}','','2016-05-01 19:47:52','2016-05-08 03:12:03'),(431,6,'radio','I didn&#039;t have national ID/ supplementary registration/ voting document','4','Q10_a3','q10_a3','','','','{\"rftdiff\":\"on\",\"lftans\":\"q10-a3\",\"operator\":\"skip\",\"rftquess\":\"q12\",\"message\":\"\"}','','2016-05-01 19:47:52','2016-05-08 03:12:03'),(432,6,'radio','My registration place is far from where I live','5','Q10_a4','q10_a4','','','','{\"rftdiff\":\"on\",\"lftans\":\"q10-a4\",\"operator\":\"skip\",\"rftquess\":\"q12\",\"message\":\"\"}','','2016-05-01 19:47:52','2016-05-08 03:12:03'),(433,6,'radio','I was busy/ I was sick','6','Q10_a5','q10_a5','','','','{\"rftdiff\":\"on\",\"lftans\":\"q10-a5\",\"operator\":\"skip\",\"rftquess\":\"q12\",\"message\":\"\"}','','2016-05-01 19:47:52','2016-05-08 03:12:03'),(434,6,'radio','Physical or disability reason','7','Q10_a6','q10_a6','','','','{\"rftdiff\":\"on\",\"lftans\":\"q10-a6\",\"operator\":\"skip\",\"rftquess\":\"q12\",\"message\":\"\"}','','2016-05-01 19:47:52','2016-05-08 03:12:03'),(435,6,'radio','I didn&#039;t like any of the parties/ candidates (no choice)','8','Q10_a7','q10_a7','','','','{\"rftdiff\":\"on\",\"lftans\":\"q10-a7\",\"operator\":\"skip\",\"rftquess\":\"q12\",\"message\":\"\"}','','2016-05-01 19:47:52','2016-05-08 03:12:03'),(436,6,'radio','Inconvenient hours or polling place/ lies too long','9','Q10_a8','q10_a8','','','','{\"rftdiff\":\"on\",\"lftans\":\"q10-a8\",\"operator\":\"skip\",\"rftquess\":\"q12\",\"message\":\"\"}','','2016-05-01 19:47:52','2016-05-08 03:12:04'),(437,6,'radio','I worried about personal security','10','Q10_a9','q10_a9','','','','{\"rftdiff\":\"on\",\"lftans\":\"q10-a9\",\"operator\":\"skip\",\"rftquess\":\"q12\",\"message\":\"\"}','','2016-05-01 19:47:52','2016-05-08 03:12:04'),(438,6,'radio','My name was not on the voter list','11','Q10_a10','q10_a10','','','','{\"rftdiff\":\"on\",\"lftans\":\"q10-a10\",\"operator\":\"skip\",\"rftquess\":\"q12\",\"message\":\"\"}','','2016-05-01 19:47:52','2016-05-08 03:12:04'),(439,6,'radio','I was not eligible (underage, monk, or in prison)','12','Q10_a11','q10_a11','','','','{\"rftdiff\":\"on\",\"lftans\":\"q10-a11\",\"operator\":\"skip\",\"rftquess\":\"q12\",\"message\":\"\"}','','2016-05-01 19:47:52','2016-05-08 03:12:04'),(440,6,'text','Other','','Q10_a12','q10_a12','','','','{\"rftdiff\":\"on\",\"lftans\":\"q10-a12\",\"operator\":\"skip\",\"rftquess\":\"q12\",\"message\":\"\"}','','2016-05-01 19:47:52','2016-05-08 03:12:04'),(441,6,'radio','Do not know','98','Q10_a13','q10_a13','','','','{\"rftdiff\":\"on\",\"lftans\":\"q10-a13\",\"operator\":\"skip\",\"rftquess\":\"q12\",\"message\":\"\"}','','2016-05-01 19:47:52','2016-05-08 03:12:04'),(442,6,'radio','Refused to answer','99','Q10_a14','q10_a14','','','','{\"rftdiff\":\"on\",\"lftans\":\"q10-a14\",\"operator\":\"skip\",\"rftquess\":\"q12\",\"message\":\"\"}','','2016-05-01 19:47:52','2016-05-08 03:12:04'),(443,39,'radio','Yes','1','Q12_a0','q12_a0','','','','','','2016-05-01 19:49:31','2016-05-08 03:12:04'),(444,39,'radio','No','2','Q12_a1','q12_a1','','','','','','2016-05-01 19:49:32','2016-05-08 03:12:04'),(445,39,'radio','Do not know','98','Q12_a2','q12_a2','','','','','','2016-05-01 19:49:32','2016-05-08 03:12:04'),(446,39,'radio','Refused to answer','99','Q12_a3','q12_a3','','','','','','2016-05-01 19:49:32','2016-05-08 03:12:04'),(447,40,'radio','Very helpful','1','Q13_a0','q13_a0','','','','','','2016-05-01 19:50:53','2016-05-08 03:12:04'),(448,40,'radio','They can help a little','2','Q13_a1','q13_a1','','','','','','2016-05-01 19:50:53','2016-05-08 03:12:04'),(449,40,'radio','I doubt they can help','3','Q13_a2','q13_a2','','','','','','2016-05-01 19:50:53','2016-05-08 03:12:04'),(450,40,'radio','It is no use at all','4','Q13_a3','q13_a3','','','','','','2016-05-01 19:50:53','2016-05-08 03:12:04'),(451,40,'radio','Do not know','98','Q13_a4','q13_a4','','','','','','2016-05-01 19:50:53','2016-05-08 03:12:04'),(452,40,'radio','Refused to answer','99','Q13_a5','q13_a5','','','','','','2016-05-01 19:50:53','2016-05-08 03:12:04'),(466,24,'checkbox','The President','1','Q16_a0','q16_a0','','','','','','2016-05-01 19:53:48','2016-05-08 03:12:04'),(467,24,'checkbox','Member of Parliament','2','Q16_a1','q16_a1','','','','','','2016-05-01 19:53:48','2016-05-08 03:12:04'),(468,24,'checkbox','Party leaders/ political party','3','Q16_a2','q16_a2','','','','','','2016-05-01 19:53:48','2016-05-08 03:12:04'),(469,24,'checkbox','UEC/ election management bodies','4','Q16_a3','q16_a3','','','','','','2016-05-01 19:53:48','2016-05-08 03:12:04'),(470,24,'checkbox','Domestic observers','5','Q16_a4','q16_a4','','','','','','2016-05-01 19:53:48','2016-05-08 03:12:04'),(471,24,'checkbox','International observers','6','Q16_a5','q16_a5','','','','','','2016-05-01 19:53:48','2016-05-08 03:12:04'),(472,24,'checkbox','Government','7','Q16_a6','q16_a6','','','','','','2016-05-01 19:53:48','2016-05-08 03:12:04'),(473,24,'checkbox','Media','8','Q16_a7','q16_a7','','','','','','2016-05-01 19:53:48','2016-05-08 03:12:04'),(474,24,'checkbox','Myself','9','Q16_a8','q16_a8','','','','','','2016-05-01 19:53:48','2016-05-08 03:12:04'),(475,24,'checkbox','Other','10','Q16_a9','q16_a9','','','','','','2016-05-01 19:53:48','2016-05-08 03:12:04'),(476,24,'checkbox','Nobody','11','Q16_a10','q16_a10','','','','','','2016-05-01 19:53:48','2016-05-08 03:12:04'),(477,24,'checkbox','Do not know','98','Q16_a11','q16_a11','','','','','','2016-05-01 19:53:48','2016-05-08 03:12:04'),(478,24,'checkbox','Refused to answer','99','Q16_a12','q16_a12','','','','','','2016-05-01 19:53:48','2016-05-08 03:12:04'),(491,41,'radio','Correct name','1','Q20_a0','q20_a0','','','','','','2016-05-01 19:56:59','2016-05-08 03:12:05'),(492,41,'radio','Know but can&#039;t remember the name','2','Q20_a1','q20_a1','','','','','','2016-05-01 19:56:59','2016-05-08 03:12:05'),(493,41,'radio','Incorrect guess','3','Q20_a2','q20_a2','','','','','','2016-05-01 19:56:59','2016-05-08 03:12:05'),(494,41,'radio','Only know the party affiliation','4','Q20_a3','q20_a3','','','','','','2016-05-01 19:56:59','2016-05-08 03:12:05'),(495,41,'radio','Do not know','98','Q20_a4','q20_a4','','','','','','2016-05-01 19:56:59','2016-05-08 03:12:05'),(496,41,'radio','Refused to answer','99','Q20_a5','q20_a5','','','','','','2016-05-01 19:56:59','2016-05-08 03:12:05'),(497,42,'radio','Actively participate in the Parliament sessions','1','Q21a_a0','q21a_a0','','','','','','2016-05-01 19:59:30','2016-05-08 03:12:05'),(498,42,'radio','Introducing legislation in Parliament','2','Q21a_a1','q21a_a1','','','','','','2016-05-01 19:59:30','2016-05-08 03:12:05'),(499,42,'radio','Cooperating with other MPs about an issue','3','Q21a_a2','q21a_a2','','','','','','2016-05-01 19:59:30','2016-05-08 03:12:05'),(500,42,'radio','Asking questions to the relevant ministers and other members of the executive','4','Q21a_a3','q21a_a3','','','','','','2016-05-01 19:59:30','2016-05-08 03:12:05'),(501,42,'radio','Visiting the constituency on regular basis to hear concerns of the constituents','5','Q21a_a4','q21a_a4','','','','','','2016-05-01 19:59:30','2016-05-08 03:12:05'),(502,42,'radio','Mobilizing development activities in the constituency','6','Q21a_a5','q21a_a5','','','','','','2016-05-01 19:59:30','2016-05-08 03:12:05'),(503,42,'radio','Do not know','98','Q21a_a6','q21a_a6','','','','','','2016-05-01 19:59:30','2016-05-08 03:12:05'),(616,43,'number','Year of birth','','Q25y_a0','q25y_a0','','','','','','2016-05-01 20:14:54','2016-05-08 03:12:07'),(617,43,'number','Age','','Q25y_a1','q25y_a1','','','','','','2016-05-01 20:14:54','2016-05-08 03:12:07'),(620,9,'radio','Yes','1','B3A_a0','b3_a_a0','','','','','','2016-05-01 20:16:44','2016-05-08 03:12:08'),(621,9,'radio','No','2','B3A_a1','b3_a_a1','','','','','','2016-05-01 20:16:44','2016-05-08 03:12:08'),(622,12,'radio','Yes','1','B3D_a0','b3_d_a0','','','','','','2016-05-01 20:17:11','2016-05-08 03:12:08'),(623,12,'radio','No','2','B3D_a1','b3_d_a1','','','','','','2016-05-01 20:17:11','2016-05-08 03:12:08'),(624,7,'text','Number of Interval Process','','HHTable1_a0','h_h_table1_a0','','','','','','2016-05-01 20:26:02','2016-05-08 03:12:00'),(625,7,'radio','Completed interview','1','HHTable1_a1','h_h_table1_a1','','','','','','2016-05-01 20:26:02','2016-05-08 03:12:00'),(626,7,'radio','Partly completed interview','2','HHTable1_a2','h_h_table1_a2','','','','','','2016-05-01 20:26:02','2016-05-08 03:12:00'),(627,7,'radio','Refused to be interviewed','3','HHTable1_a3','h_h_table1_a3','','','','','','2016-05-01 20:26:02','2016-05-08 03:12:00'),(628,7,'radio','Person selected was never at home after at least two visits','4','HHTable1_a4','h_h_table1_a4','','','','','','2016-05-01 20:26:02','2016-05-08 03:12:00'),(629,7,'radio','Household/ premises empty for survey period after at least two visits','5','HHTable1_a5','h_h_table1_a5','','','','','','2016-05-01 20:26:02','2016-05-08 03:12:00'),(630,7,'radio','not a citizen/ spoke only a foreign language','6','HHTable1_a6','h_h_table1_a6','','','','','','2016-05-01 20:26:02','2016-05-08 03:12:00'),(631,7,'radio','Deaf/ did not speak a survey language','7','HHTable1_a7','h_h_table1_a7','','','','','','2016-05-01 20:26:02','2016-05-08 03:12:01'),(632,7,'radio','No adults in household','8','HHTable1_a8','h_h_table1_a8','','','','','','2016-05-01 20:26:02','2016-05-08 03:12:01'),(633,7,'text','Other','','HHTable1_a9','h_h_table1_a9','','','','','','2016-05-01 20:26:03','2016-05-08 03:12:01'),(634,7,'radio','Not applicable','89','HHTable1_a10','h_h_table1_a10','','','','','','2016-05-01 20:26:03','2016-05-08 03:12:01'),(673,45,'radio','Often','1','Q3B_a0','q3_b_a0','','','','','','2016-05-03 23:27:36','2016-05-08 03:12:02'),(674,45,'radio','Sometimes','2','Q3B_a1','q3_b_a1','','','','','','2016-05-03 23:27:36','2016-05-08 03:12:02'),(675,45,'radio','Never','3','Q3B_a2','q3_b_a2','','','','','','2016-05-03 23:27:36','2016-05-08 03:12:02'),(676,45,'radio','Do not know','98','Q3B_a3','q3_b_a3','','','','','','2016-05-03 23:27:36','2016-05-08 03:12:02'),(677,45,'radio','Refused to answer','99','Q3B_a4','q3_b_a4','','','','','','2016-05-03 23:27:36','2016-05-08 03:12:02'),(678,46,'radio','Often','1','Q3C_a0','q3_c_a0','','','','','','2016-05-03 23:28:02','2016-05-08 03:12:02'),(679,46,'radio','Sometimes','2','Q3C_a1','q3_c_a1','','','','','','2016-05-03 23:28:02','2016-05-08 03:12:02'),(680,46,'radio','Never','3','Q3C_a2','q3_c_a2','','','','','','2016-05-03 23:28:02','2016-05-08 03:12:02'),(681,46,'radio','Do not know','98','Q3C_a3','q3_c_a3','','','','','','2016-05-03 23:28:02','2016-05-08 03:12:02'),(682,46,'radio','Refused to answer','99','Q3C_a4','q3_c_a4','','','','','','2016-05-03 23:28:02','2016-05-08 03:12:02'),(683,47,'radio','Yes, often','5','Q4B_a0','q4_b_a0','','','','','','2016-05-03 23:34:58','2016-05-08 03:12:02'),(684,47,'radio','Yes, Several times','4','Q4B_a1','q4_b_a1','','','','','','2016-05-03 23:34:58','2016-05-08 03:12:02'),(685,47,'radio','Yes, Once or twice','3','Q4B_a2','q4_b_a2','','','','','','2016-05-03 23:34:58','2016-05-08 03:12:02'),(686,47,'radio',' No, Would if had the chance','2','Q4B_a3','q4_b_a3','','','','','','2016-05-03 23:34:58','2016-05-08 03:12:02'),(687,47,'radio',' No, would never do this','1','Q4B_a4','q4_b_a4','','','','','','2016-05-03 23:34:58','2016-05-08 03:12:02'),(688,47,'radio',' Refused to answer','99','Q4B_a5','q4_b_a5','','','','','','2016-05-03 23:34:58','2016-05-08 03:12:03'),(689,48,'radio','Yes, often','5','Q4C_a0','q4_c_a0','','','','','','2016-05-03 23:40:24','2016-05-08 03:12:03'),(690,48,'radio','Yes, several times','4','Q4C_a1','q4_c_a1','','','','','','2016-05-03 23:40:24','2016-05-08 03:12:03'),(691,48,'radio','Yes, once or twice','3','Q4C_a2','q4_c_a2','','','','','','2016-05-03 23:40:24','2016-05-08 03:12:03'),(692,48,'radio','No, Would if had the chance','2','Q4C_a3','q4_c_a3','','','','','','2016-05-03 23:40:24','2016-05-08 03:12:03'),(693,48,'radio','No, would never do this','1','Q4C_a4','q4_c_a4','','','','','','2016-05-03 23:40:24','2016-05-08 03:12:03'),(694,48,'radio',' Refused to answer','99','Q4C_a5','q4_c_a5','','','','','','2016-05-03 23:40:24','2016-05-08 03:12:03'),(695,49,'radio','Great deal of confidence','1','Q8B_a0','q8_b_a0','','','','','','2016-05-04 00:15:07','2016-05-08 03:12:03'),(696,49,'radio','Quite a lot of confidence','2','Q8B_a1','q8_b_a1','','','','','','2016-05-04 00:15:08','2016-05-08 03:12:03'),(697,49,'radio','Not very much confidence','3','Q8B_a2','q8_b_a2','','','','','','2016-05-04 00:15:09','2016-05-08 03:12:03'),(698,49,'radio',' None at all','4','Q8B_a3','q8_b_a3','','','','','','2016-05-04 00:15:09','2016-05-08 03:12:03'),(699,49,'radio','  Do not know','98','Q8B_a4','q8_b_a4','','','','','','2016-05-04 00:15:09','2016-05-08 03:12:03'),(700,49,'radio',' Refused to answer','99','Q8B_a5','q8_b_a5','','','','','','2016-05-04 00:15:09','2016-05-08 03:12:03'),(701,50,'radio','Great deal of confidence','1','Q8C_a0','q8_c_a0','','','','','','2016-05-04 00:18:35','2016-05-08 03:12:03'),(702,50,'radio','Quite a lot of confidence','2','Q8C_a1','q8_c_a1','','','','','','2016-05-04 00:18:35','2016-05-08 03:12:03'),(703,50,'radio',' Not very much confidence','3','Q8C_a2','q8_c_a2','','','','','','2016-05-04 00:18:35','2016-05-08 03:12:03'),(704,50,'radio',' None at all','4','Q8C_a3','q8_c_a3','','','','','','2016-05-04 00:18:35','2016-05-08 03:12:03'),(705,50,'radio',' Do not know','98','Q8C_a4','q8_c_a4','','','','','','2016-05-04 00:18:35','2016-05-08 03:12:03'),(706,50,'radio','  Refused to answer','99','Q8C_a5','q8_c_a5','','','','','','2016-05-04 00:18:35','2016-05-08 03:12:03'),(707,51,'radio','Great deal of confidence','1','Q8D_a0','q8_d_a0','','','','','','2016-05-04 00:23:02','2016-05-08 03:12:03'),(708,51,'radio','Quite a lot of confidence','2','Q8D_a1','q8_d_a1','','','','','','2016-05-04 00:23:02','2016-05-08 03:12:03'),(709,51,'radio','Not very much confidence','3','Q8D_a2','q8_d_a2','','','','','','2016-05-04 00:23:02','2016-05-08 03:12:03'),(710,51,'radio','None at all','4','Q8D_a3','q8_d_a3','','','','','','2016-05-04 00:23:02','2016-05-08 03:12:03'),(711,51,'radio','Do not know','98','Q8D_a4','q8_d_a4','','','','','','2016-05-04 00:23:02','2016-05-08 03:12:03'),(712,51,'radio',' Refused to answer','99','Q8D_a5','q8_d_a5','','','','','','2016-05-04 00:23:02','2016-05-08 03:12:03'),(713,52,'radio','Great deal of confidence','1','Q8E_a0','q8_e_a0','','','','','','2016-05-04 00:25:14','2016-05-08 03:12:03'),(714,52,'radio','Quite a lot of confidence','2','Q8E_a1','q8_e_a1','','','','','','2016-05-04 00:25:14','2016-05-08 03:12:03'),(715,52,'radio','Not very much confidence','3','Q8E_a2','q8_e_a2','','','','','','2016-05-04 00:25:14','2016-05-08 03:12:03'),(716,52,'radio','None at all','4','Q8E_a3','q8_e_a3','','','','','','2016-05-04 00:25:14','2016-05-08 03:12:03'),(717,52,'radio','Do not know','98','Q8E_a4','q8_e_a4','','','','','','2016-05-04 00:25:14','2016-05-08 03:12:03'),(718,52,'radio','Refused to answer','99','Q8E_a5','q8_e_a5','','','','','','2016-05-04 00:25:14','2016-05-08 03:12:03'),(719,53,'radio','Great deal of confidence','1','Q8F_a0','q8_f_a0','','','','','','2016-05-04 00:27:30','2016-05-08 03:12:03'),(720,53,'radio','Quite a lot of confidence','2','Q8F_a1','q8_f_a1','','','','','','2016-05-04 00:27:30','2016-05-08 03:12:03'),(721,53,'radio','Not very much confidence','3','Q8F_a2','q8_f_a2','','','','','','2016-05-04 00:27:30','2016-05-08 03:12:03'),(722,53,'radio','None at all','4','Q8F_a3','q8_f_a3','','','','','','2016-05-04 00:27:30','2016-05-08 03:12:03'),(723,53,'radio','Do not know','98','Q8F_a4','q8_f_a4','','','','','','2016-05-04 00:27:30','2016-05-08 03:12:03'),(724,53,'radio','Refused to answer','99','Q8F_a5','q8_f_a5','','','','','','2016-05-04 00:27:30','2016-05-08 03:12:03'),(725,54,'radio',' Great deal of confidence','1','Q8G_a0','q8_g_a0','','','','','','2016-05-04 00:29:40','2016-05-08 03:12:03'),(726,54,'radio',' Quite a lot of confidence','2','Q8G_a1','q8_g_a1','','','','','','2016-05-04 00:29:40','2016-05-08 03:12:03'),(727,54,'radio','  Not very much confidence','3','Q8G_a2','q8_g_a2','','','','','','2016-05-04 00:29:40','2016-05-08 03:12:03'),(728,54,'radio','   None at all','4','Q8G_a3','q8_g_a3','','','','','','2016-05-04 00:29:40','2016-05-08 03:12:03'),(729,54,'radio','  Do not know','98','Q8G_a4','q8_g_a4','','','','','','2016-05-04 00:29:40','2016-05-08 03:12:03'),(730,54,'radio','  Refused to answer','99','Q8G_a5','q8_g_a5','','','','','','2016-05-04 00:29:40','2016-05-08 03:12:03'),(737,56,'radio','Great deal of confidence','1','Q8I_a0','q8_i_a0','','','','','','2016-05-04 00:33:59','2016-05-08 03:12:03'),(738,56,'radio','Quite a lot of confidence','2','Q8I_a1','q8_i_a1','','','','','','2016-05-04 00:33:59','2016-05-08 03:12:03'),(739,56,'radio','Not very much confidence','3','Q8I_a2','q8_i_a2','','','','','','2016-05-04 00:33:59','2016-05-08 03:12:03'),(740,56,'radio','None at all','4','Q8I_a3','q8_i_a3','','','','','','2016-05-04 00:33:59','2016-05-08 03:12:03'),(741,56,'radio',' Do not know','98','Q8I_a4','q8_i_a4','','','','','','2016-05-04 00:33:59','2016-05-08 03:12:03'),(742,56,'radio','Refused to answer','99','Q8I_a5','q8_i_a5','','','','','','2016-05-04 00:33:59','2016-05-08 03:12:03'),(743,57,'radio','Great deal of confidence','1','Q8J_a0','q8_j_a0','','','','','','2016-05-04 00:35:52','2016-05-08 03:12:03'),(744,57,'radio','Quite a lot of confidence','2','Q8J_a1','q8_j_a1','','','','','','2016-05-04 00:35:52','2016-05-08 03:12:03'),(745,57,'radio','Not very much confidence','3','Q8J_a2','q8_j_a2','','','','','','2016-05-04 00:35:52','2016-05-08 03:12:03'),(746,57,'radio','None at all','4','Q8J_a3','q8_j_a3','','','','','','2016-05-04 00:35:52','2016-05-08 03:12:03'),(747,57,'radio','Do not know','98','Q8J_a4','q8_j_a4','','','','','','2016-05-04 00:35:52','2016-05-08 03:12:03'),(748,57,'radio','Refused to answer','99','Q8J_a5','q8_j_a5','','','','','','2016-05-04 00:35:52','2016-05-08 03:12:03'),(749,58,'radio','Great deal of confidence','1','Q8K_a0','q8_k_a0','','','','','','2016-05-04 00:38:31','2016-05-08 03:12:03'),(750,58,'radio','Quite a lot of confidence','2','Q8K_a1','q8_k_a1','','','','','','2016-05-04 00:38:31','2016-05-08 03:12:03'),(751,58,'radio','Not very much confidence','3','Q8K_a2','q8_k_a2','','','','','','2016-05-04 00:38:31','2016-05-08 03:12:03'),(752,58,'radio',' None at all','4','Q8K_a3','q8_k_a3','','','','','','2016-05-04 00:38:31','2016-05-08 03:12:03'),(753,58,'radio','Do not know','98','Q8K_a4','q8_k_a4','','','','','','2016-05-04 00:38:31','2016-05-08 03:12:03'),(754,58,'radio','Refused to answer','99','Q8K_a5','q8_k_a5','','','','','','2016-05-04 00:38:31','2016-05-08 03:12:03'),(755,59,'radio','Very helpful','1','Q14_a0','q14_a0','','','','','','2016-05-04 00:41:46','2016-05-08 03:12:04'),(756,59,'radio','They can help a little','2','Q14_a1','q14_a1','','','','','','2016-05-04 00:41:46','2016-05-08 03:12:04'),(757,59,'radio','I doubt they can help','3','Q14_a2','q14_a2','','','','','','2016-05-04 00:41:46','2016-05-08 03:12:04'),(758,59,'radio','It is no use at all','4','Q14_a3','q14_a3','','','','','','2016-05-04 00:41:46','2016-05-08 03:12:04'),(759,59,'radio','Do not know','98','Q14_a4','q14_a4','','','','','','2016-05-04 00:41:46','2016-05-08 03:12:04'),(760,59,'radio','Refused to answer','99','Q14_a5','q14_a5','','','','','','2016-05-04 00:41:46','2016-05-08 03:12:04'),(761,60,'radio','Very satisfied','1','Q15_a0','q15_a0','','','','{\"lftans\":\"q15-a0\",\"operator\":\"=\",\"rftval\":\"\",\"message\":\"\"}','','2016-05-04 02:49:42','2016-05-08 03:12:04'),(762,60,'radio','Somewhat satisfied','2','Q15_a1','q15_a1','','','','','','2016-05-04 02:49:42','2016-05-08 03:12:04'),(763,60,'radio','Somewhat dissatisfied','3','Q15_a2','q15_a2','','','','','','2016-05-04 02:49:42','2016-05-08 03:12:04'),(764,60,'radio','Very dissatisfied','4','Q15_a3','q15_a3','','','','','','2016-05-04 02:49:42','2016-05-08 03:12:04'),(765,60,'radio','Do not know','98','Q15_a4','q15_a4','','','','','','2016-05-04 02:49:42','2016-05-08 03:12:04'),(766,60,'radio','Refused to answer','99','Q15_a5','q15_a5','','','','','','2016-05-04 02:49:42','2016-05-08 03:12:04'),(782,61,'radio','Independent ','1','Q18_a0','q18_a0','','','','','','2016-05-04 03:09:36','2016-05-08 03:12:05'),(783,61,'radio','Experiences/ expertise ','2','Q18_a1','q18_a1','','','','','','2016-05-04 03:09:36','2016-05-08 03:12:05'),(784,61,'radio','Hard-working','3','Q18_a2','q18_a2','','','','','','2016-05-04 03:09:36','2016-05-08 03:12:05'),(785,61,'radio','Legal background','4','Q18_a3','q18_a3','','','','','','2016-05-04 03:09:37','2016-05-08 03:12:05'),(786,61,'radio','Integrity/ trustworthiness','5','Q18_a4','q18_a4','','','','','','2016-05-04 03:09:38','2016-05-08 03:12:05'),(787,61,'radio','Effectiveness','6','Q18_a5','q18_a5','','','','','','2016-05-04 03:09:38','2016-05-08 03:12:05'),(788,61,'radio','Strong leadership','7','Q18_a6','q18_a6','','','','','','2016-05-04 03:09:39','2016-05-08 03:12:05'),(789,61,'text','Other, specify ','8','Q18_a7','q18_a7','','','','','','2016-05-04 03:09:39','2016-05-08 03:12:05'),(790,61,'radio','Do not know','98','Q18_a8','q18_a8','','','','','','2016-05-04 03:09:40','2016-05-08 03:12:05'),(791,61,'radio','Refused to answer','99','Q18_a9','q18_a9','','','','','','2016-05-04 03:09:40','2016-05-08 03:12:05'),(792,55,'radio','Great deal of confidence','1','Q8_a0','q8_a0','','','','','','2016-05-04 03:54:37','2016-05-08 03:12:03'),(793,55,'radio','Quite a lot of confidence','2','Q8_a1','q8_a1','','','','','','2016-05-04 03:54:37','2016-05-08 03:12:03'),(794,55,'radio',' Not very much confidence','3','Q8_a2','q8_a2','','','','','','2016-05-04 03:54:37','2016-05-08 03:12:03'),(795,55,'radio',' None at all','4','Q8_a3','q8_a3','','','','','','2016-05-04 03:54:37','2016-05-08 03:12:03'),(796,55,'radio','Do not know','98','Q8_a4','q8_a4','','','','','','2016-05-04 03:54:37','2016-05-08 03:12:03'),(797,55,'radio','Refused to answer','99','Q8_a5','q8_a5','','','','','','2016-05-04 03:54:37','2016-05-08 03:12:03'),(798,62,'radio','Voters will elect the president directly','1','Q19_a0','q19_a0','','','','','','2016-05-04 04:02:51','2016-05-08 03:12:05'),(799,62,'radio','The party who get the most seats will appoint the president ','2','Q19_a1','q19_a1','','','','','','2016-05-04 04:02:51','2016-05-08 03:12:05'),(800,62,'radio','Election by the Pyidaungsu Hluttaw','3','Q19_a2','q19_a2','','','','','','2016-05-04 04:02:51','2016-05-08 03:12:05'),(801,62,'radio','Military will appoint the president','4','Q19_a3','q19_a3','','','','','','2016-05-04 04:02:51','2016-05-08 03:12:05'),(802,62,'radio','Other incorrect answer','5','Q19_a4','q19_a4','','','','','','2016-05-04 04:02:51','2016-05-08 03:12:05'),(803,62,'radio','Do not know','98','Q19_a5','q19_a5','','','','','','2016-05-04 04:02:51','2016-05-08 03:12:05'),(804,62,'radio','Refused to answer','99','Q19_a6','q19_a6','','','','','','2016-05-04 04:02:51','2016-05-08 03:12:05'),(810,63,'radio',' Correct name','1','Q20B_a0','q20_b_a0','','','','','','2016-05-04 04:07:29','2016-05-08 03:12:05'),(811,63,'radio',' Know but can&#039;t remember the name','2','Q20B_a1','q20_b_a1','','','','','','2016-05-04 04:07:29','2016-05-08 03:12:05'),(812,63,'radio','Incorrect guess','3','Q20B_a2','q20_b_a2','','','','','','2016-05-04 04:07:29','2016-05-08 03:12:05'),(813,63,'radio','Only know the party affiliation','4','Q20B_a3','q20_b_a3','','','','','','2016-05-04 04:07:29','2016-05-08 03:12:05'),(814,63,'radio','Do not know','98','Q20B_a4','q20_b_a4','','','','','','2016-05-04 04:07:29','2016-05-08 03:12:05'),(815,63,'radio','Refused to answer','99','Q20B_a5','q20_b_a5','','','','','','2016-05-04 04:07:29','2016-05-08 03:12:05'),(816,64,'radio','Actively participate in the Parliament sessions','1','Q21B_a0','q21_b_a0','','','','','','2016-05-04 04:10:13','2016-05-08 03:12:05'),(817,64,'radio','Introducing legislation in Parliament','2','Q21B_a1','q21_b_a1','','','','','','2016-05-04 04:10:13','2016-05-08 03:12:05'),(818,64,'radio',' Cooperating with other MPs about an issue','3','Q21B_a2','q21_b_a2','','','','','','2016-05-04 04:10:13','2016-05-08 03:12:05'),(819,64,'radio',' Asking questions to the relevant ministers and other members of the executive','4','Q21B_a3','q21_b_a3','','','','','','2016-05-04 04:10:13','2016-05-08 03:12:05'),(820,64,'radio',' Visiting the constituency on regular basis to hear concerns of the constituents','5','Q21B_a4','q21_b_a4','','','','','','2016-05-04 04:10:13','2016-05-08 03:12:05'),(821,64,'radio','Mobilizing development activities in the constituency','6','Q21B_a5','q21_b_a5','','','','','','2016-05-04 04:10:13','2016-05-08 03:12:05'),(822,64,'radio','Do not know','98','Q21B_a6','q21_b_a6','','','','','','2016-05-04 04:10:13','2016-05-08 03:12:05'),(823,65,'number','Numbers from the interval process','','HHTable2_a0','h_h_table2_a0','','','','','','2016-05-04 07:49:39','2016-05-08 03:12:01'),(824,65,'radio','Completed interview','1','HHTable2_a1','h_h_table2_a1','','','','','','2016-05-04 07:49:39','2016-05-08 03:12:01'),(825,65,'radio','Partly completed interview','2','HHTable2_a2','h_h_table2_a2','','','','','','2016-05-04 07:49:39','2016-05-08 03:12:01'),(826,65,'radio','Refused to be interviewed','3','HHTable2_a3','h_h_table2_a3','','','','','','2016-05-04 07:49:39','2016-05-08 03:12:01'),(827,65,'radio','Person selected was never at home after at least two visits','4','HHTable2_a4','h_h_table2_a4','','','','','','2016-05-04 07:49:39','2016-05-08 03:12:01'),(828,65,'radio','Household/ premises empty for survey period after at least 2 visits','5','HHTable2_a5','h_h_table2_a5','','','','','','2016-05-04 07:49:39','2016-05-08 03:12:01'),(829,65,'radio','Not a citizen/ spoke only a foreign language','6','HHTable2_a6','h_h_table2_a6','','','','','','2016-05-04 07:49:39','2016-05-08 03:12:01'),(830,65,'radio','Deaf/ did not speak a survey language','7','HHTable2_a7','h_h_table2_a7','','','','','','2016-05-04 07:49:39','2016-05-08 03:12:01'),(831,65,'radio','No adults in household','8','HHTable2_a8','h_h_table2_a8','','','','','','2016-05-04 07:49:39','2016-05-08 03:12:01'),(832,65,'text','Other','','HHTable2_a9','h_h_table2_a9','','','','','','2016-05-04 07:49:39','2016-05-08 03:12:01'),(833,65,'radio','Not applicable','89','HHTable2_a10','h_h_table2_a10','','','','','','2016-05-04 07:49:39','2016-05-08 03:12:01'),(834,66,'number','Numbers from the interval process','','HHTable3_a0','h_h_table3_a0','','','','','','2016-05-04 07:52:31','2016-05-08 03:12:01'),(835,66,'radio','Completed interview','','HHTable3_a1','h_h_table3_a1','','','','','','2016-05-04 07:52:31','2016-05-08 03:12:01'),(836,66,'radio','Completed interview','1','HHTable3_a2','h_h_table3_a2','','','','','','2016-05-04 07:52:31','2016-05-08 03:12:01'),(837,66,'radio','Partly completed interview','2','HHTable3_a3','h_h_table3_a3','','','','','','2016-05-04 07:52:31','2016-05-08 03:12:01'),(838,66,'radio','Refused to be interviewed','3','HHTable3_a4','h_h_table3_a4','','','','','','2016-05-04 07:52:31','2016-05-08 03:12:01'),(839,66,'radio','Person selected was never at home after at least two visits','4','HHTable3_a5','h_h_table3_a5','','','','','','2016-05-04 07:52:31','2016-05-08 03:12:01'),(840,66,'radio','Household/ premises empty for survey period after at least 2 visits','5','HHTable3_a6','h_h_table3_a6','','','','','','2016-05-04 07:52:31','2016-05-08 03:12:01'),(841,66,'radio','Not a citizen/ spoke only a foreign language','6','HHTable3_a7','h_h_table3_a7','','','','','','2016-05-04 07:52:31','2016-05-08 03:12:01'),(842,66,'radio','Deaf/ did not speak a survey language','7','HHTable3_a8','h_h_table3_a8','','','','','','2016-05-04 07:52:31','2016-05-08 03:12:01'),(843,66,'radio','No adults in household','8','HHTable3_a9','h_h_table3_a9','','','','','','2016-05-04 07:52:32','2016-05-08 03:12:01'),(844,66,'text','Others, specify','','HHTable3_a10','h_h_table3_a10','','','','','','2016-05-04 07:52:32','2016-05-08 03:12:01'),(845,66,'radio','Not applicable','89','HHTable3_a11','h_h_table3_a11','','','','','','2016-05-04 07:52:32','2016-05-08 03:12:01'),(912,70,'number','Numbers from the interval process','','HHTable7_a0','h_h_table7_a0','','','','','','2016-05-04 08:03:54','2016-05-08 03:12:02'),(913,70,'radio','Completed interview','1','HHTable7_a1','h_h_table7_a1','','','','','','2016-05-04 08:03:54','2016-05-08 03:12:02'),(914,70,'radio','Partly completed interview','2','HHTable7_a2','h_h_table7_a2','','','','','','2016-05-04 08:03:54','2016-05-08 03:12:02'),(915,70,'radio','Refused to be interviewed','3','HHTable7_a3','h_h_table7_a3','','','','','','2016-05-04 08:03:54','2016-05-08 03:12:02'),(916,70,'radio','Person selected was never at home after at least 2 visits','4','HHTable7_a4','h_h_table7_a4','','','','','','2016-05-04 08:03:54','2016-05-08 03:12:02'),(917,70,'radio','Household/ premises empty for survey period after at least 2 visits','5','HHTable7_a5','h_h_table7_a5','','','','','','2016-05-04 08:03:54','2016-05-08 03:12:02'),(918,70,'radio','Not a citizen/ spoke only a foreign language','6','HHTable7_a6','h_h_table7_a6','','','','','','2016-05-04 08:03:54','2016-05-08 03:12:02'),(919,70,'radio','Dead/ did not speak a survey language','7','HHTable7_a7','h_h_table7_a7','','','','','','2016-05-04 08:03:54','2016-05-08 03:12:02'),(920,70,'radio','No adults in household','8','HHTable7_a8','h_h_table7_a8','','','','','','2016-05-04 08:03:54','2016-05-08 03:12:02'),(921,70,'text','Other, specify','','HHTable7_a9','h_h_table7_a9','','','','','','2016-05-04 08:03:54','2016-05-08 03:12:02'),(922,70,'radio','Not applicable','89','HHTable7_a10','h_h_table7_a10','','','','','','2016-05-04 08:03:54','2016-05-08 03:12:02'),(934,67,'number','Numbers from the interval process','','HHTable4_a0','h_h_table4_a0','','','','','','2016-05-04 08:04:41','2016-05-08 03:12:01'),(935,67,'radio','Completed interview','1','HHTable4_a1','h_h_table4_a1','','','','','','2016-05-04 08:04:41','2016-05-08 03:12:01'),(936,67,'radio','Partly completed interview','2','HHTable4_a2','h_h_table4_a2','','','','','','2016-05-04 08:04:41','2016-05-08 03:12:01'),(937,67,'radio','Refused to be interviewed','3','HHTable4_a3','h_h_table4_a3','','','','','','2016-05-04 08:04:41','2016-05-08 03:12:01'),(938,67,'radio','Person selected was never at home after at least 2 visits','4','HHTable4_a4','h_h_table4_a4','','','','','','2016-05-04 08:04:41','2016-05-08 03:12:01'),(939,67,'radio','Household/ premises empty for survey period after at least 2 visits','5','HHTable4_a5','h_h_table4_a5','','','','','','2016-05-04 08:04:41','2016-05-08 03:12:01'),(940,67,'radio','Not a citizen/ spoke only a foreign language','6','HHTable4_a6','h_h_table4_a6','','','','','','2016-05-04 08:04:41','2016-05-08 03:12:01'),(941,67,'radio','Dead/ did not speak a survey language','7','HHTable4_a7','h_h_table4_a7','','','','','','2016-05-04 08:04:41','2016-05-08 03:12:01'),(942,67,'radio','No adults in household','8','HHTable4_a8','h_h_table4_a8','','','','','','2016-05-04 08:04:41','2016-05-08 03:12:01'),(943,67,'text','Others, specify','','HHTable4_a9','h_h_table4_a9','','','','','','2016-05-04 08:04:41','2016-05-08 03:12:01'),(944,67,'radio','Not applicable','89','HHTable4_a10','h_h_table4_a10','','','','','','2016-05-04 08:04:41','2016-05-08 03:12:01'),(945,68,'number','Numbers from the interval process','','HHTable5_a0','h_h_table5_a0','','','','','','2016-05-04 08:05:11','2016-05-08 03:12:01'),(946,68,'radio','Completed interview','1','HHTable5_a1','h_h_table5_a1','','','','','','2016-05-04 08:05:11','2016-05-08 03:12:01'),(947,68,'radio','Partly completed interview','2','HHTable5_a2','h_h_table5_a2','','','','','','2016-05-04 08:05:11','2016-05-08 03:12:01'),(948,68,'radio','Refused to be interviewed','3','HHTable5_a3','h_h_table5_a3','','','','','','2016-05-04 08:05:11','2016-05-08 03:12:01'),(949,68,'radio','Person selected was never at home after at least 2 visits','4','HHTable5_a4','h_h_table5_a4','','','','','','2016-05-04 08:05:11','2016-05-08 03:12:01'),(950,68,'radio','Household/ premises empty for survey period after at least 2 visits','5','HHTable5_a5','h_h_table5_a5','','','','','','2016-05-04 08:05:11','2016-05-08 03:12:01'),(951,68,'radio','Not a citizen/ spoke only a foreign language','6','HHTable5_a6','h_h_table5_a6','','','','','','2016-05-04 08:05:11','2016-05-08 03:12:01'),(952,68,'radio','Dead/ did not speak a survey language','7','HHTable5_a7','h_h_table5_a7','','','','','','2016-05-04 08:05:11','2016-05-08 03:12:01'),(953,68,'radio','No adults in household','8','HHTable5_a8','h_h_table5_a8','','','','','','2016-05-04 08:05:11','2016-05-08 03:12:01'),(954,68,'text','Other, specify','','HHTable5_a9','h_h_table5_a9','','','','','','2016-05-04 08:05:11','2016-05-08 03:12:01'),(955,68,'radio','Not applicable','89','HHTable5_a10','h_h_table5_a10','','','','','','2016-05-04 08:05:11','2016-05-08 03:12:01'),(956,69,'number','Number from the interval process','','HHTable6_a0','h_h_table6_a0','','','','','','2016-05-04 08:05:54','2016-05-08 03:12:01'),(957,69,'radio','Completed interview','1','HHTable6_a1','h_h_table6_a1','','','','','','2016-05-04 08:05:54','2016-05-08 03:12:01'),(958,69,'radio','Partly completed interview','2','HHTable6_a2','h_h_table6_a2','','','','','','2016-05-04 08:05:54','2016-05-08 03:12:02'),(959,69,'radio','Refused to be interviewed','3','HHTable6_a3','h_h_table6_a3','','','','','','2016-05-04 08:05:54','2016-05-08 03:12:02'),(960,69,'radio','Person selected was never at home after at least two visits','4','HHTable6_a4','h_h_table6_a4','','','','','','2016-05-04 08:05:54','2016-05-08 03:12:02'),(961,69,'radio','Household/ premises empty for survey period after at least 2 visits','5','HHTable6_a5','h_h_table6_a5','','','','','','2016-05-04 08:05:54','2016-05-08 03:12:02'),(962,69,'radio','Not a citizen/ spoke only a foreign language','6','HHTable6_a6','h_h_table6_a6','','','','','','2016-05-04 08:05:54','2016-05-08 03:12:02'),(963,69,'radio','Dead/ did not speak a survey language','7','HHTable6_a7','h_h_table6_a7','','','','','','2016-05-04 08:05:54','2016-05-08 03:12:02'),(964,69,'radio','No adults in household','8','HHTable6_a8','h_h_table6_a8','','','','','','2016-05-04 08:05:54','2016-05-08 03:12:02'),(965,69,'text','Other,specify','','HHTable6_a9','h_h_table6_a9','','','','','','2016-05-04 08:05:54','2016-05-08 03:12:02'),(966,69,'radio','Not applicable','89','HHTable6_a10','h_h_table6_a10','','','','','','2016-05-04 08:05:54','2016-05-08 03:12:02'),(967,27,'datetime','Time in 24hr clock','','A4_a0','a4_a0','','','','','','2016-05-04 08:07:35','2016-05-08 03:12:02'),(968,37,'radio','Agree strongly with statement 1','1','Q7_a0','q7_a0','','','','','','2016-05-04 08:10:19','2016-05-08 03:12:03'),(969,37,'radio','Agree with statement 1','2','Q7_a1','q7_a1','','','','','','2016-05-04 08:10:20','2016-05-08 03:12:03'),(970,37,'radio','Agree with statement 2','3','Q7_a2','q7_a2','','','','','','2016-05-04 08:10:20','2016-05-08 03:12:03'),(971,37,'radio','Agree very strongly with statement 2','4','Q7_a3','q7_a3','','','','','','2016-05-04 08:10:20','2016-05-08 03:12:03'),(972,37,'radio','Agree with neither','5','Q7_a4','q7_a4','','','','','','2016-05-04 08:10:20','2016-05-08 03:12:03'),(973,37,'radio','Do not know','98','Q7_a5','q7_a5','','','','','','2016-05-04 08:10:20','2016-05-08 03:12:03'),(974,8,'radio','To support a political party/ candidate','1','Q11_a0','q11_a0','','','','','','2016-05-04 08:14:43','2016-05-08 03:12:04'),(975,8,'radio','To oppose a political party/ candidate','2','Q11_a1','q11_a1','','','','','','2016-05-04 08:14:43','2016-05-08 03:12:04'),(976,8,'radio','It is a civic duty to vote','3','Q11_a2','q11_a2','','','','','','2016-05-04 08:14:43','2016-05-08 03:12:04'),(977,8,'radio','Because I think it is important to vote','4','Q11_a3','q11_a3','','','','','','2016-05-04 08:14:43','2016-05-08 03:12:04'),(978,8,'radio','Out of habit (I always vote)','5','Q11_a4','q11_a4','','','','','','2016-05-04 08:14:43','2016-05-08 03:12:04'),(979,8,'radio','Choosing my representative','6','Q11_a5','q11_a5','','','','','','2016-05-04 08:14:43','2016-05-08 03:12:04'),(980,8,'radio','Because a family member, a friend, or other person encouraged me to vote','7','Q11_a6','q11_a6','','','','','','2016-05-04 08:14:43','2016-05-08 03:12:04'),(981,8,'radio','It allows me to express my opinion','8','Q11_a7','q11_a7','','','','','','2016-05-04 08:14:43','2016-05-08 03:12:04'),(982,8,'text','Other, specify','','Q11_a8','q11_a8','','','','','','2016-05-04 08:14:43','2016-05-08 03:12:04'),(983,8,'radio','Do not know','98','Q11_a9','q11_a9','','','','','','2016-05-04 08:14:43','2016-05-08 03:12:04'),(984,8,'radio','Refused to answer','99','Q11_a10','q11_a10','','','','','','2016-05-04 08:14:43','2016-05-08 03:12:04'),(985,33,'radio','Electoral laws','1','Q17b1_a0','q17b1_a0','','','','','','2016-05-04 08:19:32','2016-05-08 03:12:04'),(986,33,'radio','Structure and appointment of the UEC and its sub-commission','2','Q17b1_a1','q17b1_a1','','','','','','2016-05-04 08:19:32','2016-05-08 03:12:04'),(987,33,'radio','Election timeline and calendar','3','Q17b1_a2','q17b1_a2','','','','','','2016-05-04 08:19:32','2016-05-08 03:12:04'),(988,33,'radio','Access to information (including timeliness and quality)','4','Q17b1_a3','q17b1_a3','','','','','','2016-05-04 08:19:32','2016-05-08 03:12:04'),(989,33,'radio','Civic and/ or voter education','5','Q17b1_a4','q17b1_a4','','','','','','2016-05-04 08:19:32','2016-05-08 03:12:04'),(990,33,'radio','Voter list/ registration','6','Q17b1_a5','q17b1_a5','','','','','','2016-05-04 08:19:32','2016-05-08 03:12:04'),(991,33,'radio','Candidates and nomination prcess','7','Q17b1_a6','q17b1_a6','','','','','','2016-05-04 08:19:32','2016-05-08 03:12:04'),(992,33,'radio','Campaign process','8','Q17b1_a7','q17b1_a7','','','','','','2016-05-04 08:19:32','2016-05-08 03:12:04'),(993,33,'radio','Election Day Management','9','Q17b1_a8','q17b1_a8','','','','','','2016-05-04 08:19:32','2016-05-08 03:12:04'),(994,33,'radio','Advanced voting','10','Q17b1_a9','q17b1_a9','','','','','','2016-05-04 08:19:32','2016-05-08 03:12:04'),(995,33,'radio','Role of political parties','11','Q17b1_a10','q17b1_a10','','','','','','2016-05-04 08:19:32','2016-05-08 03:12:04'),(996,33,'radio','Election observation','12','Q17b1_a11','q17b1_a11','','','','','','2016-05-04 08:19:32','2016-05-08 03:12:04'),(997,33,'radio','Complaints and dispute resolution','13','Q17b1_a12','q17b1_a12','','','','','','2016-05-04 08:19:32','2016-05-08 03:12:04'),(998,33,'radio','Use of technology','14','Q17b1_a13','q17b1_a13','','','','','','2016-05-04 08:19:32','2016-05-08 03:12:04'),(999,33,'radio','Media fairness','15','Q17b1_a14','q17b1_a14','','','','','','2016-05-04 08:19:32','2016-05-08 03:12:04'),(1000,33,'radio','Corruption/ money politics','16','Q17b1_a15','q17b1_a15','','','','','','2016-05-04 08:19:32','2016-05-08 03:12:04'),(1001,33,'radio','Security','17','Q17b1_a16','q17b1_a16','','','','','','2016-05-04 08:19:32','2016-05-08 03:12:04'),(1002,33,'radio','Electoral fraud','18','Q17b1_a17','q17b1_a17','','','','','','2016-05-04 08:19:32','2016-05-08 03:12:04'),(1003,33,'text','Other, specify','','Q17b1_a18','q17b1_a18','','','','','','2016-05-04 08:19:32','2016-05-08 03:12:04'),(1004,33,'radio','Nothing/ no problem','20','Q17b1_a19','q17b1_a19','','','','','','2016-05-04 08:19:32','2016-05-08 03:12:04'),(1005,33,'radio','Do not know','98','Q17b1_a20','q17b1_a20','','','','','','2016-05-04 08:19:32','2016-05-08 03:12:04'),(1006,33,'radio','Refused to answer','99','Q17b1_a21','q17b1_a21','','','','','','2016-05-04 08:19:32','2016-05-08 03:12:04'),(1007,71,'radio','Electoral laws','1','Q17b2_a0','q17b2_a0','','','','','','2016-05-04 08:24:52','2016-05-08 03:12:04'),(1008,71,'radio','Structure and appointment of the UEC and its sub-commission','2','Q17b2_a1','q17b2_a1','','','','','','2016-05-04 08:24:52','2016-05-08 03:12:04'),(1009,71,'radio','Election timeline and calendar','3','Q17b2_a2','q17b2_a2','','','','','','2016-05-04 08:24:52','2016-05-08 03:12:04'),(1010,71,'radio','Access to information (incl timeliness and quality)','4','Q17b2_a3','q17b2_a3','','','','','','2016-05-04 08:24:52','2016-05-08 03:12:04'),(1011,71,'radio','Civic and/ or voter education','5','Q17b2_a4','q17b2_a4','','','','','','2016-05-04 08:24:52','2016-05-08 03:12:04'),(1012,71,'radio','Voter list/ registration','6','Q17b2_a5','q17b2_a5','','','','','','2016-05-04 08:24:52','2016-05-08 03:12:04'),(1013,71,'radio','Candidates and nomination process','7','Q17b2_a6','q17b2_a6','','','','','','2016-05-04 08:24:52','2016-05-08 03:12:04'),(1014,71,'radio','Campaign process','8','Q17b2_a7','q17b2_a7','','','','','','2016-05-04 08:24:52','2016-05-08 03:12:04'),(1015,71,'radio','Election Day Management','9','Q17b2_a8','q17b2_a8','','','','','','2016-05-04 08:24:52','2016-05-08 03:12:04'),(1016,71,'radio','Advanced voting','10','Q17b2_a9','q17b2_a9','','','','','','2016-05-04 08:24:52','2016-05-08 03:12:04'),(1017,71,'radio','Role of political parties','11','Q17b2_a10','q17b2_a10','','','','','','2016-05-04 08:24:52','2016-05-08 03:12:04'),(1018,71,'radio','Election observation','12','Q17b2_a11','q17b2_a11','','','','','','2016-05-04 08:24:52','2016-05-08 03:12:04'),(1019,71,'radio','Complaints and dispute resolution','13','Q17b2_a12','q17b2_a12','','','','','','2016-05-04 08:24:52','2016-05-08 03:12:04'),(1020,71,'radio','Use of technology','14','Q17b2_a13','q17b2_a13','','','','','','2016-05-04 08:24:52','2016-05-08 03:12:04'),(1021,71,'radio','Media fairness','15','Q17b2_a14','q17b2_a14','','','','','','2016-05-04 08:24:52','2016-05-08 03:12:04'),(1022,71,'radio','Corruption/ money politics','16','Q17b2_a15','q17b2_a15','','','','','','2016-05-04 08:24:52','2016-05-08 03:12:04'),(1023,71,'radio','Security','17','Q17b2_a16','q17b2_a16','','','','','','2016-05-04 08:24:52','2016-05-08 03:12:04'),(1024,71,'radio','Electoral fraud','18','Q17b2_a17','q17b2_a17','','','','','','2016-05-04 08:24:52','2016-05-08 03:12:05'),(1025,71,'text','Other, specify','','Q17b2_a18','q17b2_a18','','','','','','2016-05-04 08:24:52','2016-05-08 03:12:05'),(1026,71,'radio','Nothing/ no problem','20','Q17b2_a19','q17b2_a19','','','','','','2016-05-04 08:24:52','2016-05-08 03:12:05'),(1027,71,'radio','Do not know','98','Q17b2_a20','q17b2_a20','','','','','','2016-05-04 08:24:52','2016-05-08 03:12:05'),(1028,71,'radio','Refused to answer','99','Q17b2_a21','q17b2_a21','','','','','','2016-05-04 08:24:52','2016-05-08 03:12:05'),(1029,72,'radio','Electoral laws','1','Q17b3_a0','q17b3_a0','','','','','','2016-05-04 08:29:00','2016-05-08 03:12:05'),(1030,72,'radio','Structure and appointment of the UEC and its sub-commission','2','Q17b3_a1','q17b3_a1','','','','','','2016-05-04 08:29:00','2016-05-08 03:12:05'),(1031,72,'radio','Election timeline and calendar','3','Q17b3_a2','q17b3_a2','','','','','','2016-05-04 08:29:00','2016-05-08 03:12:05'),(1032,72,'radio','Access to information','4','Q17b3_a3','q17b3_a3','','','','','','2016-05-04 08:29:00','2016-05-08 03:12:05'),(1033,72,'radio','Civic and/ or voter education','5','Q17b3_a4','q17b3_a4','','','','','','2016-05-04 08:29:00','2016-05-08 03:12:05'),(1034,72,'radio','Voter list/ registration','6','Q17b3_a5','q17b3_a5','','','','','','2016-05-04 08:29:00','2016-05-08 03:12:05'),(1035,72,'radio','Candidates and nomination process','7','Q17b3_a6','q17b3_a6','','','','','','2016-05-04 08:29:00','2016-05-08 03:12:05'),(1036,72,'radio','Campaign process','8','Q17b3_a7','q17b3_a7','','','','','','2016-05-04 08:29:00','2016-05-08 03:12:05'),(1037,72,'radio','Election day management','9','Q17b3_a8','q17b3_a8','','','','','','2016-05-04 08:29:00','2016-05-08 03:12:05'),(1038,72,'radio','Advanced voting','10','Q17b3_a9','q17b3_a9','','','','','','2016-05-04 08:29:00','2016-05-08 03:12:05'),(1039,72,'radio','Role of political parties','11','Q17b3_a10','q17b3_a10','','','','','','2016-05-04 08:29:00','2016-05-08 03:12:05'),(1040,72,'radio','Election observation','12','Q17b3_a11','q17b3_a11','','','','','','2016-05-04 08:29:00','2016-05-08 03:12:05'),(1041,72,'radio','Complaints and dispute resolution','13','Q17b3_a12','q17b3_a12','','','','','','2016-05-04 08:29:00','2016-05-08 03:12:05'),(1042,72,'radio','Use of technology','14','Q17b3_a13','q17b3_a13','','','','','','2016-05-04 08:29:00','2016-05-08 03:12:05'),(1043,72,'radio','Media fairness','15','Q17b3_a14','q17b3_a14','','','','','','2016-05-04 08:29:00','2016-05-08 03:12:05'),(1044,72,'radio','Corruption/ money politics','16','Q17b3_a15','q17b3_a15','','','','','','2016-05-04 08:29:00','2016-05-08 03:12:05'),(1045,72,'radio','Security','17','Q17b3_a16','q17b3_a16','','','','','','2016-05-04 08:29:00','2016-05-08 03:12:05'),(1046,72,'radio','Electoral fraud','18','Q17b3_a17','q17b3_a17','','','','','','2016-05-04 08:29:00','2016-05-08 03:12:05'),(1047,72,'text','Other, specify','','Q17b3_a18','q17b3_a18','','','','','','2016-05-04 08:29:00','2016-05-08 03:12:05'),(1048,72,'radio','Nothing/ no problem','20','Q17b3_a19','q17b3_a19','','','','','','2016-05-04 08:29:00','2016-05-08 03:12:05'),(1049,72,'radio','Do not know','98','Q17b3_a20','q17b3_a20','','','','','','2016-05-04 08:29:00','2016-05-08 03:12:05'),(1050,72,'radio','Refused to answer','99','Q17b3_a21','q17b3_a21','','','','','','2016-05-04 08:29:00','2016-05-08 03:12:05'),(1051,73,'radio','Yes, I am aware','1','Q22a_a0','q22a_a0','','','','','','2016-05-04 08:31:07','2016-05-08 03:12:05'),(1052,73,'radio','No, I don\'t know','2','Q22a_a1','q22a_a1','','','','{\"rftdiff\":\"on\",\"lftans\":\"q22a-a1\",\"operator\":\"skip\",\"rftquess\":\"q23\",\"message\":\"\"}','','2016-05-04 08:31:07','2016-05-08 03:12:05'),(1053,73,'radio','Refused to answer','99','Q22a_a2','q22a_a2','','','','{\"rftdiff\":\"on\",\"lftans\":\"q22a-a2\",\"operator\":\"skip\",\"rftquess\":\"q23\",\"message\":\"\"}','','2016-05-04 08:31:08','2016-05-08 03:12:05'),(1054,74,'radio','Yes, I personally participated','1','Q22b_a0','q22b_a0','','','','','','2016-05-04 08:32:20','2016-05-08 03:12:05'),(1055,74,'radio','My family/ relatives did','2','Q22b_a1','q22b_a1','','','','','','2016-05-04 08:32:20','2016-05-08 03:12:05'),(1056,74,'radio','No','3','Q22b_a2','q22b_a2','','','','','','2016-05-04 08:32:20','2016-05-08 03:12:05'),(1057,74,'radio','Do not know','98','Q22b_a3','q22b_a3','','','','','','2016-05-04 08:32:20','2016-05-08 03:12:05'),(1058,74,'radio','Refused to answer','99','Q22b_a4','q22b_a4','','','','','','2016-05-04 08:32:20','2016-05-08 03:12:05'),(1059,19,'radio','Unemployment','1','Q23(1)_a0','q23(1)_a0','','','','','','2016-05-04 08:36:31','2016-05-08 03:12:05'),(1060,19,'radio','Wages, incomes, and salaries','2','Q23(1)_a1','q23(1)_a1','','','','','','2016-05-04 08:36:31','2016-05-08 03:12:05'),(1061,19,'radio','Poverty','3','Q23(1)_a2','q23(1)_a2','','','','','','2016-05-04 08:36:31','2016-05-08 03:12:05'),(1062,19,'radio','Economic policies','4','Q23(1)_a3','q23(1)_a3','','','','','','2016-05-04 08:36:31','2016-05-08 03:12:05'),(1063,19,'radio','Loans/ credits','5','Q23(1)_a4','q23(1)_a4','','','','','','2016-05-04 08:36:31','2016-05-08 03:12:05'),(1064,19,'radio','Communications','6','Q23(1)_a5','q23(1)_a5','','','','','','2016-05-04 08:36:31','2016-05-08 03:12:05'),(1065,19,'radio','Infrastructure/ roads','7','Q23(1)_a6','q23(1)_a6','','','','','','2016-05-04 08:36:31','2016-05-08 03:12:05'),(1066,19,'radio','Education','8','Q23(1)_a7','q23(1)_a7','','','','','','2016-05-04 08:36:31','2016-05-08 03:12:05'),(1067,19,'radio','Water supply','9','Q23(1)_a8','q23(1)_a8','','','','','','2016-05-04 08:36:31','2016-05-08 03:12:05'),(1068,19,'radio','Electricity','10','Q23(1)_a9','q23(1)_a9','','','','','','2016-05-04 08:36:31','2016-05-08 03:12:05'),(1069,19,'radio','Services (other)','11','Q23(1)_a10','q23(1)_a10','','','','','','2016-05-04 08:36:31','2016-05-08 03:12:05'),(1070,19,'radio','Farming/ agriculture','12','Q23(1)_a11','q23(1)_a11','','','','','','2016-05-04 08:36:31','2016-05-08 03:12:05'),(1071,19,'radio','Natural disasters','13','Q23(1)_a12','q23(1)_a12','','','','','','2016-05-04 08:36:31','2016-05-08 03:12:05'),(1072,19,'radio','Land','14','Q23(1)_a13','q23(1)_a13','','','','','','2016-05-04 08:36:31','2016-05-08 03:12:05'),(1073,19,'radio','Healthcare','15','Q23(1)_a14','q23(1)_a14','','','','','','2016-05-04 08:36:31','2016-05-08 03:12:05'),(1074,19,'radio','Drug production &amp;amp;amp;amp;amp;amp; usage','16','Q23(1)_a15','q23(1)_a15','','','','','','2016-05-04 08:36:31','2016-05-08 03:12:05'),(1075,19,'radio','Crime and security','17','Q23(1)_a16','q23(1)_a16','','','','','','2016-05-04 08:36:31','2016-05-08 03:12:05'),(1076,19,'radio','Corruption','18','Q23(1)_a17','q23(1)_a17','','','','','','2016-05-04 08:36:31','2016-05-08 03:12:05'),(1077,19,'radio','Religious/ ethnic tension','19','Q23(1)_a18','q23(1)_a18','','','','','','2016-05-04 08:36:31','2016-05-08 03:12:05'),(1078,19,'radio','Gender issues/ woman&amp;amp;amp;amp;amp;#039;s rights','20','Q23(1)_a19','q23(1)_a19','','','','','','2016-05-04 08:36:31','2016-05-08 03:12:06'),(1079,19,'radio','Democracy/ political rights','21','Q23(1)_a20','q23(1)_a20','','','','','','2016-05-04 08:36:31','2016-05-08 03:12:06'),(1080,19,'radio','Illegal immigration','22','Q23(1)_a21','q23(1)_a21','','','','','','2016-05-04 08:36:31','2016-05-08 03:12:06'),(1081,19,'radio','Foreign relations','23','Q23(1)_a22','q23(1)_a22','','','','','','2016-05-04 08:36:31','2016-05-08 03:12:06'),(1082,19,'radio','Constitutional reform','24','Q23(1)_a23','q23(1)_a23','','','','','','2016-05-04 08:36:31','2016-05-08 03:12:06'),(1083,19,'radio','Some other problem','25','Q23(1)_a24','q23(1)_a24','','','','','','2016-05-04 08:36:31','2016-05-08 03:12:06'),(1084,19,'radio','Nothing/ no problem','26','Q23(1)_a25','q23(1)_a25','','','','','','2016-05-04 08:36:31','2016-05-08 03:12:06'),(1085,19,'radio','No further reply','27','Q23(1)_a26','q23(1)_a26','','','','','','2016-05-04 08:36:31','2016-05-08 03:12:06'),(1086,19,'radio','Don&amp;amp;amp;#039;t know','98','Q23(1)_a27','q23(1)_a27','','','','','','2016-05-04 08:36:31','2016-05-08 03:12:06'),(1087,75,'radio','Unemployment','1','Q23(2)_a0','q23(2)_a0','','','','','','2016-05-04 08:45:57','2016-05-08 03:12:06'),(1088,75,'radio','Wages, incomes, and salaries','2','Q23(2)_a1','q23(2)_a1','','','','','','2016-05-04 08:45:57','2016-05-08 03:12:06'),(1089,75,'radio','Poverty','3','Q23(2)_a2','q23(2)_a2','','','','','','2016-05-04 08:45:57','2016-05-08 03:12:06'),(1090,75,'radio','Economic policies','4','Q23(2)_a3','q23(2)_a3','','','','','','2016-05-04 08:45:57','2016-05-08 03:12:06'),(1091,75,'radio','Loans/ credits','5','Q23(2)_a4','q23(2)_a4','','','','','','2016-05-04 08:45:57','2016-05-08 03:12:06'),(1092,75,'radio','Communications','6','Q23(2)_a5','q23(2)_a5','','','','','','2016-05-04 08:45:57','2016-05-08 03:12:06'),(1093,75,'radio','Infrastructure/ road','7','Q23(2)_a6','q23(2)_a6','','','','','','2016-05-04 08:45:57','2016-05-08 03:12:06'),(1094,75,'radio','Education','8','Q23(2)_a7','q23(2)_a7','','','','','','2016-05-04 08:45:57','2016-05-08 03:12:06'),(1095,75,'radio','Water supply','9','Q23(2)_a8','q23(2)_a8','','','','','','2016-05-04 08:45:57','2016-05-08 03:12:06'),(1096,75,'radio','Electricity','10','Q23(2)_a9','q23(2)_a9','','','','','','2016-05-04 08:45:57','2016-05-08 03:12:06'),(1097,75,'radio','Other services','11','Q23(2)_a10','q23(2)_a10','','','','','','2016-05-04 08:45:57','2016-05-08 03:12:06'),(1098,75,'radio','Farming/ agriculture','12','Q23(2)_a11','q23(2)_a11','','','','','','2016-05-04 08:45:57','2016-05-08 03:12:06'),(1099,75,'radio','Natural disaster','13','Q23(2)_a12','q23(2)_a12','','','','','','2016-05-04 08:45:57','2016-05-08 03:12:06'),(1100,75,'radio','Land','14','Q23(2)_a13','q23(2)_a13','','','','','','2016-05-04 08:45:57','2016-05-08 03:12:06'),(1101,75,'radio','Healthcare','15','Q23(2)_a14','q23(2)_a14','','','','','','2016-05-04 08:45:57','2016-05-08 03:12:06'),(1102,75,'radio','Drug production and usage','16','Q23(2)_a15','q23(2)_a15','','','','','','2016-05-04 08:45:57','2016-05-08 03:12:06'),(1103,75,'radio','Crime and security','17','Q23(2)_a16','q23(2)_a16','','','','','','2016-05-04 08:45:57','2016-05-08 03:12:06'),(1104,75,'radio','Corruption','18','Q23(2)_a17','q23(2)_a17','','','','','','2016-05-04 08:45:57','2016-05-08 03:12:06'),(1105,75,'radio','Religious/ ethnic tensions','19','Q23(2)_a18','q23(2)_a18','','','','','','2016-05-04 08:45:57','2016-05-08 03:12:06'),(1106,75,'radio','Gender issues/ woman\'s rights','20','Q23(2)_a19','q23(2)_a19','','','','','','2016-05-04 08:45:57','2016-05-08 03:12:06'),(1107,75,'radio','Democracy/ political rights','21','Q23(2)_a20','q23(2)_a20','','','','','','2016-05-04 08:45:57','2016-05-08 03:12:06'),(1108,75,'radio','Illegal immigration','22','Q23(2)_a21','q23(2)_a21','','','','','','2016-05-04 08:45:57','2016-05-08 03:12:06'),(1109,75,'radio','Foreign relations','23','Q23(2)_a22','q23(2)_a22','','','','','','2016-05-04 08:45:57','2016-05-08 03:12:06'),(1110,75,'radio','Constitutional reforms','24','Q23(2)_a23','q23(2)_a23','','','','','','2016-05-04 08:45:57','2016-05-08 03:12:06'),(1111,75,'radio','Some other problem','25','Q23(2)_a24','q23(2)_a24','','','','','','2016-05-04 08:45:57','2016-05-08 03:12:06'),(1112,75,'radio','Nothing/ no problem','26','Q23(2)_a25','q23(2)_a25','','','','','','2016-05-04 08:45:57','2016-05-08 03:12:06'),(1113,75,'radio','No further reply','27','Q23(2)_a26','q23(2)_a26','','','','','','2016-05-04 08:45:57','2016-05-08 03:12:06'),(1114,75,'radio','Do not know','98','Q23(2)_a27','q23(2)_a27','','','','','','2016-05-04 08:45:57','2016-05-08 03:12:06'),(1115,76,'radio','Unemployment','1','Q23(3)_a0','q23(3)_a0','','','','','','2016-05-04 08:51:22','2016-05-08 03:12:06'),(1116,76,'radio','Wages, incomes, and salaries','2','Q23(3)_a1','q23(3)_a1','','','','','','2016-05-04 08:51:22','2016-05-08 03:12:06'),(1117,76,'radio','Poverty','3','Q23(3)_a2','q23(3)_a2','','','','','','2016-05-04 08:51:22','2016-05-08 03:12:06'),(1118,76,'radio','Economic policies','4','Q23(3)_a3','q23(3)_a3','','','','','','2016-05-04 08:51:22','2016-05-08 03:12:06'),(1119,76,'radio','Loans/ credits','5','Q23(3)_a4','q23(3)_a4','','','','','','2016-05-04 08:51:22','2016-05-08 03:12:06'),(1120,76,'radio','Communications','6','Q23(3)_a5','q23(3)_a5','','','','','','2016-05-04 08:51:22','2016-05-08 03:12:06'),(1121,76,'radio','Infrastructure/ roads','7','Q23(3)_a6','q23(3)_a6','','','','','','2016-05-04 08:51:22','2016-05-08 03:12:06'),(1122,76,'radio','Education','8','Q23(3)_a7','q23(3)_a7','','','','','','2016-05-04 08:51:22','2016-05-08 03:12:06'),(1123,76,'radio','Water supply','9','Q23(3)_a8','q23(3)_a8','','','','','','2016-05-04 08:51:22','2016-05-08 03:12:06'),(1124,76,'radio','Electricity','10','Q23(3)_a9','q23(3)_a9','','','','','','2016-05-04 08:51:22','2016-05-08 03:12:06'),(1125,76,'radio','Other services','11','Q23(3)_a10','q23(3)_a10','','','','','','2016-05-04 08:51:22','2016-05-08 03:12:06'),(1126,76,'radio','Farming/ agriculture','12','Q23(3)_a11','q23(3)_a11','','','','','','2016-05-04 08:51:22','2016-05-08 03:12:06'),(1127,76,'radio','Natural disasters','13','Q23(3)_a12','q23(3)_a12','','','','','','2016-05-04 08:51:22','2016-05-08 03:12:06'),(1128,76,'radio','Land','14','Q23(3)_a13','q23(3)_a13','','','','','','2016-05-04 08:51:22','2016-05-08 03:12:06'),(1129,76,'radio','Healthcare','15','Q23(3)_a14','q23(3)_a14','','','','','','2016-05-04 08:51:22','2016-05-08 03:12:06'),(1130,76,'radio','Drug production and usage','16','Q23(3)_a15','q23(3)_a15','','','','','','2016-05-04 08:51:22','2016-05-08 03:12:06'),(1131,76,'radio','Crime and security','17','Q23(3)_a16','q23(3)_a16','','','','','','2016-05-04 08:51:22','2016-05-08 03:12:06'),(1132,76,'radio','Corruption','18','Q23(3)_a17','q23(3)_a17','','','','','','2016-05-04 08:51:22','2016-05-08 03:12:06'),(1133,76,'radio','Religious/ ethnic tensions','19','Q23(3)_a18','q23(3)_a18','','','','','','2016-05-04 08:51:22','2016-05-08 03:12:06'),(1134,76,'radio','Gender issues/ woman\'s rights','20','Q23(3)_a19','q23(3)_a19','','','','','','2016-05-04 08:51:22','2016-05-08 03:12:06'),(1135,76,'radio','Democracy/ political rights','21','Q23(3)_a20','q23(3)_a20','','','','','','2016-05-04 08:51:22','2016-05-08 03:12:06'),(1136,76,'radio','Illegal immigration','22','Q23(3)_a21','q23(3)_a21','','','','','','2016-05-04 08:51:22','2016-05-08 03:12:06'),(1137,76,'radio','Foreign relations','23','Q23(3)_a22','q23(3)_a22','','','','','','2016-05-04 08:51:22','2016-05-08 03:12:06'),(1138,76,'radio','Constitutional reform','24','Q23(3)_a23','q23(3)_a23','','','','','','2016-05-04 08:51:22','2016-05-08 03:12:06'),(1139,76,'radio','Some other problem','25','Q23(3)_a24','q23(3)_a24','','','','','','2016-05-04 08:51:22','2016-05-08 03:12:06'),(1140,76,'radio','Nothing/ no problem','26','Q23(3)_a25','q23(3)_a25','','','','','','2016-05-04 08:51:22','2016-05-08 03:12:06'),(1141,76,'radio','No further reply','27','Q23(3)_a26','q23(3)_a26','','','','','','2016-05-04 08:51:22','2016-05-08 03:12:06'),(1142,76,'radio','Do not know','98','Q23(3)_a27','q23(3)_a27','','','','','','2016-05-04 08:51:22','2016-05-08 03:12:06'),(1143,77,'radio','Unemployment','1','Q24(1)_a0','q24(1)_a0','','','','','','2016-05-04 08:56:27','2016-05-08 03:12:06'),(1144,77,'radio','Wages, incomes, and salaries','2','Q24(1)_a1','q24(1)_a1','','','','','','2016-05-04 08:56:27','2016-05-08 03:12:06'),(1145,77,'radio','Poverty','3','Q24(1)_a2','q24(1)_a2','','','','','','2016-05-04 08:56:27','2016-05-08 03:12:06'),(1146,77,'radio','Economic policies','4','Q24(1)_a3','q24(1)_a3','','','','','','2016-05-04 08:56:27','2016-05-08 03:12:06'),(1147,77,'radio','Loans/ credits','5','Q24(1)_a4','q24(1)_a4','','','','','','2016-05-04 08:56:27','2016-05-08 03:12:06'),(1148,77,'radio','Communications','6','Q24(1)_a5','q24(1)_a5','','','','','','2016-05-04 08:56:27','2016-05-08 03:12:06'),(1149,77,'radio','Infrastructure/ roads','7','Q24(1)_a6','q24(1)_a6','','','','','','2016-05-04 08:56:27','2016-05-08 03:12:06'),(1150,77,'radio','Education','8','Q24(1)_a7','q24(1)_a7','','','','','','2016-05-04 08:56:27','2016-05-08 03:12:06'),(1151,77,'radio','Water supply','9','Q24(1)_a8','q24(1)_a8','','','','','','2016-05-04 08:56:27','2016-05-08 03:12:06'),(1152,77,'radio','Electricity','10','Q24(1)_a9','q24(1)_a9','','','','','','2016-05-04 08:56:27','2016-05-08 03:12:06'),(1153,77,'radio','Other services','11','Q24(1)_a10','q24(1)_a10','','','','','','2016-05-04 08:56:27','2016-05-08 03:12:06'),(1154,77,'radio','Farming/ agriculture','12','Q24(1)_a11','q24(1)_a11','','','','','','2016-05-04 08:56:27','2016-05-08 03:12:06'),(1155,77,'radio','Natural disaster','13','Q24(1)_a12','q24(1)_a12','','','','','','2016-05-04 08:56:27','2016-05-08 03:12:06'),(1156,77,'radio','Land','14','Q24(1)_a13','q24(1)_a13','','','','','','2016-05-04 08:56:27','2016-05-08 03:12:06'),(1157,77,'radio','Healthcare','15','Q24(1)_a14','q24(1)_a14','','','','','','2016-05-04 08:56:27','2016-05-08 03:12:06'),(1158,77,'radio','Drug production and usage','16','Q24(1)_a15','q24(1)_a15','','','','','','2016-05-04 08:56:27','2016-05-08 03:12:06'),(1159,77,'radio','Crime and security','17','Q24(1)_a16','q24(1)_a16','','','','','','2016-05-04 08:56:27','2016-05-08 03:12:06'),(1160,77,'radio','Corruption','18','Q24(1)_a17','q24(1)_a17','','','','','','2016-05-04 08:56:27','2016-05-08 03:12:06'),(1161,77,'radio','Religious/ ethnic tension','19','Q24(1)_a18','q24(1)_a18','','','','','','2016-05-04 08:56:27','2016-05-08 03:12:06'),(1162,77,'radio','Gender issues/ woman\'s rights','20','Q24(1)_a19','q24(1)_a19','','','','','','2016-05-04 08:56:27','2016-05-08 03:12:06'),(1163,77,'radio','Democracy/ political rights','21','Q24(1)_a20','q24(1)_a20','','','','','','2016-05-04 08:56:27','2016-05-08 03:12:06'),(1164,77,'radio','Illegal immigration','22','Q24(1)_a21','q24(1)_a21','','','','','','2016-05-04 08:56:27','2016-05-08 03:12:06'),(1165,77,'radio','Foreign relations','23','Q24(1)_a22','q24(1)_a22','','','','','','2016-05-04 08:56:27','2016-05-08 03:12:06'),(1166,77,'radio','Constitutional reform','24','Q24(1)_a23','q24(1)_a23','','','','','','2016-05-04 08:56:27','2016-05-08 03:12:06'),(1167,77,'radio','Some other problem','25','Q24(1)_a24','q24(1)_a24','','','','','','2016-05-04 08:56:27','2016-05-08 03:12:06'),(1168,77,'radio','Nothing/ no problem','26','Q24(1)_a25','q24(1)_a25','','','','','','2016-05-04 08:56:27','2016-05-08 03:12:07'),(1169,77,'radio','No further reply','27','Q24(1)_a26','q24(1)_a26','','','','','','2016-05-04 08:56:27','2016-05-08 03:12:07'),(1170,77,'radio','Do not know','98','Q24(1)_a27','q24(1)_a27','','','','','','2016-05-04 08:56:27','2016-05-08 03:12:07'),(1171,78,'radio','Unemployment','1','Q24(2)_a0','q24(2)_a0','','','','','','2016-05-04 09:01:13','2016-05-08 03:12:07'),(1172,78,'radio','Wages, incomes, and salaries','2','Q24(2)_a1','q24(2)_a1','','','','','','2016-05-04 09:01:13','2016-05-08 03:12:07'),(1173,78,'radio','Poverty','3','Q24(2)_a2','q24(2)_a2','','','','','','2016-05-04 09:01:13','2016-05-08 03:12:07'),(1174,78,'radio','Economic policies','4','Q24(2)_a3','q24(2)_a3','','','','','','2016-05-04 09:01:13','2016-05-08 03:12:07'),(1175,78,'radio','Loans/ credits','5','Q24(2)_a4','q24(2)_a4','','','','','','2016-05-04 09:01:13','2016-05-08 03:12:07'),(1176,78,'radio','Communications','6','Q24(2)_a5','q24(2)_a5','','','','','','2016-05-04 09:01:13','2016-05-08 03:12:07'),(1177,78,'radio','Infrastructure/ roads','7','Q24(2)_a6','q24(2)_a6','','','','','','2016-05-04 09:01:13','2016-05-08 03:12:07'),(1178,78,'radio','Education','8','Q24(2)_a7','q24(2)_a7','','','','','','2016-05-04 09:01:13','2016-05-08 03:12:07'),(1179,78,'radio','Water supply','9','Q24(2)_a8','q24(2)_a8','','','','','','2016-05-04 09:01:13','2016-05-08 03:12:07'),(1180,78,'radio','Electricity','10','Q24(2)_a9','q24(2)_a9','','','','','','2016-05-04 09:01:13','2016-05-08 03:12:07'),(1181,78,'radio','Other services','11','Q24(2)_a10','q24(2)_a10','','','','','','2016-05-04 09:01:13','2016-05-08 03:12:07'),(1182,78,'radio','Farming/ agriculture','12','Q24(2)_a11','q24(2)_a11','','','','','','2016-05-04 09:01:13','2016-05-08 03:12:07'),(1183,78,'radio','Natural disasters','13','Q24(2)_a12','q24(2)_a12','','','','','','2016-05-04 09:01:13','2016-05-08 03:12:07'),(1184,78,'radio','Land','14','Q24(2)_a13','q24(2)_a13','','','','','','2016-05-04 09:01:13','2016-05-08 03:12:07'),(1185,78,'radio','Healthcare','15','Q24(2)_a14','q24(2)_a14','','','','','','2016-05-04 09:01:13','2016-05-08 03:12:07'),(1186,78,'radio','Drug production and usage','16','Q24(2)_a15','q24(2)_a15','','','','','','2016-05-04 09:01:13','2016-05-08 03:12:07'),(1187,78,'radio','Crime and security','17','Q24(2)_a16','q24(2)_a16','','','','','','2016-05-04 09:01:13','2016-05-08 03:12:07'),(1188,78,'radio','Corruption','18','Q24(2)_a17','q24(2)_a17','','','','','','2016-05-04 09:01:13','2016-05-08 03:12:07'),(1189,78,'radio','Religious/ ethnic tension','19','Q24(2)_a18','q24(2)_a18','','','','','','2016-05-04 09:01:13','2016-05-08 03:12:07'),(1190,78,'radio','Gender issues/ woman\'s rights','20','Q24(2)_a19','q24(2)_a19','','','','','','2016-05-04 09:01:13','2016-05-08 03:12:07'),(1191,78,'radio','Democracy/ political rights','21','Q24(2)_a20','q24(2)_a20','','','','','','2016-05-04 09:01:13','2016-05-08 03:12:07'),(1192,78,'radio','Illegal immigration','22','Q24(2)_a21','q24(2)_a21','','','','','','2016-05-04 09:01:13','2016-05-08 03:12:07'),(1193,78,'radio','Foreign relations','23','Q24(2)_a22','q24(2)_a22','','','','','','2016-05-04 09:01:13','2016-05-08 03:12:07'),(1194,78,'radio','Constitutional reform','24','Q24(2)_a23','q24(2)_a23','','','','','','2016-05-04 09:01:13','2016-05-08 03:12:07'),(1195,78,'radio','Some other problem','25','Q24(2)_a24','q24(2)_a24','','','','','','2016-05-04 09:01:13','2016-05-08 03:12:07'),(1196,78,'radio','Nothing/ no problem','26','Q24(2)_a25','q24(2)_a25','','','','','','2016-05-04 09:01:13','2016-05-08 03:12:07'),(1197,78,'radio','No further reply','27','Q24(2)_a26','q24(2)_a26','','','','','','2016-05-04 09:01:13','2016-05-08 03:12:07'),(1198,78,'radio','Do not know','98','Q24(2)_a27','q24(2)_a27','','','','','','2016-05-04 09:01:13','2016-05-08 03:12:07'),(1199,79,'radio','Unemployment','1','Q24(3)_a0','q24(3)_a0','','','','','','2016-05-04 09:07:46','2016-05-08 03:12:07'),(1200,79,'radio','Wages, incomes, and salaries','2','Q24(3)_a1','q24(3)_a1','','','','','','2016-05-04 09:07:46','2016-05-08 03:12:07'),(1201,79,'radio','Poverty','3','Q24(3)_a2','q24(3)_a2','','','','','','2016-05-04 09:07:46','2016-05-08 03:12:07'),(1202,79,'radio','Economic policies','4','Q24(3)_a3','q24(3)_a3','','','','','','2016-05-04 09:07:46','2016-05-08 03:12:07'),(1203,79,'radio','Loans/ credits','5','Q24(3)_a4','q24(3)_a4','','','','','','2016-05-04 09:07:46','2016-05-08 03:12:07'),(1204,79,'radio','Communications','6','Q24(3)_a5','q24(3)_a5','','','','','','2016-05-04 09:07:46','2016-05-08 03:12:07'),(1205,79,'radio','Infrastructure/ roads','7','Q24(3)_a6','q24(3)_a6','','','','','','2016-05-04 09:07:46','2016-05-08 03:12:07'),(1206,79,'radio','Education','8','Q24(3)_a7','q24(3)_a7','','','','','','2016-05-04 09:07:46','2016-05-08 03:12:07'),(1207,79,'radio','Water supply','9','Q24(3)_a8','q24(3)_a8','','','','','','2016-05-04 09:07:46','2016-05-08 03:12:07'),(1208,79,'radio','Electricity','10','Q24(3)_a9','q24(3)_a9','','','','','','2016-05-04 09:07:46','2016-05-08 03:12:07'),(1209,79,'radio','Other services','11','Q24(3)_a10','q24(3)_a10','','','','','','2016-05-04 09:07:46','2016-05-08 03:12:07'),(1210,79,'radio','Farming/ agriculture','12','Q24(3)_a11','q24(3)_a11','','','','','','2016-05-04 09:07:46','2016-05-08 03:12:07'),(1211,79,'radio','Natural disasters','13','Q24(3)_a12','q24(3)_a12','','','','','','2016-05-04 09:07:46','2016-05-08 03:12:07'),(1212,79,'radio','Land','14','Q24(3)_a13','q24(3)_a13','','','','','','2016-05-04 09:07:46','2016-05-08 03:12:07'),(1213,79,'radio','Healthcare','15','Q24(3)_a14','q24(3)_a14','','','','','','2016-05-04 09:07:46','2016-05-08 03:12:07'),(1214,79,'radio','Drug production and usage','16','Q24(3)_a15','q24(3)_a15','','','','','','2016-05-04 09:07:46','2016-05-08 03:12:07'),(1215,79,'radio','Crime and security','17','Q24(3)_a16','q24(3)_a16','','','','','','2016-05-04 09:07:46','2016-05-08 03:12:07'),(1216,79,'radio','Corruption','18','Q24(3)_a17','q24(3)_a17','','','','','','2016-05-04 09:07:46','2016-05-08 03:12:07'),(1217,79,'radio','Religious/ ethnic tension','19','Q24(3)_a18','q24(3)_a18','','','','','','2016-05-04 09:07:46','2016-05-08 03:12:07'),(1218,79,'radio','Gender issues/ woman\'s rights','20','Q24(3)_a19','q24(3)_a19','','','','','','2016-05-04 09:07:46','2016-05-08 03:12:07'),(1219,79,'radio','Democracy/ political rights','21','Q24(3)_a20','q24(3)_a20','','','','','','2016-05-04 09:07:46','2016-05-08 03:12:07'),(1220,79,'radio','Illegal immigration','22','Q24(3)_a21','q24(3)_a21','','','','','','2016-05-04 09:07:46','2016-05-08 03:12:07'),(1221,79,'radio','Foreign relations','23','Q24(3)_a22','q24(3)_a22','','','','','','2016-05-04 09:07:47','2016-05-08 03:12:07'),(1222,79,'radio','Constitutional reform','24','Q24(3)_a23','q24(3)_a23','','','','','','2016-05-04 09:07:47','2016-05-08 03:12:07'),(1223,79,'radio','Some other problem','25','Q24(3)_a24','q24(3)_a24','','','','','','2016-05-04 09:07:47','2016-05-08 03:12:07'),(1224,79,'radio','Nothing/ no problems','26','Q24(3)_a25','q24(3)_a25','','','','','','2016-05-04 09:07:47','2016-05-08 03:12:07'),(1225,79,'radio','No further reply','27','Q24(3)_a26','q24(3)_a26','','','','','','2016-05-04 09:07:47','2016-05-08 03:12:07'),(1226,79,'radio','Do not know','98','Q24(3)_a27','q24(3)_a27','','','','','','2016-05-04 09:07:47','2016-05-08 03:12:07'),(1227,80,'radio','Never went to school','1','Q26_a0','q26_a0','','','','','','2016-05-04 09:10:56','2016-05-08 03:12:07'),(1228,80,'radio','Informal school only','2','Q26_a1','q26_a1','','','','','','2016-05-04 09:10:56','2016-05-08 03:12:07'),(1229,80,'radio','Some primary schooling','3','Q26_a2','q26_a2','','','','','','2016-05-04 09:10:56','2016-05-08 03:12:07'),(1230,80,'radio','Primary school completed','4','Q26_a3','q26_a3','','','','','','2016-05-04 09:10:56','2016-05-08 03:12:07'),(1231,80,'radio','Some secondary school/ high school','5','Q26_a4','q26_a4','','','','','','2016-05-04 09:10:56','2016-05-08 03:12:07'),(1232,80,'radio','Secondary school/ high school completed','6','Q26_a5','q26_a5','','','','','','2016-05-04 09:10:56','2016-05-08 03:12:07'),(1233,80,'radio','Post secondary qualifications, other than university, e.g. diploma or degree from a polytechnic or college','7','Q26_a6','q26_a6','','','','','','2016-05-04 09:10:56','2016-05-08 03:12:07'),(1234,80,'radio','Some university','8','Q26_a7','q26_a7','','','','','','2016-05-04 09:10:56','2016-05-08 03:12:07'),(1235,80,'radio','University completed','9','Q26_a8','q26_a8','','','','','','2016-05-04 09:10:56','2016-05-08 03:12:07'),(1236,80,'radio','Post-graduate','10','Q26_a9','q26_a9','','','','','','2016-05-04 09:10:56','2016-05-08 03:12:07'),(1237,80,'radio','Do not know','98','Q26_a10','q26_a10','','','','','','2016-05-04 09:10:56','2016-05-08 03:12:07'),(1238,80,'radio','Refused to answer','99','Q26_a11','q26_a11','','','','','','2016-05-04 09:10:56','2016-05-08 03:12:07'),(1239,81,'radio','Unemployed','1','Q27_a0','q27_a0','','','','','','2016-05-04 09:13:40','2016-05-08 03:12:07'),(1240,81,'radio','Farmer','2','Q27_a1','q27_a1','','','','','','2016-05-04 09:13:40','2016-05-08 03:12:07'),(1241,81,'radio','Laborer, domestic, or unskilled worker','3','Q27_a2','q27_a2','','','','','','2016-05-04 09:13:40','2016-05-08 03:12:07'),(1242,81,'radio','School/ university teacher','4','Q27_a3','q27_a3','','','','','','2016-05-04 09:13:40','2016-05-08 03:12:07'),(1243,81,'radio','Self-employed','5','Q27_a4','q27_a4','','','','','','2016-05-04 09:13:40','2016-05-08 03:12:07'),(1244,81,'radio','Professional (ex. lawyer, doctor)','6','Q27_a5','q27_a5','','','','','','2016-05-04 09:13:40','2016-05-08 03:12:07'),(1245,81,'radio','Trader','7','Q27_a6','q27_a6','','','','','','2016-05-04 09:13:40','2016-05-08 03:12:07'),(1246,81,'radio','Employed in private sector/ NGOs','8','Q27_a7','q27_a7','','','','','','2016-05-04 09:13:40','2016-05-08 03:12:07'),(1247,81,'radio','Civil servant','9','Q27_a8','q27_a8','','','','','','2016-05-04 09:13:40','2016-05-08 03:12:07'),(1248,81,'radio','Military/ police','10','Q27_a9','q27_a9','','','','','','2016-05-04 09:13:40','2016-05-08 03:12:07'),(1249,81,'radio','Student','11','Q27_a10','q27_a10','','','','','','2016-05-04 09:13:40','2016-05-08 03:12:07'),(1250,81,'radio','Housewife','12','Q27_a11','q27_a11','','','','','','2016-05-04 09:13:40','2016-05-08 03:12:08'),(1251,81,'radio','Retired','13','Q27_a12','q27_a12','','','','','','2016-05-04 09:13:40','2016-05-08 03:12:08'),(1252,81,'text','Other, specify','','Q27_a13','q27_a13','','','','','','2016-05-04 09:13:40','2016-05-08 03:12:08'),(1253,81,'radio','Do not know','98','Q27_a14','q27_a14','','','','','','2016-05-04 09:13:40','2016-05-08 03:12:08'),(1254,81,'radio','Refused to answer','99','Q27_a15','q27_a15','','','','','','2016-05-04 09:13:40','2016-05-08 03:12:08'),(1255,82,'radio','Under 50,000 Ks','1','Q29_a0','q29_a0','','','','','','2016-05-04 09:16:45','2016-05-08 03:12:08'),(1256,82,'radio','50,000 Ks - 100,000 Ks','2','Q29_a1','q29_a1','','','','','','2016-05-04 09:16:45','2016-05-08 03:12:08'),(1257,82,'radio','100,000 Ks - 200,000 Ks','3','Q29_a2','q29_a2','','','','','','2016-05-04 09:16:45','2016-05-08 03:12:08'),(1258,82,'radio','200,000 Ks - 300,000 Ks','4','Q29_a3','q29_a3','','','','','','2016-05-04 09:16:45','2016-05-08 03:12:08'),(1259,82,'radio','300,000 Ks - 400,000 Ks','5','Q29_a4','q29_a4','','','','','','2016-05-04 09:16:45','2016-05-08 03:12:08'),(1260,82,'radio','Over 400,000 Ks','6','Q29_a5','q29_a5','','','','','','2016-05-04 09:16:45','2016-05-08 03:12:08'),(1261,82,'radio','Do not know','98','Q29_a6','q29_a6','','','','','','2016-05-04 09:16:45','2016-05-08 03:12:08'),(1262,82,'radio','Refused to answer','99','Q29_a7','q29_a7','','','','','','2016-05-04 09:16:45','2016-05-08 03:12:08'),(1268,83,'radio','Married','1','Q28_a0','q28_a0','','','','','','2016-05-04 09:18:15','2016-05-08 03:12:08'),(1269,83,'radio','Single','2','Q28_a1','q28_a1','','','','','','2016-05-04 09:18:15','2016-05-08 03:12:08'),(1270,83,'radio','Divorced','3','Q28_a2','q28_a2','','','','','','2016-05-04 09:18:15','2016-05-08 03:12:08'),(1271,83,'radio','Widowed','4','Q28_a3','q28_a3','','','','','','2016-05-04 09:18:15','2016-05-08 03:12:08'),(1272,83,'radio','Refused to answer','99','Q28_a4','q28_a4','','','','','','2016-05-04 09:18:15','2016-05-08 03:12:08'),(1273,44,'datetime','Time in 24hr clock','','B1_a0','b1_a0','','','','{\"rftdiff\":\"on\",\"lftans\":\"b1-a0\",\"operator\":\"<\",\"rftquess\":\"a4\",\"message\":\"Check the time when the interview started!\"}','','2016-05-04 09:18:54','2016-05-08 03:12:08'),(1274,84,'radio','No one','1','B2_a0','b2_a0','','','','','','2016-05-04 09:20:18','2016-05-08 03:12:08'),(1275,84,'radio','Spouse only','2','B2_a1','b2_a1','','','','','','2016-05-04 09:20:18','2016-05-08 03:12:08'),(1276,84,'radio','Children only','3','B2_a2','b2_a2','','','','','','2016-05-04 09:20:18','2016-05-08 03:12:08'),(1277,84,'radio','A few others','4','B2_a3','b2_a3','','','','','','2016-05-04 09:20:18','2016-05-08 03:12:08'),(1278,84,'radio','Small crowd','5','B2_a4','b2_a4','','','','','','2016-05-04 09:20:18','2016-05-08 03:12:08'),(1279,84,'radio','Do not know','98','B2_a5','b2_a5','','','','','','2016-05-04 09:20:18','2016-05-08 03:12:08'),(1284,85,'radio','Yes','1','B3B_a0','b3_b_a0','','','','','','2016-05-04 09:23:00','2016-05-08 03:12:08'),(1285,85,'radio','No','2','B3B_a1','b3_b_a1','','','','','','2016-05-04 09:23:00','2016-05-08 03:12:08'),(1286,86,'radio','Yes','1','B3C_a0','b3_c_a0','','','','','','2016-05-04 09:23:38','2016-05-08 03:12:08'),(1287,86,'radio','No','2','B3C_a1','b3_c_a1','','','','','','2016-05-04 09:23:38','2016-05-08 03:12:08'),(1288,87,'radio','Yes','1','B3E_a0','b3_e_a0','','','','','','2016-05-04 09:24:14','2016-05-08 03:12:08'),(1289,87,'radio','No','2','B3E_a1','b3_e_a1','','','','','','2016-05-04 09:24:14','2016-05-08 03:12:08'),(1290,17,'','1. Yes, explain','','Interviewer Comment_a0','interviewer_comment_a0','','','','','','2016-05-04 09:25:15','2016-05-08 03:12:08'),(1291,17,'radio','No','2','Interviewer Comment_a1','interviewer_comment_a1','','','','','','2016-05-04 09:25:17','2016-05-08 03:12:08');
/*!40000 ALTER TABLE `qanswers` ENABLE KEYS */;
UNLOCK TABLES;

--
-- Table structure for table `questions`
--

DROP TABLE IF EXISTS `questions`;
/*!40101 SET @saved_cs_client     = @@character_set_client */;
/*!40101 SET character_set_client = utf8 */;
CREATE TABLE `questions` (
  `id` int(10) unsigned NOT NULL AUTO_INCREMENT,
  `section` int(11) DEFAULT NULL,
  `report` int(11) DEFAULT NULL,
  `qnum` varchar(255) COLLATE utf8_unicode_ci NOT NULL,
  `slug` varchar(255) COLLATE utf8_unicode_ci NOT NULL,
  `sort` int(11) NOT NULL,
  `question` text COLLATE utf8_unicode_ci NOT NULL,
  `display` text COLLATE utf8_unicode_ci NOT NULL,
  `related_data` text COLLATE utf8_unicode_ci NOT NULL,
  `answers` text COLLATE utf8_unicode_ci NOT NULL,
  `sameanswer` tinyint(1) NOT NULL,
  `answer_view` varchar(255) COLLATE utf8_unicode_ci NOT NULL,
  `related_id` int(10) unsigned DEFAULT NULL,
  `project_id` int(10) unsigned NOT NULL,
  `urlhash` varchar(255) COLLATE utf8_unicode_ci NOT NULL,
  `created_at` timestamp NOT NULL DEFAULT '0000-00-00 00:00:00',
  `updated_at` timestamp NOT NULL DEFAULT '0000-00-00 00:00:00',
  PRIMARY KEY (`id`),
  UNIQUE KEY `questions_qnum_related_id_project_id_unique` (`qnum`,`related_id`,`project_id`),
  KEY `questions_project_id_foreign` (`project_id`),
  KEY `questions_related_id_foreign` (`related_id`),
  KEY `questions_qnum_index` (`qnum`),
  CONSTRAINT `questions_project_id_foreign` FOREIGN KEY (`project_id`) REFERENCES `projects` (`id`),
  CONSTRAINT `questions_related_id_foreign` FOREIGN KEY (`related_id`) REFERENCES `questions` (`id`)
) ENGINE=InnoDB AUTO_INCREMENT=88 DEFAULT CHARSET=utf8 COLLATE=utf8_unicode_ci;
/*!40101 SET character_set_client = @saved_cs_client */;

--
-- Dumping data for table `questions`
--

LOCK TABLES `questions` WRITE;
/*!40000 ALTER TABLE `questions` DISABLE KEYS */;
INSERT INTO `questions` VALUES (1,1,0,'Q1','q1',1,'How interested would you say you are in politics? Are you: very interested, somewhat interested, not too interested, or not at all interested?','{\"qnum\":0,\"question\":0}','','{\"Q1_a0\":{\"type\":\"radio\",\"name\":\"Q1_aradio\",\"value\":\"1\",\"data-name\":\"Q1_a0\",\"text\":\"Very interested\"},\"Q1_a1\":{\"type\":\"radio\",\"name\":\"Q1_aradio\",\"value\":\"2\",\"data-name\":\"Q1_a1\",\"text\":\"Somewhat interested\"},\"Q1_a2\":{\"type\":\"radio\",\"name\":\"Q1_aradio\",\"value\":\"3\",\"data-name\":\"Q1_a2\",\"text\":\"Not too interested\"},\"Q1_a3\":{\"type\":\"radio\",\"name\":\"Q1_aradio\",\"value\":\"4\",\"data-name\":\"Q1_a3\",\"text\":\"Not at all interested\"},\"Q1_a4\":{\"type\":\"radio\",\"name\":\"Q1_aradio\",\"value\":\"98\",\"data-name\":\"Q1_a4\",\"text\":\"Do not know\"},\"Q1_a5\":{\"type\":\"radio\",\"name\":\"Q1_aradio\",\"value\":\"99\",\"data-name\":\"Q1_a5\",\"text\":\"Refused to answer\"}}',0,'vertical',NULL,1,'','2016-04-29 01:15:24','2016-04-30 00:26:24'),(2,1,0,'Q3A','q3a',3,' Could you please tell me if you have often, sometimes, or never participated in any CULTURAL GROUPS over the past year?','{\"qnum\":0,\"question\":0}','','{\"Q3A_a0\":{\"type\":\"radio\",\"name\":\"Q3A_aradio\",\"value\":\"1\",\"data-name\":\"Q3A_a0\",\"text\":\"Often\"},\"Q3A_a1\":{\"type\":\"radio\",\"name\":\"Q3A_aradio\",\"value\":\"2\",\"data-name\":\"Q3A_a1\",\"text\":\"Sometimes\"},\"Q3A_a2\":{\"type\":\"radio\",\"name\":\"Q3A_aradio\",\"value\":\"3\",\"data-name\":\"Q3A_a2\",\"text\":\"Never\"},\"Q3A_a3\":{\"type\":\"radio\",\"name\":\"Q3A_aradio\",\"value\":\"98\",\"data-name\":\"Q3A_a3\",\"text\":\"Do not know\"},\"Q3A_a4\":{\"type\":\"radio\",\"name\":\"Q3A_aradio\",\"value\":\"99\",\"data-name\":\"Q3A_a4\",\"text\":\"Refused to answer\"}}',0,'horizontal',NULL,1,'','2016-04-29 01:30:17','2016-05-01 19:30:39'),(5,1,NULL,'Q9','q9',23,'In the 2015 elections, some people voted and some people did not for various reasons. Can you please tell me if you voted or not? ','{\"qnum\":0,\"question\":0}','','{\"Q9_a0\":{\"type\":\"radio\",\"name\":\"Q9_aradio\",\"value\":\"1\",\"data-name\":\"Q9_a0\",\"text\":\"Yes\"},\"Q9_a1\":{\"type\":\"radio\",\"name\":\"Q9_aradio\",\"value\":\"2\",\"data-name\":\"Q9_a1\",\"text\":\"No\"},\"Q9_a2\":{\"type\":\"radio\",\"name\":\"Q9_aradio\",\"value\":\"99\",\"data-name\":\"Q9_a2\",\"text\":\"Refused to answer\"}}',0,'horizontal',NULL,1,'','2016-04-29 01:47:13','2016-05-04 07:44:49'),(6,1,0,'Q10','q10',24,'What was the main reason you DID NOT vote? ','{\"qnum\":0,\"question\":0}','','{\"Q10_a0\":{\"type\":\"radio\",\"name\":\"Q10_aradio\",\"value\":\"1\",\"data-name\":\"Q10_a0\",\"text\":\"The election was cancelled in my hometown\\/ place of residency\"},\"Q10_a1\":{\"type\":\"radio\",\"name\":\"Q10_aradio\",\"value\":\"2\",\"data-name\":\"Q10_a1\",\"text\":\"I was unsure of how or where to vote\"},\"Q10_a2\":{\"type\":\"radio\",\"name\":\"Q10_aradio\",\"value\":\"3\",\"data-name\":\"Q10_a2\",\"text\":\"I don\'t care\\/ lack of interest\"},\"Q10_a3\":{\"type\":\"radio\",\"name\":\"Q10_aradio\",\"value\":\"4\",\"data-name\":\"Q10_a3\",\"text\":\"I didn\'t have national ID\\/ supplementary registration\\/ voting document\"},\"Q10_a4\":{\"type\":\"radio\",\"name\":\"Q10_aradio\",\"value\":\"5\",\"data-name\":\"Q10_a4\",\"text\":\"My registration place is far from where I live\"},\"Q10_a5\":{\"type\":\"radio\",\"name\":\"Q10_aradio\",\"value\":\"6\",\"data-name\":\"Q10_a5\",\"text\":\"I was busy\\/ I was sick\"},\"Q10_a6\":{\"type\":\"radio\",\"name\":\"Q10_aradio\",\"value\":\"7\",\"data-name\":\"Q10_a6\",\"text\":\"Physical or disability reason\"},\"Q10_a7\":{\"type\":\"radio\",\"name\":\"Q10_aradio\",\"value\":\"8\",\"data-name\":\"Q10_a7\",\"text\":\"I didn\'t like any of the parties\\/ candidates (no choice)\"},\"Q10_a8\":{\"type\":\"radio\",\"name\":\"Q10_aradio\",\"value\":\"9\",\"data-name\":\"Q10_a8\",\"text\":\"Inconvenient hours or polling place\\/ lies too long\"},\"Q10_a9\":{\"type\":\"radio\",\"name\":\"Q10_aradio\",\"value\":\"10\",\"data-name\":\"Q10_a9\",\"text\":\"I worried about personal security\"},\"Q10_a10\":{\"type\":\"radio\",\"name\":\"Q10_aradio\",\"value\":\"11\",\"data-name\":\"Q10_a10\",\"text\":\"My name was not on the voter list\"},\"Q10_a11\":{\"type\":\"radio\",\"name\":\"Q10_aradio\",\"value\":\"12\",\"data-name\":\"Q10_a11\",\"text\":\"I was not eligible (underage, monk, or in prison)\"},\"Q10_a12\":{\"type\":\"text\",\"name\":\"Q10_a12\",\"value\":\"\",\"data-name\":\"Q10_a12\",\"text\":\"Other\"},\"Q10_a13\":{\"type\":\"radio\",\"name\":\"Q10_aradio\",\"value\":\"98\",\"data-name\":\"Q10_a13\",\"text\":\"Do not know\"},\"Q10_a14\":{\"type\":\"radio\",\"name\":\"Q10_aradio\",\"value\":\"99\",\"data-name\":\"Q10_a14\",\"text\":\"Refused to answer\"}}',0,'vertical',5,1,'','2016-04-29 02:00:39','2016-05-04 07:44:49'),(7,0,0,'HHTable1','hh-table',2,'Household 1 Status','{\"qnum\":0,\"question\":0}','','{\"HHTable1_a0\":{\"type\":\"text\",\"name\":\"HHTable1_a0\",\"value\":\"\",\"data-name\":\"HHTable1_a0\",\"text\":\"Number of Interval Process\"},\"HHTable1_a1\":{\"type\":\"radio\",\"name\":\"HHTable1_aradio\",\"value\":\"1\",\"data-name\":\"HHTable1_a1\",\"text\":\"Completed interview\"},\"HHTable1_a2\":{\"type\":\"radio\",\"name\":\"HHTable1_aradio\",\"value\":\"2\",\"data-name\":\"HHTable1_a2\",\"text\":\"Partly completed interview\"},\"HHTable1_a3\":{\"type\":\"radio\",\"name\":\"HHTable1_aradio\",\"value\":\"3\",\"data-name\":\"HHTable1_a3\",\"text\":\"Refused to be interviewed\"},\"HHTable1_a4\":{\"type\":\"radio\",\"name\":\"HHTable1_aradio\",\"value\":\"4\",\"data-name\":\"HHTable1_a4\",\"text\":\"Person selected was never at home after at least two visits\"},\"HHTable1_a5\":{\"type\":\"radio\",\"name\":\"HHTable1_aradio\",\"value\":\"5\",\"data-name\":\"HHTable1_a5\",\"text\":\"Household\\/ premises empty for survey period after at least two visits\"},\"HHTable1_a6\":{\"type\":\"radio\",\"name\":\"HHTable1_aradio\",\"value\":\"6\",\"data-name\":\"HHTable1_a6\",\"text\":\"not a citizen\\/ spoke only a foreign language\"},\"HHTable1_a7\":{\"type\":\"radio\",\"name\":\"HHTable1_aradio\",\"value\":\"7\",\"data-name\":\"HHTable1_a7\",\"text\":\"Deaf\\/ did not speak a survey language\"},\"HHTable1_a8\":{\"type\":\"radio\",\"name\":\"HHTable1_aradio\",\"value\":\"8\",\"data-name\":\"HHTable1_a8\",\"text\":\"No adults in household\"},\"HHTable1_a9\":{\"type\":\"text\",\"name\":\"HHTable1_a9\",\"value\":\"\",\"data-name\":\"HHTable1_a9\",\"text\":\"Other\"},\"HHTable1_a10\":{\"type\":\"radio\",\"name\":\"HHTable1_aradio\",\"value\":\"89\",\"data-name\":\"HHTable1_a10\",\"text\":\"Not applicable\"}}',0,'none',NULL,1,'','2016-04-29 02:09:09','2016-05-01 20:26:02'),(8,1,0,'Q11','q11',25,'What was the main reason you voted in this election?','{\"qnum\":0,\"question\":0}','','{\"Q11_a0\":{\"type\":\"radio\",\"name\":\"Q11_aradio\",\"value\":\"1\",\"data-name\":\"Q11_a0\",\"text\":\"To support a political party\\/ candidate\"},\"Q11_a1\":{\"type\":\"radio\",\"name\":\"Q11_aradio\",\"value\":\"2\",\"data-name\":\"Q11_a1\",\"text\":\"To oppose a political party\\/ candidate\"},\"Q11_a2\":{\"type\":\"radio\",\"name\":\"Q11_aradio\",\"value\":\"3\",\"data-name\":\"Q11_a2\",\"text\":\"It is a civic duty to vote\"},\"Q11_a3\":{\"type\":\"radio\",\"name\":\"Q11_aradio\",\"value\":\"4\",\"data-name\":\"Q11_a3\",\"text\":\"Because I think it is important to vote\"},\"Q11_a4\":{\"type\":\"radio\",\"name\":\"Q11_aradio\",\"value\":\"5\",\"data-name\":\"Q11_a4\",\"text\":\"Out of habit (I always vote)\"},\"Q11_a5\":{\"type\":\"radio\",\"name\":\"Q11_aradio\",\"value\":\"6\",\"data-name\":\"Q11_a5\",\"text\":\"Choosing my representative\"},\"Q11_a6\":{\"type\":\"radio\",\"name\":\"Q11_aradio\",\"value\":\"7\",\"data-name\":\"Q11_a6\",\"text\":\"Because a family member, a friend, or other person encouraged me to vote\"},\"Q11_a7\":{\"type\":\"radio\",\"name\":\"Q11_aradio\",\"value\":\"8\",\"data-name\":\"Q11_a7\",\"text\":\"It allows me to express my opinion\"},\"Q11_a8\":{\"type\":\"text\",\"name\":\"Q11_a8\",\"value\":\"\",\"data-name\":\"Q11_a8\",\"text\":\"Other, specify\"},\"Q11_a9\":{\"type\":\"radio\",\"name\":\"Q11_aradio\",\"value\":\"98\",\"data-name\":\"Q11_a9\",\"text\":\"Do not know\"},\"Q11_a10\":{\"type\":\"radio\",\"name\":\"Q11_aradio\",\"value\":\"99\",\"data-name\":\"Q11_a10\",\"text\":\"Refused to answer\"}}',0,'none',5,1,'','2016-04-29 02:24:59','2016-05-04 08:14:43'),(9,2,NULL,'B3A','b3a',3,'Did the respondent check with others for information to answer any question? ','{\"qnum\":0,\"question\":0}','','{\"B3A_a0\":{\"type\":\"radio\",\"name\":\"B3A_aradio\",\"value\":\"1\",\"data-name\":\"B3A_a0\",\"text\":\"Yes\"},\"B3A_a1\":{\"type\":\"radio\",\"name\":\"B3A_aradio\",\"value\":\"2\",\"data-name\":\"B3A_a1\",\"text\":\"No\"}}',0,'horizontal',NULL,1,'','2016-04-29 02:34:14','2016-05-04 09:20:26'),(12,2,NULL,'B3D','b3d',6,'Did you feel intimidated during the interview? ','{\"qnum\":0,\"question\":0}','','{\"B3D_a0\":{\"type\":\"radio\",\"name\":\"B3D_aradio\",\"value\":\"1\",\"data-name\":\"B3D_a0\",\"text\":\"Yes\"},\"B3D_a1\":{\"type\":\"radio\",\"name\":\"B3D_aradio\",\"value\":\"2\",\"data-name\":\"B3D_a1\",\"text\":\"No\"}}',0,'horizontal',NULL,1,'','2016-04-29 02:38:50','2016-05-04 09:24:30'),(17,2,NULL,'Interviewer Comment','interviewer-comment',8,'Do you have any other comments on the interview? For an example, did anything else significant happen during the interview?  ','{\"qnum\":0,\"question\":0}','','{\"Interviewer Comment_a0\":{\"type\":\"\",\"name\":\"Interviewer Comment_a0\",\"value\":\"\",\"data-name\":\"Interviewer Comment_a0\",\"text\":\"1. Yes, explain\"},\"Interviewer Comment_a1\":{\"type\":\"radio\",\"name\":\"Interviewer Comment_aradio\",\"value\":\"2\",\"data-name\":\"Interviewer Comment_a1\",\"text\":\"No\"}}',0,'vertical',NULL,1,'','2016-04-29 03:03:14','2016-05-04 09:25:12'),(19,1,NULL,'Q23(1)','q23',43,'Thinking about your local community, what are the biggest problem that affects you in your everyday life? First mention','{\"qnum\":0,\"question\":0}','','{\"Q23(1)_a0\":{\"type\":\"radio\",\"name\":\"Q23(1)_aradio\",\"value\":\"1\",\"data-name\":\"Q23(1)_a0\",\"text\":\"Unemployment\"},\"Q23(1)_a1\":{\"type\":\"radio\",\"name\":\"Q23(1)_aradio\",\"value\":\"2\",\"data-name\":\"Q23(1)_a1\",\"text\":\"Wages, incomes, and salaries\"},\"Q23(1)_a2\":{\"type\":\"radio\",\"name\":\"Q23(1)_aradio\",\"value\":\"3\",\"data-name\":\"Q23(1)_a2\",\"text\":\"Poverty\"},\"Q23(1)_a3\":{\"type\":\"radio\",\"name\":\"Q23(1)_aradio\",\"value\":\"4\",\"data-name\":\"Q23(1)_a3\",\"text\":\"Economic policies\"},\"Q23(1)_a4\":{\"type\":\"radio\",\"name\":\"Q23(1)_aradio\",\"value\":\"5\",\"data-name\":\"Q23(1)_a4\",\"text\":\"Loans\\/ credits\"},\"Q23(1)_a5\":{\"type\":\"radio\",\"name\":\"Q23(1)_aradio\",\"value\":\"6\",\"data-name\":\"Q23(1)_a5\",\"text\":\"Communications\"},\"Q23(1)_a6\":{\"type\":\"radio\",\"name\":\"Q23(1)_aradio\",\"value\":\"7\",\"data-name\":\"Q23(1)_a6\",\"text\":\"Infrastructure\\/ roads\"},\"Q23(1)_a7\":{\"type\":\"radio\",\"name\":\"Q23(1)_aradio\",\"value\":\"8\",\"data-name\":\"Q23(1)_a7\",\"text\":\"Education\"},\"Q23(1)_a8\":{\"type\":\"radio\",\"name\":\"Q23(1)_aradio\",\"value\":\"9\",\"data-name\":\"Q23(1)_a8\",\"text\":\"Water supply\"},\"Q23(1)_a9\":{\"type\":\"radio\",\"name\":\"Q23(1)_aradio\",\"value\":\"10\",\"data-name\":\"Q23(1)_a9\",\"text\":\"Electricity\"},\"Q23(1)_a10\":{\"type\":\"radio\",\"name\":\"Q23(1)_aradio\",\"value\":\"11\",\"data-name\":\"Q23(1)_a10\",\"text\":\"Services (other)\"},\"Q23(1)_a11\":{\"type\":\"radio\",\"name\":\"Q23(1)_aradio\",\"value\":\"12\",\"data-name\":\"Q23(1)_a11\",\"text\":\"Farming\\/ agriculture\"},\"Q23(1)_a12\":{\"type\":\"radio\",\"name\":\"Q23(1)_aradio\",\"value\":\"13\",\"data-name\":\"Q23(1)_a12\",\"text\":\"Natural disasters\"},\"Q23(1)_a13\":{\"type\":\"radio\",\"name\":\"Q23(1)_aradio\",\"value\":\"14\",\"data-name\":\"Q23(1)_a13\",\"text\":\"Land\"},\"Q23(1)_a14\":{\"type\":\"radio\",\"name\":\"Q23(1)_aradio\",\"value\":\"15\",\"data-name\":\"Q23(1)_a14\",\"text\":\"Healthcare\"},\"Q23(1)_a15\":{\"type\":\"radio\",\"name\":\"Q23(1)_aradio\",\"value\":\"16\",\"data-name\":\"Q23(1)_a15\",\"text\":\"Drug production &amp;amp;amp;amp;amp; usage\"},\"Q23(1)_a16\":{\"type\":\"radio\",\"name\":\"Q23(1)_aradio\",\"value\":\"17\",\"data-name\":\"Q23(1)_a16\",\"text\":\"Crime and security\"},\"Q23(1)_a17\":{\"type\":\"radio\",\"name\":\"Q23(1)_aradio\",\"value\":\"18\",\"data-name\":\"Q23(1)_a17\",\"text\":\"Corruption\"},\"Q23(1)_a18\":{\"type\":\"radio\",\"name\":\"Q23(1)_aradio\",\"value\":\"19\",\"data-name\":\"Q23(1)_a18\",\"text\":\"Religious\\/ ethnic tension\"},\"Q23(1)_a19\":{\"type\":\"radio\",\"name\":\"Q23(1)_aradio\",\"value\":\"20\",\"data-name\":\"Q23(1)_a19\",\"text\":\"Gender issues\\/ woman&amp;amp;amp;amp;#039;s rights\"},\"Q23(1)_a20\":{\"type\":\"radio\",\"name\":\"Q23(1)_aradio\",\"value\":\"21\",\"data-name\":\"Q23(1)_a20\",\"text\":\"Democracy\\/ political rights\"},\"Q23(1)_a21\":{\"type\":\"radio\",\"name\":\"Q23(1)_aradio\",\"value\":\"22\",\"data-name\":\"Q23(1)_a21\",\"text\":\"Illegal immigration\"},\"Q23(1)_a22\":{\"type\":\"radio\",\"name\":\"Q23(1)_aradio\",\"value\":\"23\",\"data-name\":\"Q23(1)_a22\",\"text\":\"Foreign relations\"},\"Q23(1)_a23\":{\"type\":\"radio\",\"name\":\"Q23(1)_aradio\",\"value\":\"24\",\"data-name\":\"Q23(1)_a23\",\"text\":\"Constitutional reform\"},\"Q23(1)_a24\":{\"type\":\"radio\",\"name\":\"Q23(1)_aradio\",\"value\":\"25\",\"data-name\":\"Q23(1)_a24\",\"text\":\"Some other problem\"},\"Q23(1)_a25\":{\"type\":\"radio\",\"name\":\"Q23(1)_aradio\",\"value\":\"26\",\"data-name\":\"Q23(1)_a25\",\"text\":\"Nothing\\/ no problem\"},\"Q23(1)_a26\":{\"type\":\"radio\",\"name\":\"Q23(1)_aradio\",\"value\":\"27\",\"data-name\":\"Q23(1)_a26\",\"text\":\"No further reply\"},\"Q23(1)_a27\":{\"type\":\"radio\",\"name\":\"Q23(1)_aradio\",\"value\":\"98\",\"data-name\":\"Q23(1)_a27\",\"text\":\"Don&amp;amp;#039;t know\"}}',0,'two-column',NULL,1,'','2016-04-29 21:18:59','2016-05-04 08:36:31'),(24,1,NULL,'Q16','q16',30,'Who do you trust the most to provide you with an objective assessment about the electoral processes? ','{\"qnum\":0,\"question\":0}','','{\"Q16_a0\":{\"type\":\"checkbox\",\"name\":\"Q16_a0\",\"value\":\"1\",\"data-name\":\"Q16_a0\",\"text\":\"The President\"},\"Q16_a1\":{\"type\":\"checkbox\",\"name\":\"Q16_a1\",\"value\":\"2\",\"data-name\":\"Q16_a1\",\"text\":\"Member of Parliament\"},\"Q16_a2\":{\"type\":\"checkbox\",\"name\":\"Q16_a2\",\"value\":\"3\",\"data-name\":\"Q16_a2\",\"text\":\"Party leaders\\/ political party\"},\"Q16_a3\":{\"type\":\"checkbox\",\"name\":\"Q16_a3\",\"value\":\"4\",\"data-name\":\"Q16_a3\",\"text\":\"UEC\\/ election management bodies\"},\"Q16_a4\":{\"type\":\"checkbox\",\"name\":\"Q16_a4\",\"value\":\"5\",\"data-name\":\"Q16_a4\",\"text\":\"Domestic observers\"},\"Q16_a5\":{\"type\":\"checkbox\",\"name\":\"Q16_a5\",\"value\":\"6\",\"data-name\":\"Q16_a5\",\"text\":\"International observers\"},\"Q16_a6\":{\"type\":\"checkbox\",\"name\":\"Q16_a6\",\"value\":\"7\",\"data-name\":\"Q16_a6\",\"text\":\"Government\"},\"Q16_a7\":{\"type\":\"checkbox\",\"name\":\"Q16_a7\",\"value\":\"8\",\"data-name\":\"Q16_a7\",\"text\":\"Media\"},\"Q16_a8\":{\"type\":\"checkbox\",\"name\":\"Q16_a8\",\"value\":\"9\",\"data-name\":\"Q16_a8\",\"text\":\"Myself\"},\"Q16_a9\":{\"type\":\"checkbox\",\"name\":\"Q16_a9\",\"value\":\"10\",\"data-name\":\"Q16_a9\",\"text\":\"Other\"},\"Q16_a10\":{\"type\":\"checkbox\",\"name\":\"Q16_a10\",\"value\":\"11\",\"data-name\":\"Q16_a10\",\"text\":\"Nobody\"},\"Q16_a11\":{\"type\":\"checkbox\",\"name\":\"Q16_a11\",\"value\":\"98\",\"data-name\":\"Q16_a11\",\"text\":\"Do not know\"},\"Q16_a12\":{\"type\":\"checkbox\",\"name\":\"Q16_a12\",\"value\":\"99\",\"data-name\":\"Q16_a12\",\"text\":\"Refused to answer\"}}',0,'two-column',NULL,1,'','2016-04-29 22:06:43','2016-05-04 07:45:04'),(25,0,NULL,'A1','a1',9,'This interview must be with','{\"qnum\":0,\"question\":0}','','{\"A1_a0\":{\"type\":\"radio\",\"name\":\"A1_aradio\",\"value\":\"1\",\"data-name\":\"A1_a0\",\"text\":\"Male\"},\"A1_a1\":{\"type\":\"radio\",\"name\":\"A1_aradio\",\"value\":\"2\",\"data-name\":\"A1_a1\",\"text\":\"Female\"}}',0,'two-column',NULL,1,'','2016-04-29 23:26:55','2016-05-04 08:04:02'),(26,0,NULL,'A3','a3',11,'Date of interview:','{\"qnum\":0,\"question\":0}','','{\"A3_a0\":{\"type\":\"number\",\"name\":\"A3_a0\",\"value\":\"\",\"data-name\":\"A3_a0\",\"text\":\"Day\"},\"A3_a1\":{\"type\":\"number\",\"name\":\"A3_a1\",\"value\":\"\",\"data-name\":\"A3_a1\",\"text\":\"Month\"},\"A3_a2\":{\"type\":\"number\",\"name\":\"A3_a2\",\"value\":\"\",\"data-name\":\"A3_a2\",\"text\":\"Year\"}}',0,'horizontal',NULL,1,'','2016-04-30 00:16:11','2016-05-04 08:04:02'),(27,0,NULL,'A4','a4',12,'Time when the interview started','{\"qnum\":0,\"question\":0}','','{\"A4_a0\":{\"type\":\"datetime\",\"name\":\"A4_a0\",\"value\":\"\",\"data-name\":\"A4_a0\",\"text\":\"Time in 24hr clock\"}}',0,'horizontal',NULL,1,'','2016-04-30 00:21:03','2016-05-04 08:07:35'),(28,0,NULL,'A5','a5',13,'Gender','{\"qnum\":0,\"question\":0}','','{\"A5_a0\":{\"type\":\"radio\",\"name\":\"A5_aradio\",\"value\":\"1\",\"data-name\":\"A5_a0\",\"text\":\"Male\"},\"A5_a1\":{\"type\":\"radio\",\"name\":\"A5_aradio\",\"value\":\"2\",\"data-name\":\"A5_a1\",\"text\":\"Female\"}}',0,'horizontal',NULL,1,'','2016-04-30 00:22:01','2016-05-04 08:04:02'),(29,1,NULL,'Q2','q2',2,'Generally speaking, would you say that most people can be trusted OR that you need to be very careful in dealing with people?','','','{\"Q2_a0\":{\"type\":\"radio\",\"name\":\"Q2_aradio\",\"value\":\"1\",\"data-name\":\"Q2_a0\",\"text\":\"Most people can be trusted\"},\"Q2_a1\":{\"type\":\"radio\",\"name\":\"Q2_aradio\",\"value\":\"2\",\"data-name\":\"Q2_a1\",\"text\":\"Need to be very careful\"},\"Q2_a2\":{\"type\":\"radio\",\"name\":\"Q2_aradio\",\"value\":\"98\",\"data-name\":\"Q2_a2\",\"text\":\"Do not know\"},\"Q2_a3\":{\"type\":\"radio\",\"name\":\"Q2_aradio\",\"value\":\"99\",\"data-name\":\"Q2_a3\",\"text\":\"Refused to answer\"}}',0,'',NULL,1,'','2016-04-30 00:27:58','2016-04-30 00:28:11'),(30,0,NULL,'A2','a2',10,'Visit: How many visits were made to the household where the interview actually took place?','{\"qnum\":0,\"question\":0}','','{\"A2_a0\":{\"type\":\"radio\",\"name\":\"A2_aradio\",\"value\":\"1\",\"data-name\":\"A2_a0\",\"text\":\"\"},\"A2_a1\":{\"type\":\"radio\",\"name\":\"A2_aradio\",\"value\":\"2\",\"data-name\":\"A2_a1\",\"text\":\"\"},\"A2_a2\":{\"type\":\"radio\",\"name\":\"A2_aradio\",\"value\":\"3\",\"data-name\":\"A2_a2\",\"text\":\"\"}}',0,'horizontal',NULL,1,'','2016-04-30 00:42:08','2016-05-04 08:04:02'),(31,1,NULL,'Q4a','q4',6,'Attended a community gathering in the past year?','{\"qnum\":0,\"question\":0}','','{\"Q4_a0\":{\"type\":\"radio\",\"name\":\"Q4_aradio\",\"value\":\"5\",\"data-name\":\"Q4_a0\",\"text\":\"Yes, often\"},\"Q4_a1\":{\"type\":\"radio\",\"name\":\"Q4_aradio\",\"value\":\"4\",\"data-name\":\"Q4_a1\",\"text\":\"Yes, several times\"},\"Q4_a2\":{\"type\":\"radio\",\"name\":\"Q4_aradio\",\"value\":\"3\",\"data-name\":\"Q4_a2\",\"text\":\"Yes, once or twice\"},\"Q4_a3\":{\"type\":\"radio\",\"name\":\"Q4_aradio\",\"value\":\"2\",\"data-name\":\"Q4_a3\",\"text\":\"No, Would if had the chance\"},\"Q4_a4\":{\"type\":\"radio\",\"name\":\"Q4_aradio\",\"value\":\"1\",\"data-name\":\"Q4_a4\",\"text\":\"No, would never do this\"},\"Q4_a5\":{\"type\":\"radio\",\"name\":\"Q4_aradio\",\"value\":\"99\",\"data-name\":\"Q4_a5\",\"text\":\"Refused to answer\"}}',0,'horizontal',NULL,1,'','2016-04-30 00:49:16','2016-05-04 07:41:37'),(32,1,NULL,'Q17a','q17a',31,'In your opinion, is there any aspect of the 2015 election processes that could be improved in the future? ','','','{\"Q17a_a0\":{\"type\":\"radio\",\"name\":\"Q17a_aradio\",\"value\":\"1\",\"data-name\":\"Q17a_a0\",\"text\":\"Yes\"},\"Q17a_a1\":{\"type\":\"radio\",\"name\":\"Q17a_aradio\",\"value\":\"2\",\"data-name\":\"Q17a_a1\",\"text\":\"No\"},\"Q17a_a2\":{\"type\":\"radio\",\"name\":\"Q17a_aradio\",\"value\":\"98\",\"data-name\":\"Q17a_a2\",\"text\":\"Do not know\"},\"Q17a_a3\":{\"type\":\"radio\",\"name\":\"Q17a_aradio\",\"value\":\"99\",\"data-name\":\"Q17a_a3\",\"text\":\"Refused to answer\"}}',0,'horizontal',NULL,1,'','2016-04-30 00:57:43','2016-05-04 07:45:05'),(33,1,NULL,'Q17b1','q17b',32,'What specifically do you think could be improved in the future? First response','{\"qnum\":0,\"question\":0}','','{\"Q17b1_a0\":{\"type\":\"radio\",\"name\":\"Q17b1_aradio\",\"value\":\"1\",\"data-name\":\"Q17b1_a0\",\"text\":\"Electoral laws\"},\"Q17b1_a1\":{\"type\":\"radio\",\"name\":\"Q17b1_aradio\",\"value\":\"2\",\"data-name\":\"Q17b1_a1\",\"text\":\"Structure and appointment of the UEC and its sub-commission\"},\"Q17b1_a2\":{\"type\":\"radio\",\"name\":\"Q17b1_aradio\",\"value\":\"3\",\"data-name\":\"Q17b1_a2\",\"text\":\"Election timeline and calendar\"},\"Q17b1_a3\":{\"type\":\"radio\",\"name\":\"Q17b1_aradio\",\"value\":\"4\",\"data-name\":\"Q17b1_a3\",\"text\":\"Access to information (including timeliness and quality)\"},\"Q17b1_a4\":{\"type\":\"radio\",\"name\":\"Q17b1_aradio\",\"value\":\"5\",\"data-name\":\"Q17b1_a4\",\"text\":\"Civic and\\/ or voter education\"},\"Q17b1_a5\":{\"type\":\"radio\",\"name\":\"Q17b1_aradio\",\"value\":\"6\",\"data-name\":\"Q17b1_a5\",\"text\":\"Voter list\\/ registration\"},\"Q17b1_a6\":{\"type\":\"radio\",\"name\":\"Q17b1_aradio\",\"value\":\"7\",\"data-name\":\"Q17b1_a6\",\"text\":\"Candidates and nomination prcess\"},\"Q17b1_a7\":{\"type\":\"radio\",\"name\":\"Q17b1_aradio\",\"value\":\"8\",\"data-name\":\"Q17b1_a7\",\"text\":\"Campaign process\"},\"Q17b1_a8\":{\"type\":\"radio\",\"name\":\"Q17b1_aradio\",\"value\":\"9\",\"data-name\":\"Q17b1_a8\",\"text\":\"Election Day Management\"},\"Q17b1_a9\":{\"type\":\"radio\",\"name\":\"Q17b1_aradio\",\"value\":\"10\",\"data-name\":\"Q17b1_a9\",\"text\":\"Advanced voting\"},\"Q17b1_a10\":{\"type\":\"radio\",\"name\":\"Q17b1_aradio\",\"value\":\"11\",\"data-name\":\"Q17b1_a10\",\"text\":\"Role of political parties\"},\"Q17b1_a11\":{\"type\":\"radio\",\"name\":\"Q17b1_aradio\",\"value\":\"12\",\"data-name\":\"Q17b1_a11\",\"text\":\"Election observation\"},\"Q17b1_a12\":{\"type\":\"radio\",\"name\":\"Q17b1_aradio\",\"value\":\"13\",\"data-name\":\"Q17b1_a12\",\"text\":\"Complaints and dispute resolution\"},\"Q17b1_a13\":{\"type\":\"radio\",\"name\":\"Q17b1_aradio\",\"value\":\"14\",\"data-name\":\"Q17b1_a13\",\"text\":\"Use of technology\"},\"Q17b1_a14\":{\"type\":\"radio\",\"name\":\"Q17b1_aradio\",\"value\":\"15\",\"data-name\":\"Q17b1_a14\",\"text\":\"Media fairness\"},\"Q17b1_a15\":{\"type\":\"radio\",\"name\":\"Q17b1_aradio\",\"value\":\"16\",\"data-name\":\"Q17b1_a15\",\"text\":\"Corruption\\/ money politics\"},\"Q17b1_a16\":{\"type\":\"radio\",\"name\":\"Q17b1_aradio\",\"value\":\"17\",\"data-name\":\"Q17b1_a16\",\"text\":\"Security\"},\"Q17b1_a17\":{\"type\":\"radio\",\"name\":\"Q17b1_aradio\",\"value\":\"18\",\"data-name\":\"Q17b1_a17\",\"text\":\"Electoral fraud\"},\"Q17b1_a18\":{\"type\":\"text\",\"name\":\"Q17b1_a18\",\"value\":\"\",\"data-name\":\"Q17b1_a18\",\"text\":\"Other, specify\"},\"Q17b1_a19\":{\"type\":\"radio\",\"name\":\"Q17b1_aradio\",\"value\":\"20\",\"data-name\":\"Q17b1_a19\",\"text\":\"Nothing\\/ no problem\"},\"Q17b1_a20\":{\"type\":\"radio\",\"name\":\"Q17b1_aradio\",\"value\":\"98\",\"data-name\":\"Q17b1_a20\",\"text\":\"Do not know\"},\"Q17b1_a21\":{\"type\":\"radio\",\"name\":\"Q17b1_aradio\",\"value\":\"99\",\"data-name\":\"Q17b1_a21\",\"text\":\"Refused to answer\"}}',0,'two-column',NULL,1,'','2016-04-30 00:59:08','2016-05-04 08:19:32'),(34,0,NULL,'?','x',1,'How many random households drew until the enumerator got this respondent?','{\"qnum\":0,\"question\":0}','','{\"?_a0\":{\"type\":\"radio\",\"name\":\"?_aradio\",\"value\":\"1\",\"data-name\":\"?_a0\",\"text\":\"\"},\"?_a1\":{\"type\":\"radio\",\"name\":\"?_aradio\",\"value\":\"2\",\"data-name\":\"?_a1\",\"text\":\"\"},\"?_a2\":{\"type\":\"radio\",\"name\":\"?_aradio\",\"value\":\"3\",\"data-name\":\"?_a2\",\"text\":\"\"},\"?_a3\":{\"type\":\"radio\",\"name\":\"?_aradio\",\"value\":\"4\",\"data-name\":\"?_a3\",\"text\":\"\"},\"?_a4\":{\"type\":\"radio\",\"name\":\"?_aradio\",\"value\":\"5\",\"data-name\":\"?_a4\",\"text\":\"\"},\"?_a5\":{\"type\":\"radio\",\"name\":\"?_aradio\",\"value\":\"6\",\"data-name\":\"?_a5\",\"text\":\"\"},\"?_a6\":{\"type\":\"radio\",\"name\":\"?_aradio\",\"value\":\"7\",\"data-name\":\"?_a6\",\"text\":\"\"}}',0,'horizontal',NULL,1,'','2016-04-30 01:55:56','2016-05-01 19:24:32'),(35,1,NULL,'Q5','q5',9,'How much respect is there for human rights nowadays in Myanmar? Would you say there is: a lot of respect for human rights, some respect, not much respect, or no respect?','','','{\"Q5_a0\":{\"type\":\"radio\",\"name\":\"Q5_aradio\",\"value\":\"1\",\"data-name\":\"Q5_a0\",\"text\":\"A lot of respect for human rights\"},\"Q5_a1\":{\"type\":\"radio\",\"name\":\"Q5_aradio\",\"value\":\"2\",\"data-name\":\"Q5_a1\",\"text\":\"Some respect\"},\"Q5_a2\":{\"type\":\"radio\",\"name\":\"Q5_aradio\",\"value\":\"3\",\"data-name\":\"Q5_a2\",\"text\":\"Not much respect\"},\"Q5_a3\":{\"type\":\"radio\",\"name\":\"Q5_aradio\",\"value\":\"4\",\"data-name\":\"Q5_a3\",\"text\":\"No respect\"},\"Q5_a4\":{\"type\":\"radio\",\"name\":\"Q5_aradio\",\"value\":\"98\",\"data-name\":\"Q5_a4\",\"text\":\"Do not know\"},\"Q5_a5\":{\"type\":\"radio\",\"name\":\"Q5_aradio\",\"value\":\"99\",\"data-name\":\"Q5_a5\",\"text\":\"Refused to answer\"}}',0,'none',NULL,1,'','2016-05-01 19:32:55','2016-05-04 07:42:05'),(36,1,NULL,'Q6','q6',10,'If you had to choose, which would you say is the government&#039;s most important responsibility:','','','{\"Q6_a0\":{\"type\":\"radio\",\"name\":\"Q6_aradio\",\"value\":\"1\",\"data-name\":\"Q6_a0\",\"text\":\"To maintain order is society\"},\"Q6_a1\":{\"type\":\"radio\",\"name\":\"Q6_aradio\",\"value\":\"2\",\"data-name\":\"Q6_a1\",\"text\":\"To maintain freedom of individual\"},\"Q6_a2\":{\"type\":\"radio\",\"name\":\"Q6_aradio\",\"value\":\"98\",\"data-name\":\"Q6_a2\",\"text\":\"Do not know\"},\"Q6_a3\":{\"type\":\"radio\",\"name\":\"Q6_aradio\",\"value\":\"99\",\"data-name\":\"Q6_a3\",\"text\":\"Refused to answer\"}}',0,'',NULL,1,'','2016-05-01 19:34:56','2016-05-04 07:42:03'),(37,1,NULL,'Q7','q7',11,'Which of the following statements is closest to your view? Statement 1: Citizens should be more active in questioning the actions of national leaders. Statement 2: In our country, citizens should show more respect for authority.','{\"qnum\":0,\"question\":0}','','{\"Q7_a0\":{\"type\":\"radio\",\"name\":\"Q7_aradio\",\"value\":\"1\",\"data-name\":\"Q7_a0\",\"text\":\"Agree strongly with statement 1\"},\"Q7_a1\":{\"type\":\"radio\",\"name\":\"Q7_aradio\",\"value\":\"2\",\"data-name\":\"Q7_a1\",\"text\":\"Agree with statement 1\"},\"Q7_a2\":{\"type\":\"radio\",\"name\":\"Q7_aradio\",\"value\":\"3\",\"data-name\":\"Q7_a2\",\"text\":\"Agree with statement 2\"},\"Q7_a3\":{\"type\":\"radio\",\"name\":\"Q7_aradio\",\"value\":\"4\",\"data-name\":\"Q7_a3\",\"text\":\"Agree very strongly with statement 2\"},\"Q7_a4\":{\"type\":\"radio\",\"name\":\"Q7_aradio\",\"value\":\"5\",\"data-name\":\"Q7_a4\",\"text\":\"Agree with neither\"},\"Q7_a5\":{\"type\":\"radio\",\"name\":\"Q7_aradio\",\"value\":\"98\",\"data-name\":\"Q7_a5\",\"text\":\"Do not know\"}}',0,'horizontal',NULL,1,'','2016-05-01 19:37:55','2016-05-04 08:10:18'),(38,1,NULL,'Q8a','q8a',12,'How much confidence you have in President?','','','{\"Q8a_a0\":{\"type\":\"radio\",\"name\":\"Q8a_aradio\",\"value\":\"1\",\"data-name\":\"Q8a_a0\",\"text\":\"Great deal of confidence\"},\"Q8a_a1\":{\"type\":\"radio\",\"name\":\"Q8a_aradio\",\"value\":\"2\",\"data-name\":\"Q8a_a1\",\"text\":\"Quite a lot of confidence\"},\"Q8a_a2\":{\"type\":\"radio\",\"name\":\"Q8a_aradio\",\"value\":\"3\",\"data-name\":\"Q8a_a2\",\"text\":\"Not very much confidence\"},\"Q8a_a3\":{\"type\":\"radio\",\"name\":\"Q8a_aradio\",\"value\":\"4\",\"data-name\":\"Q8a_a3\",\"text\":\"None at all\"},\"Q8a_a4\":{\"type\":\"radio\",\"name\":\"Q8a_aradio\",\"value\":\"98\",\"data-name\":\"Q8a_a4\",\"text\":\"Do not know\"},\"Q8a_a5\":{\"type\":\"radio\",\"name\":\"Q8a_aradio\",\"value\":\"99\",\"data-name\":\"Q8a_a5\",\"text\":\"Refused to answer\"}}',0,'horizontal',NULL,1,'','2016-05-01 19:39:47','2016-05-04 07:42:03'),(39,1,NULL,'Q12','q12',26,'In many countries, independent domestic groups observe elections. Do you recall hearing any of independent domestic election groups in the last 2015 elections?','','','{\"Q12_a0\":{\"type\":\"radio\",\"name\":\"Q12_aradio\",\"value\":\"1\",\"data-name\":\"Q12_a0\",\"text\":\"Yes\"},\"Q12_a1\":{\"type\":\"radio\",\"name\":\"Q12_aradio\",\"value\":\"2\",\"data-name\":\"Q12_a1\",\"text\":\"No\"},\"Q12_a2\":{\"type\":\"radio\",\"name\":\"Q12_aradio\",\"value\":\"98\",\"data-name\":\"Q12_a2\",\"text\":\"Do not know\"},\"Q12_a3\":{\"type\":\"radio\",\"name\":\"Q12_aradio\",\"value\":\"99\",\"data-name\":\"Q12_a3\",\"text\":\"Refused to answer\"}}',0,'horizontal',NULL,1,'','2016-05-01 19:49:31','2016-05-04 07:44:49'),(40,1,NULL,'Q13','q13',27,'Do you think that the involvement of domestic election observers helps guarantee transparent elections?','','','{\"Q13_a0\":{\"type\":\"radio\",\"name\":\"Q13_aradio\",\"value\":\"1\",\"data-name\":\"Q13_a0\",\"text\":\"Very helpful\"},\"Q13_a1\":{\"type\":\"radio\",\"name\":\"Q13_aradio\",\"value\":\"2\",\"data-name\":\"Q13_a1\",\"text\":\"They can help a little\"},\"Q13_a2\":{\"type\":\"radio\",\"name\":\"Q13_aradio\",\"value\":\"3\",\"data-name\":\"Q13_a2\",\"text\":\"I doubt they can help\"},\"Q13_a3\":{\"type\":\"radio\",\"name\":\"Q13_aradio\",\"value\":\"4\",\"data-name\":\"Q13_a3\",\"text\":\"It is no use at all\"},\"Q13_a4\":{\"type\":\"radio\",\"name\":\"Q13_aradio\",\"value\":\"98\",\"data-name\":\"Q13_a4\",\"text\":\"Do not know\"},\"Q13_a5\":{\"type\":\"radio\",\"name\":\"Q13_aradio\",\"value\":\"99\",\"data-name\":\"Q13_a5\",\"text\":\"Refused to answer\"}}',0,'vertical',NULL,1,'','2016-05-01 19:50:53','2016-05-04 07:44:49'),(41,1,NULL,'Q20a','q20',37,'Knowledge about the ward/ village-track administrator ','{\"qnum\":0,\"question\":0}','','{\"Q20_a0\":{\"type\":\"radio\",\"name\":\"Q20_aradio\",\"value\":\"1\",\"data-name\":\"Q20_a0\",\"text\":\"Correct name\"},\"Q20_a1\":{\"type\":\"radio\",\"name\":\"Q20_aradio\",\"value\":\"2\",\"data-name\":\"Q20_a1\",\"text\":\"Know but can\'t remember the name\"},\"Q20_a2\":{\"type\":\"radio\",\"name\":\"Q20_aradio\",\"value\":\"3\",\"data-name\":\"Q20_a2\",\"text\":\"Incorrect guess\"},\"Q20_a3\":{\"type\":\"radio\",\"name\":\"Q20_aradio\",\"value\":\"4\",\"data-name\":\"Q20_a3\",\"text\":\"Only know the party affiliation\"},\"Q20_a4\":{\"type\":\"radio\",\"name\":\"Q20_aradio\",\"value\":\"98\",\"data-name\":\"Q20_a4\",\"text\":\"Do not know\"},\"Q20_a5\":{\"type\":\"radio\",\"name\":\"Q20_aradio\",\"value\":\"99\",\"data-name\":\"Q20_a5\",\"text\":\"Refused to answer\"}}',0,'horizontal',NULL,1,'','2016-05-01 19:56:38','2016-05-04 08:29:10'),(42,1,NULL,'Q21a','q21a',39,'What is the most important role of the overall performance of an MP','','','{\"Q21a_a0\":{\"type\":\"radio\",\"name\":\"Q21a_aradio\",\"value\":\"1\",\"data-name\":\"Q21a_a0\",\"text\":\"Actively participate in the Parliament sessions\"},\"Q21a_a1\":{\"type\":\"radio\",\"name\":\"Q21a_aradio\",\"value\":\"2\",\"data-name\":\"Q21a_a1\",\"text\":\"Introducing legislation in Parliament\"},\"Q21a_a2\":{\"type\":\"radio\",\"name\":\"Q21a_aradio\",\"value\":\"3\",\"data-name\":\"Q21a_a2\",\"text\":\"Cooperating with other MPs about an issue\"},\"Q21a_a3\":{\"type\":\"radio\",\"name\":\"Q21a_aradio\",\"value\":\"4\",\"data-name\":\"Q21a_a3\",\"text\":\"Asking questions to the relevant ministers and other members of the executive\"},\"Q21a_a4\":{\"type\":\"radio\",\"name\":\"Q21a_aradio\",\"value\":\"5\",\"data-name\":\"Q21a_a4\",\"text\":\"Visiting the constituency on regular basis to hear concerns of the constituents\"},\"Q21a_a5\":{\"type\":\"radio\",\"name\":\"Q21a_aradio\",\"value\":\"6\",\"data-name\":\"Q21a_a5\",\"text\":\"Mobilizing development activities in the constituency\"},\"Q21a_a6\":{\"type\":\"radio\",\"name\":\"Q21a_aradio\",\"value\":\"98\",\"data-name\":\"Q21a_a6\",\"text\":\"Do not know\"}}',0,'',NULL,1,'','2016-05-01 19:59:30','2016-05-04 08:29:10'),(43,1,NULL,'Q25','q25',49,'In what year were you born?','','','{\"Q25y_a0\":{\"type\":\"number\",\"name\":\"Q25y_a0\",\"value\":\"\",\"data-name\":\"Q25y_a0\",\"text\":\"Year of birth\"},\"Q25y_a1\":{\"type\":\"number\",\"name\":\"Q25y_a1\",\"value\":\"\",\"data-name\":\"Q25y_a1\",\"text\":\"Age\"}}',0,'',NULL,1,'','2016-05-01 20:14:54','2016-05-04 09:07:57'),(44,2,NULL,'B1','b1',1,'Time when the interview ended','{\"qnum\":0,\"question\":0}','','{\"B1_a0\":{\"type\":\"datetime\",\"name\":\"B1_a0\",\"value\":\"\",\"data-name\":\"B1_a0\",\"text\":\"Time in 24hr clock\"}}',0,'',NULL,1,'','2016-05-01 20:15:27','2016-05-04 09:18:54'),(45,1,NULL,'Q3B','q3b',4,'	Sport groups ?','{\"qnum\":0,\"question\":0}','','{\"Q3B_a0\":{\"type\":\"radio\",\"name\":\"Q3B_aradio\",\"value\":\"1\",\"data-name\":\"Q3B_a0\",\"text\":\"Often\"},\"Q3B_a1\":{\"type\":\"radio\",\"name\":\"Q3B_aradio\",\"value\":\"2\",\"data-name\":\"Q3B_a1\",\"text\":\"Sometimes\"},\"Q3B_a2\":{\"type\":\"radio\",\"name\":\"Q3B_aradio\",\"value\":\"3\",\"data-name\":\"Q3B_a2\",\"text\":\"Never\"},\"Q3B_a3\":{\"type\":\"radio\",\"name\":\"Q3B_aradio\",\"value\":\"98\",\"data-name\":\"Q3B_a3\",\"text\":\"Do not know\"},\"Q3B_a4\":{\"type\":\"radio\",\"name\":\"Q3B_aradio\",\"value\":\"99\",\"data-name\":\"Q3B_a4\",\"text\":\"Refused to answer\"}}',0,'horizontal',NULL,1,'','2016-05-03 23:12:36','2016-05-04 07:41:19'),(46,1,NULL,'Q3C','q3c',5,'Worker associations ?','{\"qnum\":0,\"question\":0}','','{\"Q3C_a0\":{\"type\":\"radio\",\"name\":\"Q3C_aradio\",\"value\":\"1\",\"data-name\":\"Q3C_a0\",\"text\":\"Often\"},\"Q3C_a1\":{\"type\":\"radio\",\"name\":\"Q3C_aradio\",\"value\":\"2\",\"data-name\":\"Q3C_a1\",\"text\":\"Sometimes\"},\"Q3C_a2\":{\"type\":\"radio\",\"name\":\"Q3C_aradio\",\"value\":\"3\",\"data-name\":\"Q3C_a2\",\"text\":\"Never\"},\"Q3C_a3\":{\"type\":\"radio\",\"name\":\"Q3C_aradio\",\"value\":\"98\",\"data-name\":\"Q3C_a3\",\"text\":\"Do not know\"},\"Q3C_a4\":{\"type\":\"radio\",\"name\":\"Q3C_aradio\",\"value\":\"99\",\"data-name\":\"Q3C_a4\",\"text\":\"Refused to answer\"}}',0,'horizontal',NULL,1,'','2016-05-03 23:26:54','2016-05-04 07:41:37'),(47,1,NULL,'Q4B','q4b',7,'	Attended a voter/ civic education meeting ?','','','{\"Q4B_a0\":{\"type\":\"radio\",\"name\":\"Q4B_aradio\",\"value\":\"5\",\"data-name\":\"Q4B_a0\",\"text\":\"Yes, often\"},\"Q4B_a1\":{\"type\":\"radio\",\"name\":\"Q4B_aradio\",\"value\":\"4\",\"data-name\":\"Q4B_a1\",\"text\":\"Yes, Several times\"},\"Q4B_a2\":{\"type\":\"radio\",\"name\":\"Q4B_aradio\",\"value\":\"3\",\"data-name\":\"Q4B_a2\",\"text\":\"Yes, Once or twice\"},\"Q4B_a3\":{\"type\":\"radio\",\"name\":\"Q4B_aradio\",\"value\":\"2\",\"data-name\":\"Q4B_a3\",\"text\":\" No, Would if had the chance\"},\"Q4B_a4\":{\"type\":\"radio\",\"name\":\"Q4B_aradio\",\"value\":\"1\",\"data-name\":\"Q4B_a4\",\"text\":\" No, would never do this\"},\"Q4B_a5\":{\"type\":\"radio\",\"name\":\"Q4B_aradio\",\"value\":\"99\",\"data-name\":\"Q4B_a5\",\"text\":\" Refused to answer\"}}',0,'horizontal',NULL,1,'','2016-05-03 23:34:58','2016-05-04 07:41:51'),(48,1,NULL,'Q4C','q4c',8,'Signed a petition ?','','','{\"Q4C_a0\":{\"type\":\"radio\",\"name\":\"Q4C_aradio\",\"value\":\"5\",\"data-name\":\"Q4C_a0\",\"text\":\"Yes, often\"},\"Q4C_a1\":{\"type\":\"radio\",\"name\":\"Q4C_aradio\",\"value\":\"4\",\"data-name\":\"Q4C_a1\",\"text\":\"Yes, several times\"},\"Q4C_a2\":{\"type\":\"radio\",\"name\":\"Q4C_aradio\",\"value\":\"3\",\"data-name\":\"Q4C_a2\",\"text\":\"Yes, once or twice\"},\"Q4C_a3\":{\"type\":\"radio\",\"name\":\"Q4C_aradio\",\"value\":\"2\",\"data-name\":\"Q4C_a3\",\"text\":\"No, Would if had the chance\"},\"Q4C_a4\":{\"type\":\"radio\",\"name\":\"Q4C_aradio\",\"value\":\"1\",\"data-name\":\"Q4C_a4\",\"text\":\"No, would never do this\"},\"Q4C_a5\":{\"type\":\"radio\",\"name\":\"Q4C_aradio\",\"value\":\"99\",\"data-name\":\"Q4C_a5\",\"text\":\" Refused to answer\"}}',0,'horizontal',NULL,1,'','2016-05-03 23:40:24','2016-05-04 07:42:05'),(49,1,NULL,'Q8B','q8b',13,'Union-level Parliament ?','','','{\"Q8B_a0\":{\"type\":\"radio\",\"name\":\"Q8B_aradio\",\"value\":\"1\",\"data-name\":\"Q8B_a0\",\"text\":\"Great deal of confidence\"},\"Q8B_a1\":{\"type\":\"radio\",\"name\":\"Q8B_aradio\",\"value\":\"2\",\"data-name\":\"Q8B_a1\",\"text\":\"Quite a lot of confidence\"},\"Q8B_a2\":{\"type\":\"radio\",\"name\":\"Q8B_aradio\",\"value\":\"3\",\"data-name\":\"Q8B_a2\",\"text\":\"Not very much confidence\"},\"Q8B_a3\":{\"type\":\"radio\",\"name\":\"Q8B_aradio\",\"value\":\"4\",\"data-name\":\"Q8B_a3\",\"text\":\" None at all\"},\"Q8B_a4\":{\"type\":\"radio\",\"name\":\"Q8B_aradio\",\"value\":\"98\",\"data-name\":\"Q8B_a4\",\"text\":\"  Do not know\"},\"Q8B_a5\":{\"type\":\"radio\",\"name\":\"Q8B_aradio\",\"value\":\"99\",\"data-name\":\"Q8B_a5\",\"text\":\" Refused to answer\"}}',0,'horizontal',NULL,1,'','2016-05-04 00:15:05','2016-05-04 07:42:15'),(50,1,NULL,'Q8C','q8c',14,'	Judiciary?','','','{\"Q8C_a0\":{\"type\":\"radio\",\"name\":\"Q8C_aradio\",\"value\":\"1\",\"data-name\":\"Q8C_a0\",\"text\":\"Great deal of confidence\"},\"Q8C_a1\":{\"type\":\"radio\",\"name\":\"Q8C_aradio\",\"value\":\"2\",\"data-name\":\"Q8C_a1\",\"text\":\"Quite a lot of confidence\"},\"Q8C_a2\":{\"type\":\"radio\",\"name\":\"Q8C_aradio\",\"value\":\"3\",\"data-name\":\"Q8C_a2\",\"text\":\" Not very much confidence\"},\"Q8C_a3\":{\"type\":\"radio\",\"name\":\"Q8C_aradio\",\"value\":\"4\",\"data-name\":\"Q8C_a3\",\"text\":\" None at all\"},\"Q8C_a4\":{\"type\":\"radio\",\"name\":\"Q8C_aradio\",\"value\":\"98\",\"data-name\":\"Q8C_a4\",\"text\":\" Do not know\"},\"Q8C_a5\":{\"type\":\"radio\",\"name\":\"Q8C_aradio\",\"value\":\"99\",\"data-name\":\"Q8C_a5\",\"text\":\"  Refused to answer\"}}',0,'horizontal',NULL,1,'','2016-05-04 00:18:35','2016-05-04 07:42:25'),(51,1,NULL,'Q8D','q8d',15,'	Civil service/ bureaucracy?','','','{\"Q8D_a0\":{\"type\":\"radio\",\"name\":\"Q8D_aradio\",\"value\":\"1\",\"data-name\":\"Q8D_a0\",\"text\":\"Great deal of confidence\"},\"Q8D_a1\":{\"type\":\"radio\",\"name\":\"Q8D_aradio\",\"value\":\"2\",\"data-name\":\"Q8D_a1\",\"text\":\"Quite a lot of confidence\"},\"Q8D_a2\":{\"type\":\"radio\",\"name\":\"Q8D_aradio\",\"value\":\"3\",\"data-name\":\"Q8D_a2\",\"text\":\"Not very much confidence\"},\"Q8D_a3\":{\"type\":\"radio\",\"name\":\"Q8D_aradio\",\"value\":\"4\",\"data-name\":\"Q8D_a3\",\"text\":\"None at all\"},\"Q8D_a4\":{\"type\":\"radio\",\"name\":\"Q8D_aradio\",\"value\":\"98\",\"data-name\":\"Q8D_a4\",\"text\":\"Do not know\"},\"Q8D_a5\":{\"type\":\"radio\",\"name\":\"Q8D_aradio\",\"value\":\"99\",\"data-name\":\"Q8D_a5\",\"text\":\" Refused to answer\"}}',0,'horizontal',NULL,1,'','2016-05-04 00:23:02','2016-05-04 07:42:39'),(52,1,NULL,'Q8E','q8e',16,'	Political parties?','','','{\"Q8E_a0\":{\"type\":\"radio\",\"name\":\"Q8E_aradio\",\"value\":\"1\",\"data-name\":\"Q8E_a0\",\"text\":\"Great deal of confidence\"},\"Q8E_a1\":{\"type\":\"radio\",\"name\":\"Q8E_aradio\",\"value\":\"2\",\"data-name\":\"Q8E_a1\",\"text\":\"Quite a lot of confidence\"},\"Q8E_a2\":{\"type\":\"radio\",\"name\":\"Q8E_aradio\",\"value\":\"3\",\"data-name\":\"Q8E_a2\",\"text\":\"Not very much confidence\"},\"Q8E_a3\":{\"type\":\"radio\",\"name\":\"Q8E_aradio\",\"value\":\"4\",\"data-name\":\"Q8E_a3\",\"text\":\"None at all\"},\"Q8E_a4\":{\"type\":\"radio\",\"name\":\"Q8E_aradio\",\"value\":\"98\",\"data-name\":\"Q8E_a4\",\"text\":\"Do not know\"},\"Q8E_a5\":{\"type\":\"radio\",\"name\":\"Q8E_aradio\",\"value\":\"99\",\"data-name\":\"Q8E_a5\",\"text\":\"Refused to answer\"}}',0,'horizontal',NULL,1,'','2016-05-04 00:25:14','2016-05-04 07:43:45'),(53,1,NULL,'Q8F','q8f',17,'Police?','','','{\"Q8F_a0\":{\"type\":\"radio\",\"name\":\"Q8F_aradio\",\"value\":\"1\",\"data-name\":\"Q8F_a0\",\"text\":\"Great deal of confidence\"},\"Q8F_a1\":{\"type\":\"radio\",\"name\":\"Q8F_aradio\",\"value\":\"2\",\"data-name\":\"Q8F_a1\",\"text\":\"Quite a lot of confidence\"},\"Q8F_a2\":{\"type\":\"radio\",\"name\":\"Q8F_aradio\",\"value\":\"3\",\"data-name\":\"Q8F_a2\",\"text\":\"Not very much confidence\"},\"Q8F_a3\":{\"type\":\"radio\",\"name\":\"Q8F_aradio\",\"value\":\"4\",\"data-name\":\"Q8F_a3\",\"text\":\"None at all\"},\"Q8F_a4\":{\"type\":\"radio\",\"name\":\"Q8F_aradio\",\"value\":\"98\",\"data-name\":\"Q8F_a4\",\"text\":\"Do not know\"},\"Q8F_a5\":{\"type\":\"radio\",\"name\":\"Q8F_aradio\",\"value\":\"99\",\"data-name\":\"Q8F_a5\",\"text\":\"Refused to answer\"}}',0,'horizontal',NULL,1,'','2016-05-04 00:27:30','2016-05-04 07:43:57'),(54,1,NULL,'Q8G','q8g',18,'Media?','','','{\"Q8G_a0\":{\"type\":\"radio\",\"name\":\"Q8G_aradio\",\"value\":\"1\",\"data-name\":\"Q8G_a0\",\"text\":\" Great deal of confidence\"},\"Q8G_a1\":{\"type\":\"radio\",\"name\":\"Q8G_aradio\",\"value\":\"2\",\"data-name\":\"Q8G_a1\",\"text\":\" Quite a lot of confidence\"},\"Q8G_a2\":{\"type\":\"radio\",\"name\":\"Q8G_aradio\",\"value\":\"3\",\"data-name\":\"Q8G_a2\",\"text\":\"  Not very much confidence\"},\"Q8G_a3\":{\"type\":\"radio\",\"name\":\"Q8G_aradio\",\"value\":\"4\",\"data-name\":\"Q8G_a3\",\"text\":\"   None at all\"},\"Q8G_a4\":{\"type\":\"radio\",\"name\":\"Q8G_aradio\",\"value\":\"98\",\"data-name\":\"Q8G_a4\",\"text\":\"  Do not know\"},\"Q8G_a5\":{\"type\":\"radio\",\"name\":\"Q8G_aradio\",\"value\":\"99\",\"data-name\":\"Q8G_a5\",\"text\":\"  Refused to answer\"}}',0,'horizontal',NULL,1,'','2016-05-04 00:29:40','2016-05-04 07:44:07'),(55,1,NULL,'Q8H','q8',19,'CSOs/ CBOs?','{\"qnum\":0,\"question\":0}','','{\"Q8_a0\":{\"type\":\"radio\",\"name\":\"Q8_aradio\",\"value\":\"1\",\"data-name\":\"Q8_a0\",\"text\":\"Great deal of confidence\"},\"Q8_a1\":{\"type\":\"radio\",\"name\":\"Q8_aradio\",\"value\":\"2\",\"data-name\":\"Q8_a1\",\"text\":\"Quite a lot of confidence\"},\"Q8_a2\":{\"type\":\"radio\",\"name\":\"Q8_aradio\",\"value\":\"3\",\"data-name\":\"Q8_a2\",\"text\":\" Not very much confidence\"},\"Q8_a3\":{\"type\":\"radio\",\"name\":\"Q8_aradio\",\"value\":\"4\",\"data-name\":\"Q8_a3\",\"text\":\" None at all\"},\"Q8_a4\":{\"type\":\"radio\",\"name\":\"Q8_aradio\",\"value\":\"98\",\"data-name\":\"Q8_a4\",\"text\":\"Do not know\"},\"Q8_a5\":{\"type\":\"radio\",\"name\":\"Q8_aradio\",\"value\":\"99\",\"data-name\":\"Q8_a5\",\"text\":\"Refused to answer\"}}',0,'horizontal',NULL,1,'','2016-05-04 00:31:45','2016-05-04 07:44:15'),(56,1,NULL,'Q8I','q8i',20,'UEC?','','','{\"Q8I_a0\":{\"type\":\"radio\",\"name\":\"Q8I_aradio\",\"value\":\"1\",\"data-name\":\"Q8I_a0\",\"text\":\"Great deal of confidence\"},\"Q8I_a1\":{\"type\":\"radio\",\"name\":\"Q8I_aradio\",\"value\":\"2\",\"data-name\":\"Q8I_a1\",\"text\":\"Quite a lot of confidence\"},\"Q8I_a2\":{\"type\":\"radio\",\"name\":\"Q8I_aradio\",\"value\":\"3\",\"data-name\":\"Q8I_a2\",\"text\":\"Not very much confidence\"},\"Q8I_a3\":{\"type\":\"radio\",\"name\":\"Q8I_aradio\",\"value\":\"4\",\"data-name\":\"Q8I_a3\",\"text\":\"None at all\"},\"Q8I_a4\":{\"type\":\"radio\",\"name\":\"Q8I_aradio\",\"value\":\"98\",\"data-name\":\"Q8I_a4\",\"text\":\" Do not know\"},\"Q8I_a5\":{\"type\":\"radio\",\"name\":\"Q8I_aradio\",\"value\":\"99\",\"data-name\":\"Q8I_a5\",\"text\":\"Refused to answer\"}}',0,'horizontal',NULL,1,'','2016-05-04 00:33:59','2016-05-04 07:44:33'),(57,1,NULL,'Q8J','q8j',21,'Religious leaders?','','','{\"Q8J_a0\":{\"type\":\"radio\",\"name\":\"Q8J_aradio\",\"value\":\"1\",\"data-name\":\"Q8J_a0\",\"text\":\"Great deal of confidence\"},\"Q8J_a1\":{\"type\":\"radio\",\"name\":\"Q8J_aradio\",\"value\":\"2\",\"data-name\":\"Q8J_a1\",\"text\":\"Quite a lot of confidence\"},\"Q8J_a2\":{\"type\":\"radio\",\"name\":\"Q8J_aradio\",\"value\":\"3\",\"data-name\":\"Q8J_a2\",\"text\":\"Not very much confidence\"},\"Q8J_a3\":{\"type\":\"radio\",\"name\":\"Q8J_aradio\",\"value\":\"4\",\"data-name\":\"Q8J_a3\",\"text\":\"None at all\"},\"Q8J_a4\":{\"type\":\"radio\",\"name\":\"Q8J_aradio\",\"value\":\"98\",\"data-name\":\"Q8J_a4\",\"text\":\"Do not know\"},\"Q8J_a5\":{\"type\":\"radio\",\"name\":\"Q8J_aradio\",\"value\":\"99\",\"data-name\":\"Q8J_a5\",\"text\":\"Refused to answer\"}}',0,'horizontal',NULL,1,'','2016-05-04 00:35:52','2016-05-04 07:44:39'),(58,1,NULL,'Q8K','q8k',22,'The United Nations?','','','{\"Q8K_a0\":{\"type\":\"radio\",\"name\":\"Q8K_aradio\",\"value\":\"1\",\"data-name\":\"Q8K_a0\",\"text\":\"Great deal of confidence\"},\"Q8K_a1\":{\"type\":\"radio\",\"name\":\"Q8K_aradio\",\"value\":\"2\",\"data-name\":\"Q8K_a1\",\"text\":\"Quite a lot of confidence\"},\"Q8K_a2\":{\"type\":\"radio\",\"name\":\"Q8K_aradio\",\"value\":\"3\",\"data-name\":\"Q8K_a2\",\"text\":\"Not very much confidence\"},\"Q8K_a3\":{\"type\":\"radio\",\"name\":\"Q8K_aradio\",\"value\":\"4\",\"data-name\":\"Q8K_a3\",\"text\":\" None at all\"},\"Q8K_a4\":{\"type\":\"radio\",\"name\":\"Q8K_aradio\",\"value\":\"98\",\"data-name\":\"Q8K_a4\",\"text\":\"Do not know\"},\"Q8K_a5\":{\"type\":\"radio\",\"name\":\"Q8K_aradio\",\"value\":\"99\",\"data-name\":\"Q8K_a5\",\"text\":\"Refused to answer\"}}',0,'horizontal',NULL,1,'','2016-05-04 00:38:31','2016-05-04 07:44:49'),(59,1,NULL,'Q14','q14',28,'Do you think that the involvement of international election observers helps guarantee transparent elections? ','','','{\"Q14_a0\":{\"type\":\"radio\",\"name\":\"Q14_aradio\",\"value\":\"1\",\"data-name\":\"Q14_a0\",\"text\":\"Very helpful\"},\"Q14_a1\":{\"type\":\"radio\",\"name\":\"Q14_aradio\",\"value\":\"2\",\"data-name\":\"Q14_a1\",\"text\":\"They can help a little\"},\"Q14_a2\":{\"type\":\"radio\",\"name\":\"Q14_aradio\",\"value\":\"3\",\"data-name\":\"Q14_a2\",\"text\":\"I doubt they can help\"},\"Q14_a3\":{\"type\":\"radio\",\"name\":\"Q14_aradio\",\"value\":\"4\",\"data-name\":\"Q14_a3\",\"text\":\"It is no use at all\"},\"Q14_a4\":{\"type\":\"radio\",\"name\":\"Q14_aradio\",\"value\":\"98\",\"data-name\":\"Q14_a4\",\"text\":\"Do not know\"},\"Q14_a5\":{\"type\":\"radio\",\"name\":\"Q14_aradio\",\"value\":\"99\",\"data-name\":\"Q14_a5\",\"text\":\"Refused to answer\"}}',0,'vertical',NULL,1,'','2016-05-04 00:41:46','2016-05-04 07:44:58'),(60,1,NULL,'Q15','q15',29,'How satisfied are you with the 2015 election processes? Are you: very satisfied, somewhat satisfied, somewhat dissatisfied, or very dissatisfied.','','','{\"Q15_a0\":{\"type\":\"radio\",\"name\":\"Q15_aradio\",\"value\":\"1\",\"data-name\":\"Q15_a0\",\"text\":\"Very satisfied\"},\"Q15_a1\":{\"type\":\"radio\",\"name\":\"Q15_aradio\",\"value\":\"2\",\"data-name\":\"Q15_a1\",\"text\":\"Somewhat satisfied\"},\"Q15_a2\":{\"type\":\"radio\",\"name\":\"Q15_aradio\",\"value\":\"3\",\"data-name\":\"Q15_a2\",\"text\":\"Somewhat dissatisfied\"},\"Q15_a3\":{\"type\":\"radio\",\"name\":\"Q15_aradio\",\"value\":\"4\",\"data-name\":\"Q15_a3\",\"text\":\"Very dissatisfied\"},\"Q15_a4\":{\"type\":\"radio\",\"name\":\"Q15_aradio\",\"value\":\"98\",\"data-name\":\"Q15_a4\",\"text\":\"Do not know\"},\"Q15_a5\":{\"type\":\"radio\",\"name\":\"Q15_aradio\",\"value\":\"99\",\"data-name\":\"Q15_a5\",\"text\":\"Refused to answer\"}}',0,'vertical',NULL,1,'','2016-05-04 02:49:42','2016-05-04 07:45:04'),(61,1,NULL,'Q18','q18',35,'What do you think are the most important qualities that a good election commissioner should have? ','{\"qnum\":0,\"question\":0}','','{\"Q18_a0\":{\"type\":\"radio\",\"name\":\"Q18_aradio\",\"value\":\"1\",\"data-name\":\"Q18_a0\",\"text\":\"Independent \"},\"Q18_a1\":{\"type\":\"radio\",\"name\":\"Q18_aradio\",\"value\":\"2\",\"data-name\":\"Q18_a1\",\"text\":\"Experiences\\/ expertise \"},\"Q18_a2\":{\"type\":\"radio\",\"name\":\"Q18_aradio\",\"value\":\"3\",\"data-name\":\"Q18_a2\",\"text\":\"Hard-working\"},\"Q18_a3\":{\"type\":\"radio\",\"name\":\"Q18_aradio\",\"value\":\"4\",\"data-name\":\"Q18_a3\",\"text\":\"Legal background\"},\"Q18_a4\":{\"type\":\"radio\",\"name\":\"Q18_aradio\",\"value\":\"5\",\"data-name\":\"Q18_a4\",\"text\":\"Integrity\\/ trustworthiness\"},\"Q18_a5\":{\"type\":\"radio\",\"name\":\"Q18_aradio\",\"value\":\"6\",\"data-name\":\"Q18_a5\",\"text\":\"Effectiveness\"},\"Q18_a6\":{\"type\":\"radio\",\"name\":\"Q18_aradio\",\"value\":\"7\",\"data-name\":\"Q18_a6\",\"text\":\"Strong leadership\"},\"Q18_a7\":{\"type\":\"text\",\"name\":\"Q18_a7\",\"value\":\"8\",\"data-name\":\"Q18_a7\",\"text\":\"Other, specify \"},\"Q18_a8\":{\"type\":\"radio\",\"name\":\"Q18_aradio\",\"value\":\"98\",\"data-name\":\"Q18_a8\",\"text\":\"Do not know\"},\"Q18_a9\":{\"type\":\"radio\",\"name\":\"Q18_aradio\",\"value\":\"99\",\"data-name\":\"Q18_a9\",\"text\":\"Refused to answer\"}}',0,'vertical',NULL,1,'','2016-05-04 03:01:21','2016-05-04 08:29:12'),(62,1,NULL,'Q19','q19',36,'Do you happen to know how the President is elected? ','','','{\"Q19_a0\":{\"type\":\"radio\",\"name\":\"Q19_aradio\",\"value\":\"1\",\"data-name\":\"Q19_a0\",\"text\":\"Voters will elect the president directly\"},\"Q19_a1\":{\"type\":\"radio\",\"name\":\"Q19_aradio\",\"value\":\"2\",\"data-name\":\"Q19_a1\",\"text\":\"The party who get the most seats will appoint the president \"},\"Q19_a2\":{\"type\":\"radio\",\"name\":\"Q19_aradio\",\"value\":\"3\",\"data-name\":\"Q19_a2\",\"text\":\"Election by the Pyidaungsu Hluttaw\"},\"Q19_a3\":{\"type\":\"radio\",\"name\":\"Q19_aradio\",\"value\":\"4\",\"data-name\":\"Q19_a3\",\"text\":\"Military will appoint the president\"},\"Q19_a4\":{\"type\":\"radio\",\"name\":\"Q19_aradio\",\"value\":\"5\",\"data-name\":\"Q19_a4\",\"text\":\"Other incorrect answer\"},\"Q19_a5\":{\"type\":\"radio\",\"name\":\"Q19_aradio\",\"value\":\"98\",\"data-name\":\"Q19_a5\",\"text\":\"Do not know\"},\"Q19_a6\":{\"type\":\"radio\",\"name\":\"Q19_aradio\",\"value\":\"99\",\"data-name\":\"Q19_a6\",\"text\":\"Refused to answer\"}}',0,'vertical',NULL,1,'','2016-05-04 04:02:51','2016-05-04 08:29:10'),(63,1,NULL,'Q20B','q20b',38,'Knowledge about the newly elected member of Pyithu Hluttaw for this constituency?','{\"qnum\":0,\"question\":0}','','{\"Q20B_a0\":{\"type\":\"radio\",\"name\":\"Q20B_aradio\",\"value\":\"1\",\"data-name\":\"Q20B_a0\",\"text\":\" Correct name\"},\"Q20B_a1\":{\"type\":\"radio\",\"name\":\"Q20B_aradio\",\"value\":\"2\",\"data-name\":\"Q20B_a1\",\"text\":\" Know but can\'t remember the name\"},\"Q20B_a2\":{\"type\":\"radio\",\"name\":\"Q20B_aradio\",\"value\":\"3\",\"data-name\":\"Q20B_a2\",\"text\":\"Incorrect guess\"},\"Q20B_a3\":{\"type\":\"radio\",\"name\":\"Q20B_aradio\",\"value\":\"4\",\"data-name\":\"Q20B_a3\",\"text\":\"Only know the party affiliation\"},\"Q20B_a4\":{\"type\":\"radio\",\"name\":\"Q20B_aradio\",\"value\":\"98\",\"data-name\":\"Q20B_a4\",\"text\":\"Do not know\"},\"Q20B_a5\":{\"type\":\"radio\",\"name\":\"Q20B_aradio\",\"value\":\"99\",\"data-name\":\"Q20B_a5\",\"text\":\"Refused to answer\"}}',0,'horizontal',NULL,1,'','2016-05-04 04:06:59','2016-05-04 08:29:10'),(64,1,NULL,'Q21B','q21b',40,'What is the least important role of the overall performance of an MP','','','{\"Q21B_a0\":{\"type\":\"radio\",\"name\":\"Q21B_aradio\",\"value\":\"1\",\"data-name\":\"Q21B_a0\",\"text\":\"Actively participate in the Parliament sessions\"},\"Q21B_a1\":{\"type\":\"radio\",\"name\":\"Q21B_aradio\",\"value\":\"2\",\"data-name\":\"Q21B_a1\",\"text\":\"Introducing legislation in Parliament\"},\"Q21B_a2\":{\"type\":\"radio\",\"name\":\"Q21B_aradio\",\"value\":\"3\",\"data-name\":\"Q21B_a2\",\"text\":\" Cooperating with other MPs about an issue\"},\"Q21B_a3\":{\"type\":\"radio\",\"name\":\"Q21B_aradio\",\"value\":\"4\",\"data-name\":\"Q21B_a3\",\"text\":\" Asking questions to the relevant ministers and other members of the executive\"},\"Q21B_a4\":{\"type\":\"radio\",\"name\":\"Q21B_aradio\",\"value\":\"5\",\"data-name\":\"Q21B_a4\",\"text\":\" Visiting the constituency on regular basis to hear concerns of the constituents\"},\"Q21B_a5\":{\"type\":\"radio\",\"name\":\"Q21B_aradio\",\"value\":\"6\",\"data-name\":\"Q21B_a5\",\"text\":\"Mobilizing development activities in the constituency\"},\"Q21B_a6\":{\"type\":\"radio\",\"name\":\"Q21B_aradio\",\"value\":\"98\",\"data-name\":\"Q21B_a6\",\"text\":\"Do not know\"}}',0,'vertical',NULL,1,'','2016-05-04 04:10:13','2016-05-04 08:29:10'),(65,0,NULL,'HHTable2','hhtable2',3,'Household 2 Status','','','{\"HHTable2_a0\":{\"type\":\"number\",\"name\":\"HHTable2_a0\",\"value\":\"\",\"data-name\":\"HHTable2_a0\",\"text\":\"Numbers from the interval process\"},\"HHTable2_a1\":{\"type\":\"checkbox\",\"name\":\"HHTable2_a1\",\"value\":\"1\",\"data-name\":\"HHTable2_a1\",\"text\":\"Completed interview\"},\"HHTable2_a2\":{\"type\":\"checkbox\",\"name\":\"HHTable2_a2\",\"value\":\"2\",\"data-name\":\"HHTable2_a2\",\"text\":\"Partly completed interview\"},\"HHTable2_a3\":{\"type\":\"checkbox\",\"name\":\"HHTable2_a3\",\"value\":\"3\",\"data-name\":\"HHTable2_a3\",\"text\":\"Refused to be interviewed\"},\"HHTable2_a4\":{\"type\":\"checkbox\",\"name\":\"HHTable2_a4\",\"value\":\"4\",\"data-name\":\"HHTable2_a4\",\"text\":\"Person selected was never at home after at least two visits\"},\"HHTable2_a5\":{\"type\":\"checkbox\",\"name\":\"HHTable2_a5\",\"value\":\"5\",\"data-name\":\"HHTable2_a5\",\"text\":\"Household\\/ premises empty for survey period after at least 2 visits\"},\"HHTable2_a6\":{\"type\":\"checkbox\",\"name\":\"HHTable2_a6\",\"value\":\"6\",\"data-name\":\"HHTable2_a6\",\"text\":\"Not a citizen\\/ spoke only a foreign language\"},\"HHTable2_a7\":{\"type\":\"checkbox\",\"name\":\"HHTable2_a7\",\"value\":\"7\",\"data-name\":\"HHTable2_a7\",\"text\":\"Deaf\\/ did not speak a survey language\"},\"HHTable2_a8\":{\"type\":\"checkbox\",\"name\":\"HHTable2_a8\",\"value\":\"8\",\"data-name\":\"HHTable2_a8\",\"text\":\"No adults in household\"},\"HHTable2_a9\":{\"type\":\"text\",\"name\":\"HHTable2_a9\",\"value\":\"\",\"data-name\":\"HHTable2_a9\",\"text\":\"Other\"},\"HHTable2_a10\":{\"type\":\"checkbox\",\"name\":\"HHTable2_a10\",\"value\":\"89\",\"data-name\":\"HHTable2_a10\",\"text\":\"Not applicable\"}}',0,'vertical',NULL,1,'','2016-05-04 07:49:39','2016-05-04 07:49:53'),(66,0,NULL,'HHTable3','hhtable3',4,'Household 3 Status','','','{\"HHTable3_a0\":{\"type\":\"number\",\"name\":\"HHTable3_a0\",\"value\":\"\",\"data-name\":\"HHTable3_a0\",\"text\":\"Numbers from the interval process\"},\"HHTable3_a1\":{\"type\":\"checkbox\",\"name\":\"HHTable3_a1\",\"value\":\"\",\"data-name\":\"HHTable3_a1\",\"text\":\"Completed interview\"},\"HHTable3_a2\":{\"type\":\"checkbox\",\"name\":\"HHTable3_a2\",\"value\":\"1\",\"data-name\":\"HHTable3_a2\",\"text\":\"Completed interview\"},\"HHTable3_a3\":{\"type\":\"checkbox\",\"name\":\"HHTable3_a3\",\"value\":\"2\",\"data-name\":\"HHTable3_a3\",\"text\":\"Partly completed interview\"},\"HHTable3_a4\":{\"type\":\"checkbox\",\"name\":\"HHTable3_a4\",\"value\":\"3\",\"data-name\":\"HHTable3_a4\",\"text\":\"Refused to be interviewed\"},\"HHTable3_a5\":{\"type\":\"checkbox\",\"name\":\"HHTable3_a5\",\"value\":\"4\",\"data-name\":\"HHTable3_a5\",\"text\":\"Person selected was never at home after at least two visits\"},\"HHTable3_a6\":{\"type\":\"checkbox\",\"name\":\"HHTable3_a6\",\"value\":\"5\",\"data-name\":\"HHTable3_a6\",\"text\":\"Household\\/ premises empty for survey period after at least 2 visits\"},\"HHTable3_a7\":{\"type\":\"checkbox\",\"name\":\"HHTable3_a7\",\"value\":\"6\",\"data-name\":\"HHTable3_a7\",\"text\":\"Not a citizen\\/ spoke only a foreign language\"},\"HHTable3_a8\":{\"type\":\"checkbox\",\"name\":\"HHTable3_a8\",\"value\":\"7\",\"data-name\":\"HHTable3_a8\",\"text\":\"Deaf\\/ did not speak a survey language\"},\"HHTable3_a9\":{\"type\":\"checkbox\",\"name\":\"HHTable3_a9\",\"value\":\"8\",\"data-name\":\"HHTable3_a9\",\"text\":\"No adults in household\"},\"HHTable3_a10\":{\"type\":\"text\",\"name\":\"HHTable3_a10\",\"value\":\"\",\"data-name\":\"HHTable3_a10\",\"text\":\"Others, specify\"},\"HHTable3_a11\":{\"type\":\"checkbox\",\"name\":\"HHTable3_a11\",\"value\":\"89\",\"data-name\":\"HHTable3_a11\",\"text\":\"Not applicable\"}}',0,'vertical',NULL,1,'','2016-05-04 07:52:31','2016-05-04 07:52:39'),(67,0,NULL,'HHTable4','hhtable4',5,'Household 4 Status','{\"qnum\":0,\"question\":0}','','{\"HHTable4_a0\":{\"type\":\"number\",\"name\":\"HHTable4_a0\",\"value\":\"\",\"data-name\":\"HHTable4_a0\",\"text\":\"Numbers from the interval process\"},\"HHTable4_a1\":{\"type\":\"checkbox\",\"name\":\"HHTable4_a1\",\"value\":\"1\",\"data-name\":\"HHTable4_a1\",\"text\":\"Completed interview\"},\"HHTable4_a2\":{\"type\":\"checkbox\",\"name\":\"HHTable4_a2\",\"value\":\"2\",\"data-name\":\"HHTable4_a2\",\"text\":\"Partly completed interview\"},\"HHTable4_a3\":{\"type\":\"checkbox\",\"name\":\"HHTable4_a3\",\"value\":\"3\",\"data-name\":\"HHTable4_a3\",\"text\":\"Refused to be interviewed\"},\"HHTable4_a4\":{\"type\":\"checkbox\",\"name\":\"HHTable4_a4\",\"value\":\"4\",\"data-name\":\"HHTable4_a4\",\"text\":\"Person selected was never at home after at least 2 visits\"},\"HHTable4_a5\":{\"type\":\"checkbox\",\"name\":\"HHTable4_a5\",\"value\":\"5\",\"data-name\":\"HHTable4_a5\",\"text\":\"Household\\/ premises empty for survey period after at least 2 visits\"},\"HHTable4_a6\":{\"type\":\"checkbox\",\"name\":\"HHTable4_a6\",\"value\":\"6\",\"data-name\":\"HHTable4_a6\",\"text\":\"Not a citizen\\/ spoke only a foreign language\"},\"HHTable4_a7\":{\"type\":\"checkbox\",\"name\":\"HHTable4_a7\",\"value\":\"7\",\"data-name\":\"HHTable4_a7\",\"text\":\"Dead\\/ did not speak a survey language\"},\"HHTable4_a8\":{\"type\":\"checkbox\",\"name\":\"HHTable4_a8\",\"value\":\"8\",\"data-name\":\"HHTable4_a8\",\"text\":\"No adults in household\"},\"HHTable4_a9\":{\"type\":\"text\",\"name\":\"HHTable4_a9\",\"value\":\"\",\"data-name\":\"HHTable4_a9\",\"text\":\"Others, specify\"},\"HHTable4_a10\":{\"type\":\"checkbox\",\"name\":\"HHTable4_a10\",\"value\":\"89\",\"data-name\":\"HHTable4_a10\",\"text\":\"Not applicable\"}}',0,'vertical',NULL,1,'','2016-05-04 07:55:18','2016-05-04 08:04:41'),(68,0,NULL,'HHTable5','hhtable5',6,'Household 5 Status','{\"qnum\":0,\"question\":0}','','{\"HHTable5_a0\":{\"type\":\"number\",\"name\":\"HHTable5_a0\",\"value\":\"\",\"data-name\":\"HHTable5_a0\",\"text\":\"Numbers from the interval process\"},\"HHTable5_a1\":{\"type\":\"checkbox\",\"name\":\"HHTable5_a1\",\"value\":\"1\",\"data-name\":\"HHTable5_a1\",\"text\":\"Completed interview\"},\"HHTable5_a2\":{\"type\":\"checkbox\",\"name\":\"HHTable5_a2\",\"value\":\"2\",\"data-name\":\"HHTable5_a2\",\"text\":\"Partly completed interview\"},\"HHTable5_a3\":{\"type\":\"checkbox\",\"name\":\"HHTable5_a3\",\"value\":\"3\",\"data-name\":\"HHTable5_a3\",\"text\":\"Refused to be interviewed\"},\"HHTable5_a4\":{\"type\":\"checkbox\",\"name\":\"HHTable5_a4\",\"value\":\"4\",\"data-name\":\"HHTable5_a4\",\"text\":\"Person selected was never at home after at least 2 visits\"},\"HHTable5_a5\":{\"type\":\"checkbox\",\"name\":\"HHTable5_a5\",\"value\":\"5\",\"data-name\":\"HHTable5_a5\",\"text\":\"Household\\/ premises empty for survey period after at least 2 visits\"},\"HHTable5_a6\":{\"type\":\"checkbox\",\"name\":\"HHTable5_a6\",\"value\":\"6\",\"data-name\":\"HHTable5_a6\",\"text\":\"Not a citizen\\/ spoke only a foreign language\"},\"HHTable5_a7\":{\"type\":\"checkbox\",\"name\":\"HHTable5_a7\",\"value\":\"7\",\"data-name\":\"HHTable5_a7\",\"text\":\"Dead\\/ did not speak a survey language\"},\"HHTable5_a8\":{\"type\":\"checkbox\",\"name\":\"HHTable5_a8\",\"value\":\"8\",\"data-name\":\"HHTable5_a8\",\"text\":\"No adults in household\"},\"HHTable5_a9\":{\"type\":\"text\",\"name\":\"HHTable5_a9\",\"value\":\"\",\"data-name\":\"HHTable5_a9\",\"text\":\"Other, specify\"},\"HHTable5_a10\":{\"type\":\"checkbox\",\"name\":\"HHTable5_a10\",\"value\":\"89\",\"data-name\":\"HHTable5_a10\",\"text\":\"Not applicable\"}}',0,'vertical',NULL,1,'','2016-05-04 07:58:04','2016-05-04 08:05:10'),(69,0,NULL,'HHTable6','hhtable6',7,'Household 6 Visits','{\"qnum\":0,\"question\":0}','','{\"HHTable6_a0\":{\"type\":\"number\",\"name\":\"HHTable6_a0\",\"value\":\"\",\"data-name\":\"HHTable6_a0\",\"text\":\"Number from the interval process\"},\"HHTable6_a1\":{\"type\":\"checkbox\",\"name\":\"HHTable6_a1\",\"value\":\"1\",\"data-name\":\"HHTable6_a1\",\"text\":\"Completed interview\"},\"HHTable6_a2\":{\"type\":\"checkbox\",\"name\":\"HHTable6_a2\",\"value\":\"2\",\"data-name\":\"HHTable6_a2\",\"text\":\"Partly completed interview\"},\"HHTable6_a3\":{\"type\":\"checkbox\",\"name\":\"HHTable6_a3\",\"value\":\"3\",\"data-name\":\"HHTable6_a3\",\"text\":\"Refused to be interviewed\"},\"HHTable6_a4\":{\"type\":\"checkbox\",\"name\":\"HHTable6_a4\",\"value\":\"4\",\"data-name\":\"HHTable6_a4\",\"text\":\"Person selected was never at home after at least two visits\"},\"HHTable6_a5\":{\"type\":\"checkbox\",\"name\":\"HHTable6_a5\",\"value\":\"5\",\"data-name\":\"HHTable6_a5\",\"text\":\"Household\\/ premises empty for survey period after at least 2 visits\"},\"HHTable6_a6\":{\"type\":\"checkbox\",\"name\":\"HHTable6_a6\",\"value\":\"6\",\"data-name\":\"HHTable6_a6\",\"text\":\"Not a citizen\\/ spoke only a foreign language\"},\"HHTable6_a7\":{\"type\":\"checkbox\",\"name\":\"HHTable6_a7\",\"value\":\"7\",\"data-name\":\"HHTable6_a7\",\"text\":\"Dead\\/ did not speak a survey language\"},\"HHTable6_a8\":{\"type\":\"checkbox\",\"name\":\"HHTable6_a8\",\"value\":\"8\",\"data-name\":\"HHTable6_a8\",\"text\":\"No adults in household\"},\"HHTable6_a9\":{\"type\":\"text\",\"name\":\"HHTable6_a9\",\"value\":\"\",\"data-name\":\"HHTable6_a9\",\"text\":\"Other,specify\"},\"HHTable6_a10\":{\"type\":\"checkbox\",\"name\":\"HHTable6_a10\",\"value\":\"89\",\"data-name\":\"HHTable6_a10\",\"text\":\"Not applicable\"}}',0,'vertical',NULL,1,'','2016-05-04 08:00:39','2016-05-04 08:05:54'),(70,0,NULL,'HHTable7','hhtable7',8,'Household 7 Status','','','{\"HHTable7_a0\":{\"type\":\"number\",\"name\":\"HHTable7_a0\",\"value\":\"\",\"data-name\":\"HHTable7_a0\",\"text\":\"Numbers from the interval process\"},\"HHTable7_a1\":{\"type\":\"checkbox\",\"name\":\"HHTable7_a1\",\"value\":\"1\",\"data-name\":\"HHTable7_a1\",\"text\":\"Completed interview\"},\"HHTable7_a2\":{\"type\":\"checkbox\",\"name\":\"HHTable7_a2\",\"value\":\"2\",\"data-name\":\"HHTable7_a2\",\"text\":\"Partly completed interview\"},\"HHTable7_a3\":{\"type\":\"checkbox\",\"name\":\"HHTable7_a3\",\"value\":\"3\",\"data-name\":\"HHTable7_a3\",\"text\":\"Refused to be interviewed\"},\"HHTable7_a4\":{\"type\":\"checkbox\",\"name\":\"HHTable7_a4\",\"value\":\"4\",\"data-name\":\"HHTable7_a4\",\"text\":\"Person selected was never at home after at least 2 visits\"},\"HHTable7_a5\":{\"type\":\"checkbox\",\"name\":\"HHTable7_a5\",\"value\":\"5\",\"data-name\":\"HHTable7_a5\",\"text\":\"Household\\/ premises empty for survey period after at least 2 visits\"},\"HHTable7_a6\":{\"type\":\"checkbox\",\"name\":\"HHTable7_a6\",\"value\":\"6\",\"data-name\":\"HHTable7_a6\",\"text\":\"Not a citizen\\/ spoke only a foreign language\"},\"HHTable7_a7\":{\"type\":\"checkbox\",\"name\":\"HHTable7_a7\",\"value\":\"7\",\"data-name\":\"HHTable7_a7\",\"text\":\"Dead\\/ did not speak a survey language\"},\"HHTable7_a8\":{\"type\":\"checkbox\",\"name\":\"HHTable7_a8\",\"value\":\"8\",\"data-name\":\"HHTable7_a8\",\"text\":\"No adults in household\"},\"HHTable7_a9\":{\"type\":\"text\",\"name\":\"HHTable7_a9\",\"value\":\"\",\"data-name\":\"HHTable7_a9\",\"text\":\"Other, specify\"},\"HHTable7_a10\":{\"type\":\"checkbox\",\"name\":\"HHTable7_a10\",\"value\":\"89\",\"data-name\":\"HHTable7_a10\",\"text\":\"Not applicable\"}}',0,'vertical',NULL,1,'','2016-05-04 08:03:53','2016-05-04 08:04:02'),(71,1,NULL,'Q17b2','q17b2',33,'What specifically do you think could be improved in the future? Second response','','','{\"Q17b2_a0\":{\"type\":\"radio\",\"name\":\"Q17b2_aradio\",\"value\":\"1\",\"data-name\":\"Q17b2_a0\",\"text\":\"Electoral laws\"},\"Q17b2_a1\":{\"type\":\"radio\",\"name\":\"Q17b2_aradio\",\"value\":\"2\",\"data-name\":\"Q17b2_a1\",\"text\":\"Structure and appointment of the UEC and its sub-commission\"},\"Q17b2_a2\":{\"type\":\"radio\",\"name\":\"Q17b2_aradio\",\"value\":\"3\",\"data-name\":\"Q17b2_a2\",\"text\":\"Election timeline and calendar\"},\"Q17b2_a3\":{\"type\":\"radio\",\"name\":\"Q17b2_aradio\",\"value\":\"4\",\"data-name\":\"Q17b2_a3\",\"text\":\"Access to information (incl timeliness and quality)\"},\"Q17b2_a4\":{\"type\":\"radio\",\"name\":\"Q17b2_aradio\",\"value\":\"5\",\"data-name\":\"Q17b2_a4\",\"text\":\"Civic and\\/ or voter education\"},\"Q17b2_a5\":{\"type\":\"radio\",\"name\":\"Q17b2_aradio\",\"value\":\"6\",\"data-name\":\"Q17b2_a5\",\"text\":\"Voter list\\/ registration\"},\"Q17b2_a6\":{\"type\":\"radio\",\"name\":\"Q17b2_aradio\",\"value\":\"7\",\"data-name\":\"Q17b2_a6\",\"text\":\"Candidates and nomination process\"},\"Q17b2_a7\":{\"type\":\"radio\",\"name\":\"Q17b2_aradio\",\"value\":\"8\",\"data-name\":\"Q17b2_a7\",\"text\":\"Campaign process\"},\"Q17b2_a8\":{\"type\":\"radio\",\"name\":\"Q17b2_aradio\",\"value\":\"9\",\"data-name\":\"Q17b2_a8\",\"text\":\"Election Day Management\"},\"Q17b2_a9\":{\"type\":\"radio\",\"name\":\"Q17b2_aradio\",\"value\":\"10\",\"data-name\":\"Q17b2_a9\",\"text\":\"Advanced voting\"},\"Q17b2_a10\":{\"type\":\"radio\",\"name\":\"Q17b2_aradio\",\"value\":\"11\",\"data-name\":\"Q17b2_a10\",\"text\":\"Role of political parties\"},\"Q17b2_a11\":{\"type\":\"radio\",\"name\":\"Q17b2_aradio\",\"value\":\"12\",\"data-name\":\"Q17b2_a11\",\"text\":\"Election observation\"},\"Q17b2_a12\":{\"type\":\"radio\",\"name\":\"Q17b2_aradio\",\"value\":\"13\",\"data-name\":\"Q17b2_a12\",\"text\":\"Complaints and dispute resolution\"},\"Q17b2_a13\":{\"type\":\"radio\",\"name\":\"Q17b2_aradio\",\"value\":\"14\",\"data-name\":\"Q17b2_a13\",\"text\":\"Use of technology\"},\"Q17b2_a14\":{\"type\":\"radio\",\"name\":\"Q17b2_aradio\",\"value\":\"15\",\"data-name\":\"Q17b2_a14\",\"text\":\"Media fairness\"},\"Q17b2_a15\":{\"type\":\"radio\",\"name\":\"Q17b2_aradio\",\"value\":\"16\",\"data-name\":\"Q17b2_a15\",\"text\":\"Corruption\\/ money politics\"},\"Q17b2_a16\":{\"type\":\"radio\",\"name\":\"Q17b2_aradio\",\"value\":\"17\",\"data-name\":\"Q17b2_a16\",\"text\":\"Security\"},\"Q17b2_a17\":{\"type\":\"radio\",\"name\":\"Q17b2_aradio\",\"value\":\"18\",\"data-name\":\"Q17b2_a17\",\"text\":\"Electoral fraud\"},\"Q17b2_a18\":{\"type\":\"text\",\"name\":\"Q17b2_a18\",\"value\":\"\",\"data-name\":\"Q17b2_a18\",\"text\":\"Other, specify\"},\"Q17b2_a19\":{\"type\":\"radio\",\"name\":\"Q17b2_aradio\",\"value\":\"20\",\"data-name\":\"Q17b2_a19\",\"text\":\"Nothing\\/ no problem\"},\"Q17b2_a20\":{\"type\":\"radio\",\"name\":\"Q17b2_aradio\",\"value\":\"98\",\"data-name\":\"Q17b2_a20\",\"text\":\"Do not know\"},\"Q17b2_a21\":{\"type\":\"radio\",\"name\":\"Q17b2_aradio\",\"value\":\"99\",\"data-name\":\"Q17b2_a21\",\"text\":\"Refused to answer\"}}',0,'two-column',NULL,1,'','2016-05-04 08:24:52','2016-05-04 08:25:02'),(72,1,NULL,'Q17b3','q17b3',34,'What specifically do you think could be improved in the future? Third response','','','{\"Q17b3_a0\":{\"type\":\"radio\",\"name\":\"Q17b3_aradio\",\"value\":\"1\",\"data-name\":\"Q17b3_a0\",\"text\":\"Electoral laws\"},\"Q17b3_a1\":{\"type\":\"radio\",\"name\":\"Q17b3_aradio\",\"value\":\"2\",\"data-name\":\"Q17b3_a1\",\"text\":\"Structure and appointment of the UEC and its sub-commission\"},\"Q17b3_a2\":{\"type\":\"radio\",\"name\":\"Q17b3_aradio\",\"value\":\"3\",\"data-name\":\"Q17b3_a2\",\"text\":\"Election timeline and calendar\"},\"Q17b3_a3\":{\"type\":\"radio\",\"name\":\"Q17b3_aradio\",\"value\":\"4\",\"data-name\":\"Q17b3_a3\",\"text\":\"Access to information\"},\"Q17b3_a4\":{\"type\":\"radio\",\"name\":\"Q17b3_aradio\",\"value\":\"5\",\"data-name\":\"Q17b3_a4\",\"text\":\"Civic and\\/ or voter education\"},\"Q17b3_a5\":{\"type\":\"radio\",\"name\":\"Q17b3_aradio\",\"value\":\"6\",\"data-name\":\"Q17b3_a5\",\"text\":\"Voter list\\/ registration\"},\"Q17b3_a6\":{\"type\":\"radio\",\"name\":\"Q17b3_aradio\",\"value\":\"7\",\"data-name\":\"Q17b3_a6\",\"text\":\"Candidates and nomination process\"},\"Q17b3_a7\":{\"type\":\"radio\",\"name\":\"Q17b3_aradio\",\"value\":\"8\",\"data-name\":\"Q17b3_a7\",\"text\":\"Campaign process\"},\"Q17b3_a8\":{\"type\":\"radio\",\"name\":\"Q17b3_aradio\",\"value\":\"9\",\"data-name\":\"Q17b3_a8\",\"text\":\"Election day management\"},\"Q17b3_a9\":{\"type\":\"radio\",\"name\":\"Q17b3_aradio\",\"value\":\"10\",\"data-name\":\"Q17b3_a9\",\"text\":\"Advanced voting\"},\"Q17b3_a10\":{\"type\":\"radio\",\"name\":\"Q17b3_aradio\",\"value\":\"11\",\"data-name\":\"Q17b3_a10\",\"text\":\"Role of political parties\"},\"Q17b3_a11\":{\"type\":\"radio\",\"name\":\"Q17b3_aradio\",\"value\":\"12\",\"data-name\":\"Q17b3_a11\",\"text\":\"Election observation\"},\"Q17b3_a12\":{\"type\":\"radio\",\"name\":\"Q17b3_aradio\",\"value\":\"13\",\"data-name\":\"Q17b3_a12\",\"text\":\"Complaints and dispute resolution\"},\"Q17b3_a13\":{\"type\":\"radio\",\"name\":\"Q17b3_aradio\",\"value\":\"14\",\"data-name\":\"Q17b3_a13\",\"text\":\"Use of technology\"},\"Q17b3_a14\":{\"type\":\"radio\",\"name\":\"Q17b3_aradio\",\"value\":\"15\",\"data-name\":\"Q17b3_a14\",\"text\":\"Media fairness\"},\"Q17b3_a15\":{\"type\":\"radio\",\"name\":\"Q17b3_aradio\",\"value\":\"16\",\"data-name\":\"Q17b3_a15\",\"text\":\"Corruption\\/ money politics\"},\"Q17b3_a16\":{\"type\":\"radio\",\"name\":\"Q17b3_aradio\",\"value\":\"17\",\"data-name\":\"Q17b3_a16\",\"text\":\"Security\"},\"Q17b3_a17\":{\"type\":\"radio\",\"name\":\"Q17b3_aradio\",\"value\":\"18\",\"data-name\":\"Q17b3_a17\",\"text\":\"Electoral fraud\"},\"Q17b3_a18\":{\"type\":\"text\",\"name\":\"Q17b3_a18\",\"value\":\"\",\"data-name\":\"Q17b3_a18\",\"text\":\"Other, specify\"},\"Q17b3_a19\":{\"type\":\"radio\",\"name\":\"Q17b3_aradio\",\"value\":\"20\",\"data-name\":\"Q17b3_a19\",\"text\":\"Nothing\\/ no problem\"},\"Q17b3_a20\":{\"type\":\"radio\",\"name\":\"Q17b3_aradio\",\"value\":\"98\",\"data-name\":\"Q17b3_a20\",\"text\":\"Do not know\"},\"Q17b3_a21\":{\"type\":\"radio\",\"name\":\"Q17b3_aradio\",\"value\":\"99\",\"data-name\":\"Q17b3_a21\",\"text\":\"Refused to answer\"}}',0,'two-column',NULL,1,'','2016-05-04 08:29:00','2016-05-04 08:29:12'),(73,1,NULL,'Q22a','q22a',41,'Are you aware of any meetings/ activities organized by your newly elected MPs in the past 5 months?','','','{\"Q22a_a0\":{\"type\":\"radio\",\"name\":\"Q22a_aradio\",\"value\":\"1\",\"data-name\":\"Q22a_a0\",\"text\":\"Yes, I am aware\"},\"Q22a_a1\":{\"type\":\"radio\",\"name\":\"Q22a_aradio\",\"value\":\"2\",\"data-name\":\"Q22a_a1\",\"text\":\"No, I don\'t know\"},\"Q22a_a2\":{\"type\":\"radio\",\"name\":\"Q22a_aradio\",\"value\":\"99\",\"data-name\":\"Q22a_a2\",\"text\":\"Refused to answer\"}}',0,'horizontal',NULL,1,'','2016-05-04 08:31:05','2016-05-04 08:31:18'),(74,1,NULL,'Q22b','q22b',42,'Did you participate in these meetings/ activities','','','{\"Q22b_a0\":{\"type\":\"radio\",\"name\":\"Q22b_aradio\",\"value\":\"1\",\"data-name\":\"Q22b_a0\",\"text\":\"Yes, I personally participated\"},\"Q22b_a1\":{\"type\":\"radio\",\"name\":\"Q22b_aradio\",\"value\":\"2\",\"data-name\":\"Q22b_a1\",\"text\":\"My family\\/ relatives did\"},\"Q22b_a2\":{\"type\":\"radio\",\"name\":\"Q22b_aradio\",\"value\":\"3\",\"data-name\":\"Q22b_a2\",\"text\":\"No\"},\"Q22b_a3\":{\"type\":\"radio\",\"name\":\"Q22b_aradio\",\"value\":\"98\",\"data-name\":\"Q22b_a3\",\"text\":\"Do not know\"},\"Q22b_a4\":{\"type\":\"radio\",\"name\":\"Q22b_aradio\",\"value\":\"99\",\"data-name\":\"Q22b_a4\",\"text\":\"Refused to answer\"}}',0,'vertical',NULL,1,'','2016-05-04 08:32:19','2016-05-04 08:32:29'),(75,1,NULL,'Q23(2)','q232',44,'Thinking about your local community, what are the biggest problems that affects you in your everyday life? Second mention','','','{\"Q23(2)_a0\":{\"type\":\"radio\",\"name\":\"Q23(2)_aradio\",\"value\":\"1\",\"data-name\":\"Q23(2)_a0\",\"text\":\"Unemployment\"},\"Q23(2)_a1\":{\"type\":\"radio\",\"name\":\"Q23(2)_aradio\",\"value\":\"2\",\"data-name\":\"Q23(2)_a1\",\"text\":\"Wages, incomes, and salaries\"},\"Q23(2)_a2\":{\"type\":\"radio\",\"name\":\"Q23(2)_aradio\",\"value\":\"3\",\"data-name\":\"Q23(2)_a2\",\"text\":\"Poverty\"},\"Q23(2)_a3\":{\"type\":\"radio\",\"name\":\"Q23(2)_aradio\",\"value\":\"4\",\"data-name\":\"Q23(2)_a3\",\"text\":\"Economic policies\"},\"Q23(2)_a4\":{\"type\":\"radio\",\"name\":\"Q23(2)_aradio\",\"value\":\"5\",\"data-name\":\"Q23(2)_a4\",\"text\":\"Loans\\/ credits\"},\"Q23(2)_a5\":{\"type\":\"radio\",\"name\":\"Q23(2)_aradio\",\"value\":\"6\",\"data-name\":\"Q23(2)_a5\",\"text\":\"Communications\"},\"Q23(2)_a6\":{\"type\":\"radio\",\"name\":\"Q23(2)_aradio\",\"value\":\"7\",\"data-name\":\"Q23(2)_a6\",\"text\":\"Infrastructure\\/ road\"},\"Q23(2)_a7\":{\"type\":\"radio\",\"name\":\"Q23(2)_aradio\",\"value\":\"8\",\"data-name\":\"Q23(2)_a7\",\"text\":\"Education\"},\"Q23(2)_a8\":{\"type\":\"radio\",\"name\":\"Q23(2)_aradio\",\"value\":\"9\",\"data-name\":\"Q23(2)_a8\",\"text\":\"Water supply\"},\"Q23(2)_a9\":{\"type\":\"radio\",\"name\":\"Q23(2)_aradio\",\"value\":\"10\",\"data-name\":\"Q23(2)_a9\",\"text\":\"Electricity\"},\"Q23(2)_a10\":{\"type\":\"radio\",\"name\":\"Q23(2)_aradio\",\"value\":\"11\",\"data-name\":\"Q23(2)_a10\",\"text\":\"Other services\"},\"Q23(2)_a11\":{\"type\":\"radio\",\"name\":\"Q23(2)_aradio\",\"value\":\"12\",\"data-name\":\"Q23(2)_a11\",\"text\":\"Farming\\/ agriculture\"},\"Q23(2)_a12\":{\"type\":\"radio\",\"name\":\"Q23(2)_aradio\",\"value\":\"13\",\"data-name\":\"Q23(2)_a12\",\"text\":\"Natural disaster\"},\"Q23(2)_a13\":{\"type\":\"radio\",\"name\":\"Q23(2)_aradio\",\"value\":\"14\",\"data-name\":\"Q23(2)_a13\",\"text\":\"Land\"},\"Q23(2)_a14\":{\"type\":\"radio\",\"name\":\"Q23(2)_aradio\",\"value\":\"15\",\"data-name\":\"Q23(2)_a14\",\"text\":\"Healthcare\"},\"Q23(2)_a15\":{\"type\":\"radio\",\"name\":\"Q23(2)_aradio\",\"value\":\"16\",\"data-name\":\"Q23(2)_a15\",\"text\":\"Drug production and usage\"},\"Q23(2)_a16\":{\"type\":\"radio\",\"name\":\"Q23(2)_aradio\",\"value\":\"17\",\"data-name\":\"Q23(2)_a16\",\"text\":\"Crime and security\"},\"Q23(2)_a17\":{\"type\":\"radio\",\"name\":\"Q23(2)_aradio\",\"value\":\"18\",\"data-name\":\"Q23(2)_a17\",\"text\":\"Corruption\"},\"Q23(2)_a18\":{\"type\":\"radio\",\"name\":\"Q23(2)_aradio\",\"value\":\"19\",\"data-name\":\"Q23(2)_a18\",\"text\":\"Religious\\/ ethnic tensions\"},\"Q23(2)_a19\":{\"type\":\"radio\",\"name\":\"Q23(2)_aradio\",\"value\":\"20\",\"data-name\":\"Q23(2)_a19\",\"text\":\"Gender issues\\/ woman\'s rights\"},\"Q23(2)_a20\":{\"type\":\"radio\",\"name\":\"Q23(2)_aradio\",\"value\":\"21\",\"data-name\":\"Q23(2)_a20\",\"text\":\"Democracy\\/ political rights\"},\"Q23(2)_a21\":{\"type\":\"radio\",\"name\":\"Q23(2)_aradio\",\"value\":\"22\",\"data-name\":\"Q23(2)_a21\",\"text\":\"Illegal immigration\"},\"Q23(2)_a22\":{\"type\":\"radio\",\"name\":\"Q23(2)_aradio\",\"value\":\"23\",\"data-name\":\"Q23(2)_a22\",\"text\":\"Foreign relations\"},\"Q23(2)_a23\":{\"type\":\"radio\",\"name\":\"Q23(2)_aradio\",\"value\":\"24\",\"data-name\":\"Q23(2)_a23\",\"text\":\"Constitutional reforms\"},\"Q23(2)_a24\":{\"type\":\"radio\",\"name\":\"Q23(2)_aradio\",\"value\":\"25\",\"data-name\":\"Q23(2)_a24\",\"text\":\"Some other problem\"},\"Q23(2)_a25\":{\"type\":\"radio\",\"name\":\"Q23(2)_aradio\",\"value\":\"26\",\"data-name\":\"Q23(2)_a25\",\"text\":\"Nothing\\/ no problem\"},\"Q23(2)_a26\":{\"type\":\"radio\",\"name\":\"Q23(2)_aradio\",\"value\":\"27\",\"data-name\":\"Q23(2)_a26\",\"text\":\"No further reply\"},\"Q23(2)_a27\":{\"type\":\"radio\",\"name\":\"Q23(2)_aradio\",\"value\":\"98\",\"data-name\":\"Q23(2)_a27\",\"text\":\"Do not know\"}}',0,'two-column',NULL,1,'','2016-05-04 08:45:57','2016-05-04 08:46:08'),(76,1,NULL,'Q23(3)','q233',45,'Thinking about your local community, what are the biggest problems that affects you in your everyday life? Third mention','','','{\"Q23(3)_a0\":{\"type\":\"radio\",\"name\":\"Q23(3)_aradio\",\"value\":\"1\",\"data-name\":\"Q23(3)_a0\",\"text\":\"Unemployment\"},\"Q23(3)_a1\":{\"type\":\"radio\",\"name\":\"Q23(3)_aradio\",\"value\":\"2\",\"data-name\":\"Q23(3)_a1\",\"text\":\"Wages, incomes, and salaries\"},\"Q23(3)_a2\":{\"type\":\"radio\",\"name\":\"Q23(3)_aradio\",\"value\":\"3\",\"data-name\":\"Q23(3)_a2\",\"text\":\"Poverty\"},\"Q23(3)_a3\":{\"type\":\"radio\",\"name\":\"Q23(3)_aradio\",\"value\":\"4\",\"data-name\":\"Q23(3)_a3\",\"text\":\"Economic policies\"},\"Q23(3)_a4\":{\"type\":\"radio\",\"name\":\"Q23(3)_aradio\",\"value\":\"5\",\"data-name\":\"Q23(3)_a4\",\"text\":\"Loans\\/ credits\"},\"Q23(3)_a5\":{\"type\":\"radio\",\"name\":\"Q23(3)_aradio\",\"value\":\"6\",\"data-name\":\"Q23(3)_a5\",\"text\":\"Communications\"},\"Q23(3)_a6\":{\"type\":\"radio\",\"name\":\"Q23(3)_aradio\",\"value\":\"7\",\"data-name\":\"Q23(3)_a6\",\"text\":\"Infrastructure\\/ roads\"},\"Q23(3)_a7\":{\"type\":\"radio\",\"name\":\"Q23(3)_aradio\",\"value\":\"8\",\"data-name\":\"Q23(3)_a7\",\"text\":\"Education\"},\"Q23(3)_a8\":{\"type\":\"radio\",\"name\":\"Q23(3)_aradio\",\"value\":\"9\",\"data-name\":\"Q23(3)_a8\",\"text\":\"Water supply\"},\"Q23(3)_a9\":{\"type\":\"radio\",\"name\":\"Q23(3)_aradio\",\"value\":\"10\",\"data-name\":\"Q23(3)_a9\",\"text\":\"Electricity\"},\"Q23(3)_a10\":{\"type\":\"radio\",\"name\":\"Q23(3)_aradio\",\"value\":\"11\",\"data-name\":\"Q23(3)_a10\",\"text\":\"Other services\"},\"Q23(3)_a11\":{\"type\":\"radio\",\"name\":\"Q23(3)_aradio\",\"value\":\"12\",\"data-name\":\"Q23(3)_a11\",\"text\":\"Farming\\/ agriculture\"},\"Q23(3)_a12\":{\"type\":\"radio\",\"name\":\"Q23(3)_aradio\",\"value\":\"13\",\"data-name\":\"Q23(3)_a12\",\"text\":\"Natural disasters\"},\"Q23(3)_a13\":{\"type\":\"radio\",\"name\":\"Q23(3)_aradio\",\"value\":\"14\",\"data-name\":\"Q23(3)_a13\",\"text\":\"Land\"},\"Q23(3)_a14\":{\"type\":\"radio\",\"name\":\"Q23(3)_aradio\",\"value\":\"15\",\"data-name\":\"Q23(3)_a14\",\"text\":\"Healthcare\"},\"Q23(3)_a15\":{\"type\":\"radio\",\"name\":\"Q23(3)_aradio\",\"value\":\"16\",\"data-name\":\"Q23(3)_a15\",\"text\":\"Drug production and usage\"},\"Q23(3)_a16\":{\"type\":\"radio\",\"name\":\"Q23(3)_aradio\",\"value\":\"17\",\"data-name\":\"Q23(3)_a16\",\"text\":\"Crime and security\"},\"Q23(3)_a17\":{\"type\":\"radio\",\"name\":\"Q23(3)_aradio\",\"value\":\"18\",\"data-name\":\"Q23(3)_a17\",\"text\":\"Corruption\"},\"Q23(3)_a18\":{\"type\":\"radio\",\"name\":\"Q23(3)_aradio\",\"value\":\"19\",\"data-name\":\"Q23(3)_a18\",\"text\":\"Religious\\/ ethnic tensions\"},\"Q23(3)_a19\":{\"type\":\"radio\",\"name\":\"Q23(3)_aradio\",\"value\":\"20\",\"data-name\":\"Q23(3)_a19\",\"text\":\"Gender issues\\/ woman\'s rights\"},\"Q23(3)_a20\":{\"type\":\"radio\",\"name\":\"Q23(3)_aradio\",\"value\":\"21\",\"data-name\":\"Q23(3)_a20\",\"text\":\"Democracy\\/ political rights\"},\"Q23(3)_a21\":{\"type\":\"radio\",\"name\":\"Q23(3)_aradio\",\"value\":\"22\",\"data-name\":\"Q23(3)_a21\",\"text\":\"Illegal immigration\"},\"Q23(3)_a22\":{\"type\":\"radio\",\"name\":\"Q23(3)_aradio\",\"value\":\"23\",\"data-name\":\"Q23(3)_a22\",\"text\":\"Foreign relations\"},\"Q23(3)_a23\":{\"type\":\"radio\",\"name\":\"Q23(3)_aradio\",\"value\":\"24\",\"data-name\":\"Q23(3)_a23\",\"text\":\"Constitutional reform\"},\"Q23(3)_a24\":{\"type\":\"radio\",\"name\":\"Q23(3)_aradio\",\"value\":\"25\",\"data-name\":\"Q23(3)_a24\",\"text\":\"Some other problem\"},\"Q23(3)_a25\":{\"type\":\"radio\",\"name\":\"Q23(3)_aradio\",\"value\":\"26\",\"data-name\":\"Q23(3)_a25\",\"text\":\"Nothing\\/ no problem\"},\"Q23(3)_a26\":{\"type\":\"radio\",\"name\":\"Q23(3)_aradio\",\"value\":\"27\",\"data-name\":\"Q23(3)_a26\",\"text\":\"No further reply\"},\"Q23(3)_a27\":{\"type\":\"radio\",\"name\":\"Q23(3)_aradio\",\"value\":\"98\",\"data-name\":\"Q23(3)_a27\",\"text\":\"Do not know\"}}',0,'two-column',NULL,1,'','2016-05-04 08:51:22','2016-05-04 08:51:33'),(77,1,NULL,'Q24(1)','q241',46,'In your opinion, what are the most important problems facing MYANMAR as a whole that the new government should address? First mention','','','{\"Q24(1)_a0\":{\"type\":\"radio\",\"name\":\"Q24(1)_aradio\",\"value\":\"1\",\"data-name\":\"Q24(1)_a0\",\"text\":\"Unemployment\"},\"Q24(1)_a1\":{\"type\":\"radio\",\"name\":\"Q24(1)_aradio\",\"value\":\"2\",\"data-name\":\"Q24(1)_a1\",\"text\":\"Wages, incomes, and salaries\"},\"Q24(1)_a2\":{\"type\":\"radio\",\"name\":\"Q24(1)_aradio\",\"value\":\"3\",\"data-name\":\"Q24(1)_a2\",\"text\":\"Poverty\"},\"Q24(1)_a3\":{\"type\":\"radio\",\"name\":\"Q24(1)_aradio\",\"value\":\"4\",\"data-name\":\"Q24(1)_a3\",\"text\":\"Economic policies\"},\"Q24(1)_a4\":{\"type\":\"radio\",\"name\":\"Q24(1)_aradio\",\"value\":\"5\",\"data-name\":\"Q24(1)_a4\",\"text\":\"Loans\\/ credits\"},\"Q24(1)_a5\":{\"type\":\"radio\",\"name\":\"Q24(1)_aradio\",\"value\":\"6\",\"data-name\":\"Q24(1)_a5\",\"text\":\"Communications\"},\"Q24(1)_a6\":{\"type\":\"radio\",\"name\":\"Q24(1)_aradio\",\"value\":\"7\",\"data-name\":\"Q24(1)_a6\",\"text\":\"Infrastructure\\/ roads\"},\"Q24(1)_a7\":{\"type\":\"radio\",\"name\":\"Q24(1)_aradio\",\"value\":\"8\",\"data-name\":\"Q24(1)_a7\",\"text\":\"Education\"},\"Q24(1)_a8\":{\"type\":\"radio\",\"name\":\"Q24(1)_aradio\",\"value\":\"9\",\"data-name\":\"Q24(1)_a8\",\"text\":\"Water supply\"},\"Q24(1)_a9\":{\"type\":\"radio\",\"name\":\"Q24(1)_aradio\",\"value\":\"10\",\"data-name\":\"Q24(1)_a9\",\"text\":\"Electricity\"},\"Q24(1)_a10\":{\"type\":\"radio\",\"name\":\"Q24(1)_aradio\",\"value\":\"11\",\"data-name\":\"Q24(1)_a10\",\"text\":\"Other services\"},\"Q24(1)_a11\":{\"type\":\"radio\",\"name\":\"Q24(1)_aradio\",\"value\":\"12\",\"data-name\":\"Q24(1)_a11\",\"text\":\"Farming\\/ agriculture\"},\"Q24(1)_a12\":{\"type\":\"radio\",\"name\":\"Q24(1)_aradio\",\"value\":\"13\",\"data-name\":\"Q24(1)_a12\",\"text\":\"Natural disaster\"},\"Q24(1)_a13\":{\"type\":\"radio\",\"name\":\"Q24(1)_aradio\",\"value\":\"14\",\"data-name\":\"Q24(1)_a13\",\"text\":\"Land\"},\"Q24(1)_a14\":{\"type\":\"radio\",\"name\":\"Q24(1)_aradio\",\"value\":\"15\",\"data-name\":\"Q24(1)_a14\",\"text\":\"Healthcare\"},\"Q24(1)_a15\":{\"type\":\"radio\",\"name\":\"Q24(1)_aradio\",\"value\":\"16\",\"data-name\":\"Q24(1)_a15\",\"text\":\"Drug production and usage\"},\"Q24(1)_a16\":{\"type\":\"radio\",\"name\":\"Q24(1)_aradio\",\"value\":\"17\",\"data-name\":\"Q24(1)_a16\",\"text\":\"Crime and security\"},\"Q24(1)_a17\":{\"type\":\"radio\",\"name\":\"Q24(1)_aradio\",\"value\":\"18\",\"data-name\":\"Q24(1)_a17\",\"text\":\"Corruption\"},\"Q24(1)_a18\":{\"type\":\"radio\",\"name\":\"Q24(1)_aradio\",\"value\":\"19\",\"data-name\":\"Q24(1)_a18\",\"text\":\"Religious\\/ ethnic tension\"},\"Q24(1)_a19\":{\"type\":\"radio\",\"name\":\"Q24(1)_aradio\",\"value\":\"20\",\"data-name\":\"Q24(1)_a19\",\"text\":\"Gender issues\\/ woman\'s rights\"},\"Q24(1)_a20\":{\"type\":\"radio\",\"name\":\"Q24(1)_aradio\",\"value\":\"21\",\"data-name\":\"Q24(1)_a20\",\"text\":\"Democracy\\/ political rights\"},\"Q24(1)_a21\":{\"type\":\"radio\",\"name\":\"Q24(1)_aradio\",\"value\":\"22\",\"data-name\":\"Q24(1)_a21\",\"text\":\"Illegal immigration\"},\"Q24(1)_a22\":{\"type\":\"radio\",\"name\":\"Q24(1)_aradio\",\"value\":\"23\",\"data-name\":\"Q24(1)_a22\",\"text\":\"Foreign relations\"},\"Q24(1)_a23\":{\"type\":\"radio\",\"name\":\"Q24(1)_aradio\",\"value\":\"24\",\"data-name\":\"Q24(1)_a23\",\"text\":\"Constitutional reform\"},\"Q24(1)_a24\":{\"type\":\"radio\",\"name\":\"Q24(1)_aradio\",\"value\":\"25\",\"data-name\":\"Q24(1)_a24\",\"text\":\"Some other problem\"},\"Q24(1)_a25\":{\"type\":\"radio\",\"name\":\"Q24(1)_aradio\",\"value\":\"26\",\"data-name\":\"Q24(1)_a25\",\"text\":\"Nothing\\/ no problem\"},\"Q24(1)_a26\":{\"type\":\"radio\",\"name\":\"Q24(1)_aradio\",\"value\":\"27\",\"data-name\":\"Q24(1)_a26\",\"text\":\"No further reply\"},\"Q24(1)_a27\":{\"type\":\"radio\",\"name\":\"Q24(1)_aradio\",\"value\":\"98\",\"data-name\":\"Q24(1)_a27\",\"text\":\"Do not know\"}}',0,'two-column',NULL,1,'','2016-05-04 08:56:27','2016-05-04 09:01:22'),(78,1,NULL,'Q24(2)','q242',47,'In your opinion, what are the most important problems facing MYANMAR as a whole that the new government should address? Second mention','','','{\"Q24(2)_a0\":{\"type\":\"radio\",\"name\":\"Q24(2)_aradio\",\"value\":\"1\",\"data-name\":\"Q24(2)_a0\",\"text\":\"Unemployment\"},\"Q24(2)_a1\":{\"type\":\"radio\",\"name\":\"Q24(2)_aradio\",\"value\":\"2\",\"data-name\":\"Q24(2)_a1\",\"text\":\"Wages, incomes, and salaries\"},\"Q24(2)_a2\":{\"type\":\"radio\",\"name\":\"Q24(2)_aradio\",\"value\":\"3\",\"data-name\":\"Q24(2)_a2\",\"text\":\"Poverty\"},\"Q24(2)_a3\":{\"type\":\"radio\",\"name\":\"Q24(2)_aradio\",\"value\":\"4\",\"data-name\":\"Q24(2)_a3\",\"text\":\"Economic policies\"},\"Q24(2)_a4\":{\"type\":\"radio\",\"name\":\"Q24(2)_aradio\",\"value\":\"5\",\"data-name\":\"Q24(2)_a4\",\"text\":\"Loans\\/ credits\"},\"Q24(2)_a5\":{\"type\":\"radio\",\"name\":\"Q24(2)_aradio\",\"value\":\"6\",\"data-name\":\"Q24(2)_a5\",\"text\":\"Communications\"},\"Q24(2)_a6\":{\"type\":\"radio\",\"name\":\"Q24(2)_aradio\",\"value\":\"7\",\"data-name\":\"Q24(2)_a6\",\"text\":\"Infrastructure\\/ roads\"},\"Q24(2)_a7\":{\"type\":\"radio\",\"name\":\"Q24(2)_aradio\",\"value\":\"8\",\"data-name\":\"Q24(2)_a7\",\"text\":\"Education\"},\"Q24(2)_a8\":{\"type\":\"radio\",\"name\":\"Q24(2)_aradio\",\"value\":\"9\",\"data-name\":\"Q24(2)_a8\",\"text\":\"Water supply\"},\"Q24(2)_a9\":{\"type\":\"radio\",\"name\":\"Q24(2)_aradio\",\"value\":\"10\",\"data-name\":\"Q24(2)_a9\",\"text\":\"Electricity\"},\"Q24(2)_a10\":{\"type\":\"radio\",\"name\":\"Q24(2)_aradio\",\"value\":\"11\",\"data-name\":\"Q24(2)_a10\",\"text\":\"Other services\"},\"Q24(2)_a11\":{\"type\":\"radio\",\"name\":\"Q24(2)_aradio\",\"value\":\"12\",\"data-name\":\"Q24(2)_a11\",\"text\":\"Farming\\/ agriculture\"},\"Q24(2)_a12\":{\"type\":\"radio\",\"name\":\"Q24(2)_aradio\",\"value\":\"13\",\"data-name\":\"Q24(2)_a12\",\"text\":\"Natural disasters\"},\"Q24(2)_a13\":{\"type\":\"radio\",\"name\":\"Q24(2)_aradio\",\"value\":\"14\",\"data-name\":\"Q24(2)_a13\",\"text\":\"Land\"},\"Q24(2)_a14\":{\"type\":\"radio\",\"name\":\"Q24(2)_aradio\",\"value\":\"15\",\"data-name\":\"Q24(2)_a14\",\"text\":\"Healthcare\"},\"Q24(2)_a15\":{\"type\":\"radio\",\"name\":\"Q24(2)_aradio\",\"value\":\"16\",\"data-name\":\"Q24(2)_a15\",\"text\":\"Drug production and usage\"},\"Q24(2)_a16\":{\"type\":\"radio\",\"name\":\"Q24(2)_aradio\",\"value\":\"17\",\"data-name\":\"Q24(2)_a16\",\"text\":\"Crime and security\"},\"Q24(2)_a17\":{\"type\":\"radio\",\"name\":\"Q24(2)_aradio\",\"value\":\"18\",\"data-name\":\"Q24(2)_a17\",\"text\":\"Corruption\"},\"Q24(2)_a18\":{\"type\":\"radio\",\"name\":\"Q24(2)_aradio\",\"value\":\"19\",\"data-name\":\"Q24(2)_a18\",\"text\":\"Religious\\/ ethnic tension\"},\"Q24(2)_a19\":{\"type\":\"radio\",\"name\":\"Q24(2)_aradio\",\"value\":\"20\",\"data-name\":\"Q24(2)_a19\",\"text\":\"Gender issues\\/ woman\'s rights\"},\"Q24(2)_a20\":{\"type\":\"radio\",\"name\":\"Q24(2)_aradio\",\"value\":\"21\",\"data-name\":\"Q24(2)_a20\",\"text\":\"Democracy\\/ political rights\"},\"Q24(2)_a21\":{\"type\":\"radio\",\"name\":\"Q24(2)_aradio\",\"value\":\"22\",\"data-name\":\"Q24(2)_a21\",\"text\":\"Illegal immigration\"},\"Q24(2)_a22\":{\"type\":\"radio\",\"name\":\"Q24(2)_aradio\",\"value\":\"23\",\"data-name\":\"Q24(2)_a22\",\"text\":\"Foreign relations\"},\"Q24(2)_a23\":{\"type\":\"radio\",\"name\":\"Q24(2)_aradio\",\"value\":\"24\",\"data-name\":\"Q24(2)_a23\",\"text\":\"Constitutional reform\"},\"Q24(2)_a24\":{\"type\":\"radio\",\"name\":\"Q24(2)_aradio\",\"value\":\"25\",\"data-name\":\"Q24(2)_a24\",\"text\":\"Some other problem\"},\"Q24(2)_a25\":{\"type\":\"radio\",\"name\":\"Q24(2)_aradio\",\"value\":\"26\",\"data-name\":\"Q24(2)_a25\",\"text\":\"Nothing\\/ no problem\"},\"Q24(2)_a26\":{\"type\":\"radio\",\"name\":\"Q24(2)_aradio\",\"value\":\"27\",\"data-name\":\"Q24(2)_a26\",\"text\":\"No further reply\"},\"Q24(2)_a27\":{\"type\":\"radio\",\"name\":\"Q24(2)_aradio\",\"value\":\"98\",\"data-name\":\"Q24(2)_a27\",\"text\":\"Do not know\"}}',0,'two-column',NULL,1,'','2016-05-04 09:01:13','2016-05-04 09:01:22'),(79,1,NULL,'Q24(3)','q243',48,'In your opinion, what are the most important problems facing MYANMAR as a whole that the new government should address? Third mention','','','{\"Q24(3)_a0\":{\"type\":\"radio\",\"name\":\"Q24(3)_aradio\",\"value\":\"1\",\"data-name\":\"Q24(3)_a0\",\"text\":\"Unemployment\"},\"Q24(3)_a1\":{\"type\":\"radio\",\"name\":\"Q24(3)_aradio\",\"value\":\"2\",\"data-name\":\"Q24(3)_a1\",\"text\":\"Wages, incomes, and salaries\"},\"Q24(3)_a2\":{\"type\":\"radio\",\"name\":\"Q24(3)_aradio\",\"value\":\"3\",\"data-name\":\"Q24(3)_a2\",\"text\":\"Poverty\"},\"Q24(3)_a3\":{\"type\":\"radio\",\"name\":\"Q24(3)_aradio\",\"value\":\"4\",\"data-name\":\"Q24(3)_a3\",\"text\":\"Economic policies\"},\"Q24(3)_a4\":{\"type\":\"radio\",\"name\":\"Q24(3)_aradio\",\"value\":\"5\",\"data-name\":\"Q24(3)_a4\",\"text\":\"Loans\\/ credits\"},\"Q24(3)_a5\":{\"type\":\"radio\",\"name\":\"Q24(3)_aradio\",\"value\":\"6\",\"data-name\":\"Q24(3)_a5\",\"text\":\"Communications\"},\"Q24(3)_a6\":{\"type\":\"radio\",\"name\":\"Q24(3)_aradio\",\"value\":\"7\",\"data-name\":\"Q24(3)_a6\",\"text\":\"Infrastructure\\/ roads\"},\"Q24(3)_a7\":{\"type\":\"radio\",\"name\":\"Q24(3)_aradio\",\"value\":\"8\",\"data-name\":\"Q24(3)_a7\",\"text\":\"Education\"},\"Q24(3)_a8\":{\"type\":\"radio\",\"name\":\"Q24(3)_aradio\",\"value\":\"9\",\"data-name\":\"Q24(3)_a8\",\"text\":\"Water supply\"},\"Q24(3)_a9\":{\"type\":\"radio\",\"name\":\"Q24(3)_aradio\",\"value\":\"10\",\"data-name\":\"Q24(3)_a9\",\"text\":\"Electricity\"},\"Q24(3)_a10\":{\"type\":\"radio\",\"name\":\"Q24(3)_aradio\",\"value\":\"11\",\"data-name\":\"Q24(3)_a10\",\"text\":\"Other services\"},\"Q24(3)_a11\":{\"type\":\"radio\",\"name\":\"Q24(3)_aradio\",\"value\":\"12\",\"data-name\":\"Q24(3)_a11\",\"text\":\"Farming\\/ agriculture\"},\"Q24(3)_a12\":{\"type\":\"radio\",\"name\":\"Q24(3)_aradio\",\"value\":\"13\",\"data-name\":\"Q24(3)_a12\",\"text\":\"Natural disasters\"},\"Q24(3)_a13\":{\"type\":\"radio\",\"name\":\"Q24(3)_aradio\",\"value\":\"14\",\"data-name\":\"Q24(3)_a13\",\"text\":\"Land\"},\"Q24(3)_a14\":{\"type\":\"radio\",\"name\":\"Q24(3)_aradio\",\"value\":\"15\",\"data-name\":\"Q24(3)_a14\",\"text\":\"Healthcare\"},\"Q24(3)_a15\":{\"type\":\"radio\",\"name\":\"Q24(3)_aradio\",\"value\":\"16\",\"data-name\":\"Q24(3)_a15\",\"text\":\"Drug production and usage\"},\"Q24(3)_a16\":{\"type\":\"radio\",\"name\":\"Q24(3)_aradio\",\"value\":\"17\",\"data-name\":\"Q24(3)_a16\",\"text\":\"Crime and security\"},\"Q24(3)_a17\":{\"type\":\"radio\",\"name\":\"Q24(3)_aradio\",\"value\":\"18\",\"data-name\":\"Q24(3)_a17\",\"text\":\"Corruption\"},\"Q24(3)_a18\":{\"type\":\"radio\",\"name\":\"Q24(3)_aradio\",\"value\":\"19\",\"data-name\":\"Q24(3)_a18\",\"text\":\"Religious\\/ ethnic tension\"},\"Q24(3)_a19\":{\"type\":\"radio\",\"name\":\"Q24(3)_aradio\",\"value\":\"20\",\"data-name\":\"Q24(3)_a19\",\"text\":\"Gender issues\\/ woman\'s rights\"},\"Q24(3)_a20\":{\"type\":\"radio\",\"name\":\"Q24(3)_aradio\",\"value\":\"21\",\"data-name\":\"Q24(3)_a20\",\"text\":\"Democracy\\/ political rights\"},\"Q24(3)_a21\":{\"type\":\"radio\",\"name\":\"Q24(3)_aradio\",\"value\":\"22\",\"data-name\":\"Q24(3)_a21\",\"text\":\"Illegal immigration\"},\"Q24(3)_a22\":{\"type\":\"radio\",\"name\":\"Q24(3)_aradio\",\"value\":\"23\",\"data-name\":\"Q24(3)_a22\",\"text\":\"Foreign relations\"},\"Q24(3)_a23\":{\"type\":\"radio\",\"name\":\"Q24(3)_aradio\",\"value\":\"24\",\"data-name\":\"Q24(3)_a23\",\"text\":\"Constitutional reform\"},\"Q24(3)_a24\":{\"type\":\"radio\",\"name\":\"Q24(3)_aradio\",\"value\":\"25\",\"data-name\":\"Q24(3)_a24\",\"text\":\"Some other problem\"},\"Q24(3)_a25\":{\"type\":\"radio\",\"name\":\"Q24(3)_aradio\",\"value\":\"26\",\"data-name\":\"Q24(3)_a25\",\"text\":\"Nothing\\/ no problems\"},\"Q24(3)_a26\":{\"type\":\"radio\",\"name\":\"Q24(3)_aradio\",\"value\":\"27\",\"data-name\":\"Q24(3)_a26\",\"text\":\"No further reply\"},\"Q24(3)_a27\":{\"type\":\"radio\",\"name\":\"Q24(3)_aradio\",\"value\":\"98\",\"data-name\":\"Q24(3)_a27\",\"text\":\"Do not know\"}}',0,'two-column',NULL,1,'','2016-05-04 09:07:46','2016-05-04 09:07:57'),(80,1,NULL,'Q26','q26',50,'What is the highest level of education you have completed?','','','{\"Q26_a0\":{\"type\":\"radio\",\"name\":\"Q26_aradio\",\"value\":\"1\",\"data-name\":\"Q26_a0\",\"text\":\"Never went to school\"},\"Q26_a1\":{\"type\":\"radio\",\"name\":\"Q26_aradio\",\"value\":\"2\",\"data-name\":\"Q26_a1\",\"text\":\"Informal school only\"},\"Q26_a2\":{\"type\":\"radio\",\"name\":\"Q26_aradio\",\"value\":\"3\",\"data-name\":\"Q26_a2\",\"text\":\"Some primary schooling\"},\"Q26_a3\":{\"type\":\"radio\",\"name\":\"Q26_aradio\",\"value\":\"4\",\"data-name\":\"Q26_a3\",\"text\":\"Primary school completed\"},\"Q26_a4\":{\"type\":\"radio\",\"name\":\"Q26_aradio\",\"value\":\"5\",\"data-name\":\"Q26_a4\",\"text\":\"Some secondary school\\/ high school\"},\"Q26_a5\":{\"type\":\"radio\",\"name\":\"Q26_aradio\",\"value\":\"6\",\"data-name\":\"Q26_a5\",\"text\":\"Secondary school\\/ high school completed\"},\"Q26_a6\":{\"type\":\"radio\",\"name\":\"Q26_aradio\",\"value\":\"7\",\"data-name\":\"Q26_a6\",\"text\":\"Post secondary qualifications, other than university, e.g. diploma or degree from a polytechnic or college\"},\"Q26_a7\":{\"type\":\"radio\",\"name\":\"Q26_aradio\",\"value\":\"8\",\"data-name\":\"Q26_a7\",\"text\":\"Some university\"},\"Q26_a8\":{\"type\":\"radio\",\"name\":\"Q26_aradio\",\"value\":\"9\",\"data-name\":\"Q26_a8\",\"text\":\"University completed\"},\"Q26_a9\":{\"type\":\"radio\",\"name\":\"Q26_aradio\",\"value\":\"10\",\"data-name\":\"Q26_a9\",\"text\":\"Post-graduate\"},\"Q26_a10\":{\"type\":\"radio\",\"name\":\"Q26_aradio\",\"value\":\"98\",\"data-name\":\"Q26_a10\",\"text\":\"Do not know\"},\"Q26_a11\":{\"type\":\"radio\",\"name\":\"Q26_aradio\",\"value\":\"99\",\"data-name\":\"Q26_a11\",\"text\":\"Refused to answer\"}}',0,'two-column',NULL,1,'','2016-05-04 09:10:56','2016-05-04 09:18:23'),(81,1,NULL,'Q27','q27',51,'What is your current occupation?','','','{\"Q27_a0\":{\"type\":\"radio\",\"name\":\"Q27_aradio\",\"value\":\"1\",\"data-name\":\"Q27_a0\",\"text\":\"Unemployed\"},\"Q27_a1\":{\"type\":\"radio\",\"name\":\"Q27_aradio\",\"value\":\"2\",\"data-name\":\"Q27_a1\",\"text\":\"Farmer\"},\"Q27_a2\":{\"type\":\"radio\",\"name\":\"Q27_aradio\",\"value\":\"3\",\"data-name\":\"Q27_a2\",\"text\":\"Laborer, domestic, or unskilled worker\"},\"Q27_a3\":{\"type\":\"radio\",\"name\":\"Q27_aradio\",\"value\":\"4\",\"data-name\":\"Q27_a3\",\"text\":\"School\\/ university teacher\"},\"Q27_a4\":{\"type\":\"radio\",\"name\":\"Q27_aradio\",\"value\":\"5\",\"data-name\":\"Q27_a4\",\"text\":\"Self-employed\"},\"Q27_a5\":{\"type\":\"radio\",\"name\":\"Q27_aradio\",\"value\":\"6\",\"data-name\":\"Q27_a5\",\"text\":\"Professional (ex. lawyer, doctor)\"},\"Q27_a6\":{\"type\":\"radio\",\"name\":\"Q27_aradio\",\"value\":\"7\",\"data-name\":\"Q27_a6\",\"text\":\"Trader\"},\"Q27_a7\":{\"type\":\"radio\",\"name\":\"Q27_aradio\",\"value\":\"8\",\"data-name\":\"Q27_a7\",\"text\":\"Employed in private sector\\/ NGOs\"},\"Q27_a8\":{\"type\":\"radio\",\"name\":\"Q27_aradio\",\"value\":\"9\",\"data-name\":\"Q27_a8\",\"text\":\"Civil servant\"},\"Q27_a9\":{\"type\":\"radio\",\"name\":\"Q27_aradio\",\"value\":\"10\",\"data-name\":\"Q27_a9\",\"text\":\"Military\\/ police\"},\"Q27_a10\":{\"type\":\"radio\",\"name\":\"Q27_aradio\",\"value\":\"11\",\"data-name\":\"Q27_a10\",\"text\":\"Student\"},\"Q27_a11\":{\"type\":\"radio\",\"name\":\"Q27_aradio\",\"value\":\"12\",\"data-name\":\"Q27_a11\",\"text\":\"Housewife\"},\"Q27_a12\":{\"type\":\"radio\",\"name\":\"Q27_aradio\",\"value\":\"13\",\"data-name\":\"Q27_a12\",\"text\":\"Retired\"},\"Q27_a13\":{\"type\":\"text\",\"name\":\"Q27_a13\",\"value\":\"\",\"data-name\":\"Q27_a13\",\"text\":\"Other, specify\"},\"Q27_a14\":{\"type\":\"radio\",\"name\":\"Q27_aradio\",\"value\":\"98\",\"data-name\":\"Q27_a14\",\"text\":\"Do not know\"},\"Q27_a15\":{\"type\":\"radio\",\"name\":\"Q27_aradio\",\"value\":\"99\",\"data-name\":\"Q27_a15\",\"text\":\"Refused to answer\"}}',0,'two-column',NULL,1,'','2016-05-04 09:13:40','2016-05-04 09:18:23'),(82,1,NULL,'Q29','q29',53,'Here is a list of family monthly income categories. Which categories come closest to representing the total income for your household?','','','{\"Q29_a0\":{\"type\":\"radio\",\"name\":\"Q29_aradio\",\"value\":\"1\",\"data-name\":\"Q29_a0\",\"text\":\"Under 50,000 Ks\"},\"Q29_a1\":{\"type\":\"radio\",\"name\":\"Q29_aradio\",\"value\":\"2\",\"data-name\":\"Q29_a1\",\"text\":\"50,000 Ks - 100,000 Ks\"},\"Q29_a2\":{\"type\":\"radio\",\"name\":\"Q29_aradio\",\"value\":\"3\",\"data-name\":\"Q29_a2\",\"text\":\"100,000 Ks - 200,000 Ks\"},\"Q29_a3\":{\"type\":\"radio\",\"name\":\"Q29_aradio\",\"value\":\"4\",\"data-name\":\"Q29_a3\",\"text\":\"200,000 Ks - 300,000 Ks\"},\"Q29_a4\":{\"type\":\"radio\",\"name\":\"Q29_aradio\",\"value\":\"5\",\"data-name\":\"Q29_a4\",\"text\":\"300,000 Ks - 400,000 Ks\"},\"Q29_a5\":{\"type\":\"radio\",\"name\":\"Q29_aradio\",\"value\":\"6\",\"data-name\":\"Q29_a5\",\"text\":\"Over 400,000 Ks\"},\"Q29_a6\":{\"type\":\"radio\",\"name\":\"Q29_aradio\",\"value\":\"98\",\"data-name\":\"Q29_a6\",\"text\":\"Do not know\"},\"Q29_a7\":{\"type\":\"radio\",\"name\":\"Q29_aradio\",\"value\":\"99\",\"data-name\":\"Q29_a7\",\"text\":\"Refused to answer\"}}',0,'vertical',NULL,1,'','2016-05-04 09:16:45','2016-05-04 09:18:25'),(83,1,NULL,'Q28','q28',52,'What is your marital status?','{\"qnum\":0,\"question\":0}','','{\"Q28_a0\":{\"type\":\"radio\",\"name\":\"Q28_aradio\",\"value\":\"1\",\"data-name\":\"Q28_a0\",\"text\":\"Married\"},\"Q28_a1\":{\"type\":\"radio\",\"name\":\"Q28_aradio\",\"value\":\"2\",\"data-name\":\"Q28_a1\",\"text\":\"Single\"},\"Q28_a2\":{\"type\":\"radio\",\"name\":\"Q28_aradio\",\"value\":\"3\",\"data-name\":\"Q28_a2\",\"text\":\"Divorced\"},\"Q28_a3\":{\"type\":\"radio\",\"name\":\"Q28_aradio\",\"value\":\"4\",\"data-name\":\"Q28_a3\",\"text\":\"Widowed\"},\"Q28_a4\":{\"type\":\"radio\",\"name\":\"Q28_aradio\",\"value\":\"99\",\"data-name\":\"Q28_a4\",\"text\":\"Refused to answer\"}}',0,'horizontal',NULL,1,'','2016-05-04 09:17:59','2016-05-04 09:18:24'),(84,2,NULL,'B2','b2',2,'Were there any other people immediately present who might be listening during the interview?','','','{\"B2_a0\":{\"type\":\"radio\",\"name\":\"B2_aradio\",\"value\":\"1\",\"data-name\":\"B2_a0\",\"text\":\"No one\"},\"B2_a1\":{\"type\":\"radio\",\"name\":\"B2_aradio\",\"value\":\"2\",\"data-name\":\"B2_a1\",\"text\":\"Spouse only\"},\"B2_a2\":{\"type\":\"radio\",\"name\":\"B2_aradio\",\"value\":\"3\",\"data-name\":\"B2_a2\",\"text\":\"Children only\"},\"B2_a3\":{\"type\":\"radio\",\"name\":\"B2_aradio\",\"value\":\"4\",\"data-name\":\"B2_a3\",\"text\":\"A few others\"},\"B2_a4\":{\"type\":\"radio\",\"name\":\"B2_aradio\",\"value\":\"5\",\"data-name\":\"B2_a4\",\"text\":\"Small crowd\"},\"B2_a5\":{\"type\":\"radio\",\"name\":\"B2_aradio\",\"value\":\"98\",\"data-name\":\"B2_a5\",\"text\":\"Do not know\"}}',0,'',NULL,1,'','2016-05-04 09:20:18','2016-05-04 09:20:26'),(85,2,NULL,'B3B','b3c',4,'Do you think anyone influence the respondent\'s answers during the interview?','{\"qnum\":0,\"question\":0}','','{\"B3B_a0\":{\"type\":\"radio\",\"name\":\"B3B_aradio\",\"value\":\"1\",\"data-name\":\"B3B_a0\",\"text\":\"Yes\"},\"B3B_a1\":{\"type\":\"radio\",\"name\":\"B3B_aradio\",\"value\":\"2\",\"data-name\":\"B3B_a1\",\"text\":\"No\"}}',0,'horizontal',NULL,1,'','2016-05-04 09:21:16','2016-05-04 09:24:28'),(86,2,NULL,'B3C','b3c',5,'Were you approached by community and/ or government agents?','','','{\"B3C_a0\":{\"type\":\"radio\",\"name\":\"B3C_aradio\",\"value\":\"1\",\"data-name\":\"B3C_a0\",\"text\":\"Yes\"},\"B3C_a1\":{\"type\":\"radio\",\"name\":\"B3C_aradio\",\"value\":\"2\",\"data-name\":\"B3C_a1\",\"text\":\"No\"}}',0,'horizontal',NULL,1,'','2016-05-04 09:23:38','2016-05-04 09:24:30'),(87,2,NULL,'B3E','b3e',7,'Were you physically threatened during the interview?','','','{\"B3E_a0\":{\"type\":\"radio\",\"name\":\"B3E_aradio\",\"value\":\"1\",\"data-name\":\"B3E_a0\",\"text\":\"Yes\"},\"B3E_a1\":{\"type\":\"radio\",\"name\":\"B3E_aradio\",\"value\":\"2\",\"data-name\":\"B3E_a1\",\"text\":\"No\"}}',0,'horizontal',NULL,1,'','2016-05-04 09:24:14','2016-05-04 09:24:32');
/*!40000 ALTER TABLE `questions` ENABLE KEYS */;
UNLOCK TABLES;

--
-- Table structure for table `results`
--

DROP TABLE IF EXISTS `results`;
/*!40101 SET @saved_cs_client     = @@character_set_client */;
/*!40101 SET character_set_client = utf8 */;
CREATE TABLE `results` (
  `id` int(10) unsigned NOT NULL AUTO_INCREMENT,
  `results` text COLLATE utf8_unicode_ci NOT NULL,
  `information` varchar(255) COLLATE utf8_unicode_ci NOT NULL,
  `project_id` int(10) unsigned NOT NULL,
  `user_id` int(10) unsigned NOT NULL,
  `section_id` int(11) NOT NULL,
  `incident_id` int(11) DEFAULT NULL,
  `resultable_id` varchar(255) COLLATE utf8_unicode_ci NOT NULL,
  `resultable_type` varchar(255) COLLATE utf8_unicode_ci NOT NULL,
  `created_at` timestamp NOT NULL DEFAULT '0000-00-00 00:00:00',
  `updated_at` timestamp NOT NULL DEFAULT '0000-00-00 00:00:00',
  `deleted_at` timestamp NULL DEFAULT NULL,
  PRIMARY KEY (`id`),
  KEY `results_information_index` (`information`),
  KEY `results_project_id_index` (`project_id`),
  KEY `results_user_id_index` (`user_id`),
  KEY `results_section_id_index` (`section_id`),
  KEY `results_incident_id_index` (`incident_id`),
  CONSTRAINT `results_project_id_foreign` FOREIGN KEY (`project_id`) REFERENCES `projects` (`id`),
  CONSTRAINT `results_user_id_foreign` FOREIGN KEY (`user_id`) REFERENCES `users` (`id`)
) ENGINE=InnoDB DEFAULT CHARSET=utf8 COLLATE=utf8_unicode_ci;
/*!40101 SET character_set_client = @saved_cs_client */;

--
-- Dumping data for table `results`
--

LOCK TABLES `results` WRITE;
/*!40000 ALTER TABLE `results` DISABLE KEYS */;
/*!40000 ALTER TABLE `results` ENABLE KEYS */;
UNLOCK TABLES;

--
-- Table structure for table `roles`
--

DROP TABLE IF EXISTS `roles`;
/*!40101 SET @saved_cs_client     = @@character_set_client */;
/*!40101 SET character_set_client = utf8 */;
CREATE TABLE `roles` (
  `id` int(10) unsigned NOT NULL AUTO_INCREMENT,
  `name` varchar(255) COLLATE utf8_unicode_ci NOT NULL,
  `level` int(10) unsigned NOT NULL,
  `created_at` timestamp NOT NULL DEFAULT '0000-00-00 00:00:00',
  `updated_at` timestamp NOT NULL DEFAULT '0000-00-00 00:00:00',
  PRIMARY KEY (`id`),
  UNIQUE KEY `roles_name_unique` (`name`)
) ENGINE=InnoDB AUTO_INCREMENT=6 DEFAULT CHARSET=utf8 COLLATE=utf8_unicode_ci;
/*!40101 SET character_set_client = @saved_cs_client */;

--
-- Dumping data for table `roles`
--

LOCK TABLES `roles` WRITE;
/*!40000 ALTER TABLE `roles` DISABLE KEYS */;
INSERT INTO `roles` VALUES (1,'Administrator',0,'2016-04-28 09:36:46','2016-04-28 09:36:46'),(2,'User',99,'2016-04-28 09:36:46','2016-04-28 09:36:46'),(3,'Organizations Manager',1,'2016-04-28 09:36:46','2016-04-28 09:36:46'),(4,'Projects Manager',2,'2016-04-28 09:36:46','2016-04-28 09:36:46'),(5,'Data Clerk',10,'2016-04-28 09:36:46','2016-04-28 09:36:46');
/*!40000 ALTER TABLE `roles` ENABLE KEYS */;
UNLOCK TABLES;

--
-- Table structure for table `translations`
--

DROP TABLE IF EXISTS `translations`;
/*!40101 SET @saved_cs_client     = @@character_set_client */;
/*!40101 SET character_set_client = utf8 */;
CREATE TABLE `translations` (
  `id` int(10) unsigned NOT NULL AUTO_INCREMENT,
  `created_at` timestamp NOT NULL DEFAULT '0000-00-00 00:00:00',
  `updated_at` timestamp NOT NULL DEFAULT '0000-00-00 00:00:00',
  `locale_id` int(10) unsigned NOT NULL,
  `translation_id` int(10) unsigned DEFAULT NULL,
  `translation` text COLLATE utf8_unicode_ci NOT NULL,
  PRIMARY KEY (`id`),
  KEY `translations_locale_id_foreign` (`locale_id`),
  KEY `translations_translation_id_foreign` (`translation_id`),
  CONSTRAINT `translations_locale_id_foreign` FOREIGN KEY (`locale_id`) REFERENCES `locales` (`id`) ON DELETE CASCADE,
  CONSTRAINT `translations_translation_id_foreign` FOREIGN KEY (`translation_id`) REFERENCES `translations` (`id`) ON DELETE CASCADE
) ENGINE=InnoDB DEFAULT CHARSET=utf8 COLLATE=utf8_unicode_ci;
/*!40101 SET character_set_client = @saved_cs_client */;

--
-- Dumping data for table `translations`
--

LOCK TABLES `translations` WRITE;
/*!40000 ALTER TABLE `translations` DISABLE KEYS */;
/*!40000 ALTER TABLE `translations` ENABLE KEYS */;
UNLOCK TABLES;

--
-- Table structure for table `user_providers`
--

DROP TABLE IF EXISTS `user_providers`;
/*!40101 SET @saved_cs_client     = @@character_set_client */;
/*!40101 SET character_set_client = utf8 */;
CREATE TABLE `user_providers` (
  `id` int(10) unsigned NOT NULL AUTO_INCREMENT,
  `user_id` int(10) unsigned NOT NULL,
  `provider` varchar(255) COLLATE utf8_unicode_ci NOT NULL,
  `provider_id` varchar(255) COLLATE utf8_unicode_ci NOT NULL,
  `avatar` varchar(255) COLLATE utf8_unicode_ci DEFAULT NULL,
  `created_at` timestamp NOT NULL DEFAULT '0000-00-00 00:00:00',
  `updated_at` timestamp NOT NULL DEFAULT '0000-00-00 00:00:00',
  `deleted_at` timestamp NULL DEFAULT NULL,
  PRIMARY KEY (`id`),
  KEY `user_providers_user_id_foreign` (`user_id`),
  CONSTRAINT `user_providers_user_id_foreign` FOREIGN KEY (`user_id`) REFERENCES `users` (`id`)
) ENGINE=InnoDB DEFAULT CHARSET=utf8 COLLATE=utf8_unicode_ci;
/*!40101 SET character_set_client = @saved_cs_client */;

--
-- Dumping data for table `user_providers`
--

LOCK TABLES `user_providers` WRITE;
/*!40000 ALTER TABLE `user_providers` DISABLE KEYS */;
/*!40000 ALTER TABLE `user_providers` ENABLE KEYS */;
UNLOCK TABLES;

--
-- Table structure for table `users`
--

DROP TABLE IF EXISTS `users`;
/*!40101 SET @saved_cs_client     = @@character_set_client */;
/*!40101 SET character_set_client = utf8 */;
CREATE TABLE `users` (
  `id` int(10) unsigned NOT NULL AUTO_INCREMENT,
  `avatar` varchar(255) COLLATE utf8_unicode_ci NOT NULL,
  `name` varchar(255) COLLATE utf8_unicode_ci NOT NULL,
  `email` varchar(255) COLLATE utf8_unicode_ci NOT NULL,
  `password` varchar(60) COLLATE utf8_unicode_ci DEFAULT NULL,
  `status` tinyint(1) NOT NULL DEFAULT '1',
  `confirmation_code` varchar(255) COLLATE utf8_unicode_ci NOT NULL,
  `confirmed` tinyint(1) NOT NULL,
  `org_id` int(10) unsigned DEFAULT NULL,
  `role_id` int(10) unsigned DEFAULT NULL,
  `remember_token` varchar(100) COLLATE utf8_unicode_ci DEFAULT NULL,
  `created_at` timestamp NOT NULL DEFAULT '0000-00-00 00:00:00',
  `updated_at` timestamp NOT NULL DEFAULT '0000-00-00 00:00:00',
  `deleted_at` timestamp NULL DEFAULT NULL,
  PRIMARY KEY (`id`),
  UNIQUE KEY `users_email_unique` (`email`),
  KEY `users_org_id_foreign` (`org_id`),
  KEY `users_role_id_foreign` (`role_id`),
  CONSTRAINT `users_org_id_foreign` FOREIGN KEY (`org_id`) REFERENCES `organizations` (`id`),
  CONSTRAINT `users_role_id_foreign` FOREIGN KEY (`role_id`) REFERENCES `roles` (`id`)
) ENGINE=InnoDB AUTO_INCREMENT=3 DEFAULT CHARSET=utf8 COLLATE=utf8_unicode_ci;
/*!40101 SET character_set_client = @saved_cs_client */;

--
-- Dumping data for table `users`
--

LOCK TABLES `users` WRITE;
/*!40000 ALTER TABLE `users` DISABLE KEYS */;
INSERT INTO `users` VALUES (1,'/img/frontend/user.png','Admin Istrator','admin@admin.com','$2y$10$HX8d0xDa0Ex7KfMAQRDmX.UKlbZk0v9M0soOXFJ5KY5GMDvkA1voW',1,'9200e4767191355448b125933f53ab82',1,NULL,1,'RCQikifLpX1rWz5nxVs3wwYltqD0cJZFbh1AmWApucfMMeRqm2Cwk6TbVbZU','2016-04-28 09:36:46','2016-04-29 02:01:22',NULL),(2,'','Anastasia SW','anastasia.s.w@gmail.com','$2y$10$kUPfoh5l6MOLcs1m8WT8XuymIBA89KDqKBPlN/1.oXNXVif8q7J/6',1,'a79fa47974d9833752f0209f0c05ba2c',1,1,3,NULL,'2016-05-07 03:27:05','2016-05-07 03:27:06',NULL);
/*!40000 ALTER TABLE `users` ENABLE KEYS */;
UNLOCK TABLES;

--
-- Table structure for table `versions`
--

DROP TABLE IF EXISTS `versions`;
/*!40101 SET @saved_cs_client     = @@character_set_client */;
/*!40101 SET character_set_client = utf8 */;
CREATE TABLE `versions` (
  `version_id` int(10) unsigned NOT NULL AUTO_INCREMENT,
  `versionable_id` int(11) NOT NULL,
  `versionable_type` text COLLATE utf8_unicode_ci NOT NULL,
  `user_id` int(11) DEFAULT NULL,
  `model_data` blob NOT NULL,
  `created_at` timestamp NOT NULL DEFAULT '0000-00-00 00:00:00',
  `updated_at` timestamp NOT NULL DEFAULT '0000-00-00 00:00:00',
  PRIMARY KEY (`version_id`)
) ENGINE=InnoDB AUTO_INCREMENT=20 DEFAULT CHARSET=utf8 COLLATE=utf8_unicode_ci;
/*!40101 SET character_set_client = @saved_cs_client */;

--
-- Dumping data for table `versions`
--

LOCK TABLES `versions` WRITE;
/*!40000 ALTER TABLE `versions` DISABLE KEYS */;
INSERT INTO `versions` VALUES (1,1,'App\\Result',1,'a:11:{s:10:\"section_id\";i:0;s:10:\"project_id\";i:1;s:11:\"incident_id\";s:1:\"1\";s:13:\"resultable_id\";i:1;s:15:\"resultable_type\";s:13:\"App\\PLocation\";s:7:\"results\";s:129:\"{\"?\":{\"radio\":\"?_a0\"},\"HHTable1\":{\"HHTable1_a0\":\"40\",\"HHTable1_a9\":\"\"},\"A3\":{\"A3_a0\":\"\",\"A3_a1\":\"\",\"A3_a2\":\"\"},\"A4\":{\"A4_a0\":\"\"}}\";s:11:\"information\";s:10:\"incomplete\";s:7:\"user_id\";i:1;s:10:\"updated_at\";s:19:\"2016-05-02 03:01:49\";s:10:\"created_at\";s:19:\"2016-05-02 03:01:49\";s:2:\"id\";i:1;}','2016-05-01 20:31:49','2016-05-01 20:31:49'),(2,2,'App\\Result',1,'a:11:{s:10:\"section_id\";i:0;s:10:\"project_id\";i:1;s:11:\"incident_id\";s:0:\"\";s:13:\"resultable_id\";i:1;s:15:\"resultable_type\";s:13:\"App\\PLocation\";s:7:\"results\";s:237:\"{\"?\":{\"radio\":\"?_a2\"},\"HHTable1\":{\"HHTable1_a0\":\"twenty\",\"radio\":\"HHTable1_a1\",\"HHTable1_a9\":\"\"},\"A1\":{\"radio\":\"A1_a0\"},\"A2\":{\"radio\":\"A2_a0\"},\"A3\":{\"A3_a0\":\"34\",\"A3_a1\":\"14\",\"A3_a2\":\"1980\"},\"A4\":{\"A4_a0\":\"16:12\"},\"A5\":{\"radio\":\"A5_a1\"}}\";s:11:\"information\";s:8:\"complete\";s:7:\"user_id\";i:1;s:10:\"updated_at\";s:19:\"2016-05-02 03:05:29\";s:10:\"created_at\";s:19:\"2016-05-02 03:05:29\";s:2:\"id\";i:2;}','2016-05-01 20:35:29','2016-05-01 20:35:29'),(3,3,'App\\Result',1,'a:11:{s:10:\"section_id\";i:1;s:10:\"project_id\";i:1;s:11:\"incident_id\";s:1:\"1\";s:13:\"resultable_id\";i:1;s:15:\"resultable_type\";s:13:\"App\\PLocation\";s:7:\"results\";s:537:\"{\"Q1\":{\"radio\":\"Q1_a0\"},\"Q2\":{\"radio\":\"Q2_a1\"},\"Q3A\":{\"radio\":\"Q3A_a1\"},\"Q4a\":{\"radio\":\"Q4_a1\"},\"Q5\":{\"radio\":\"Q5_a1\"},\"Q6\":{\"radio\":\"Q6_a0\"},\"Q7\":{\"radio\":\"Q7_a1\"},\"Q8a\":{\"radio\":\"Q8a_a1\"},\"Q9\":{\"radio\":\"Q9_a0\"},\"Q10\":{\"Q10_a12\":\"\"},\"Q11\":{\"radio\":\"Q11_a2\",\"Q11_a8\":\"\"},\"Q12\":{\"radio\":\"Q12_a1\"},\"Q13\":{\"radio\":\"Q13_a0\"},\"Q16\":{\"Q16_a0\":\"1\",\"Q16_a11\":\"98\"},\"Q17a\":{\"radio\":\"Q17a_a0\"},\"Q17b1\":{\"radio\":\"Q17b1_a0\"},\"Q20a\":{\"radio\":\"Q20_a1\"},\"Q21a\":{\"radio\":\"Q21a_a0\"},\"Q23(1)\":{\"radio\":\"Q23(1)_a1\"},\"Q25\":{\"Q25y_a0\":\"1988\",\"Q25y_a1\":\"21\"}}\";s:11:\"information\";s:8:\"complete\";s:7:\"user_id\";i:1;s:10:\"updated_at\";s:19:\"2016-05-02 03:08:47\";s:10:\"created_at\";s:19:\"2016-05-02 03:08:47\";s:2:\"id\";i:3;}','2016-05-01 20:38:47','2016-05-01 20:38:47'),(4,4,'App\\Result',1,'a:11:{s:10:\"section_id\";i:0;s:10:\"project_id\";i:1;s:11:\"incident_id\";s:1:\"7\";s:13:\"resultable_id\";i:1;s:15:\"resultable_type\";s:13:\"App\\PLocation\";s:7:\"results\";s:536:\"{\"?\":{\"radio\":\"?_a1\"},\"HHTable1\":{\"HHTable1_a0\":\"10\",\"radio\":\"HHTable1_a3\",\"HHTable1_a9\":\"\"},\"HHTable2\":{\"HHTable2_a0\":\"30\",\"HHTable2_a1\":\"1\",\"HHTable2_a9\":\"\"},\"HHTable3\":{\"HHTable3_a0\":\"\",\"HHTable3_a10\":\"\"},\"HHTable4\":{\"HHTable4_a0\":\"\",\"HHTable4_a9\":\"\"},\"HHTable5\":{\"HHTable5_a0\":\"\",\"HHTable5_a9\":\"\"},\"HHTable6\":{\"HHTable6_a0\":\"\",\"HHTable6_a9\":\"\"},\"HHTable7\":{\"HHTable7_a0\":\"\",\"HHTable7_a9\":\"\"},\"A1\":{\"radio\":\"A1_a0\"},\"A2\":{\"radio\":\"A2_a1\"},\"A3\":{\"A3_a0\":\"35\",\"A3_a1\":\"08\",\"A3_a2\":\"2005\"},\"A4\":{\"A4_a0\":\"12:15\"},\"A5\":{\"radio\":\"A5_a0\"}}\";s:11:\"information\";s:8:\"complete\";s:7:\"user_id\";i:1;s:10:\"updated_at\";s:19:\"2016-05-04 16:42:37\";s:10:\"created_at\";s:19:\"2016-05-04 16:42:37\";s:2:\"id\";i:4;}','2016-05-04 10:12:37','2016-05-04 10:12:37'),(5,5,'App\\Result',1,'a:11:{s:10:\"section_id\";i:1;s:10:\"project_id\";i:1;s:11:\"incident_id\";s:1:\"7\";s:13:\"resultable_id\";i:1;s:15:\"resultable_type\";s:13:\"App\\PLocation\";s:7:\"results\";s:1452:\"{\"Q1\":{\"radio\":\"Q1_a0\"},\"Q2\":{\"radio\":\"Q2_a1\"},\"Q3A\":{\"radio\":\"Q3A_a2\"},\"Q3B\":{\"radio\":\"Q3B_a2\"},\"Q3C\":{\"radio\":\"Q3C_a0\"},\"Q4a\":{\"radio\":\"Q4_a1\"},\"Q4B\":{\"radio\":\"Q4B_a0\"},\"Q4C\":{\"radio\":\"Q4C_a0\"},\"Q5\":{\"radio\":\"Q5_a1\"},\"Q6\":{\"radio\":\"Q6_a1\"},\"Q7\":{\"radio\":\"Q7_a1\"},\"Q8a\":{\"radio\":\"Q8a_a1\"},\"Q8B\":{\"radio\":\"Q8B_a2\"},\"Q8C\":{\"radio\":\"Q8C_a2\"},\"Q8D\":{\"radio\":\"Q8D_a2\"},\"Q8E\":{\"radio\":\"Q8E_a2\"},\"Q8F\":{\"radio\":\"Q8F_a2\"},\"Q8G\":{\"radio\":\"Q8G_a1\"},\"Q8H\":{\"radio\":\"Q8_a1\"},\"Q8I\":{\"radio\":\"Q8I_a2\"},\"Q8J\":{\"radio\":\"Q8J_a0\"},\"Q8K\":{\"radio\":\"Q8K_a0\"},\"Q9\":{\"radio\":\"Q9_a0\"},\"Q10\":{\"Q10_a12\":\"\"},\"Q11\":{\"radio\":\"Q11_a0\",\"Q11_a8\":\"\"},\"Q12\":{\"radio\":\"Q12_a0\"},\"Q13\":{\"radio\":\"Q13_a0\"},\"Q14\":{\"radio\":\"Q14_a1\"},\"Q15\":{\"radio\":\"Q15_a1\"},\"Q16\":{\"Q16_a4\":\"5\",\"Q16_a7\":\"8\"},\"Q17a\":{\"radio\":\"Q17a_a0\"},\"Q17b1\":{\"radio\":\"Q17b1_a0\",\"Q17b1_a18\":\"\"},\"Q17b2\":{\"radio\":\"Q17b2_a5\",\"Q17b2_a18\":\"\"},\"Q17b3\":{\"radio\":\"Q17b3_a3\",\"Q17b3_a18\":\"\"},\"Q18\":{\"radio\":\"Q18_a0\",\"Q18_a7\":\"\"},\"Q19\":{\"radio\":\"Q19_a2\"},\"Q20a\":{\"radio\":\"Q20_a3\"},\"Q20B\":{\"radio\":\"Q20B_a3\"},\"Q21a\":{\"radio\":\"Q21a_a3\"},\"Q21B\":{\"radio\":\"Q21B_a5\"},\"Q22a\":{\"radio\":\"Q22a_a1\"},\"Q23(1)\":{\"radio\":\"Q23(1)_a6\"},\"Q23(2)\":{\"radio\":\"Q23(2)_a14\"},\"Q23(3)\":{\"radio\":\"Q23(3)_a7\"},\"Q24(1)\":{\"radio\":\"Q24(1)_a20\"},\"Q24(2)\":{\"radio\":\"Q24(2)_a18\"},\"Q24(3)\":{\"radio\":\"Q24(3)_a26\"},\"Q25\":{\"Q25y_a0\":\"2007\",\"Q25y_a1\":\"30\"},\"Q26\":{\"radio\":\"Q26_a3\"},\"Q27\":{\"radio\":\"Q27_a0\",\"Q27_a13\":\"\"},\"Q28\":{\"radio\":\"Q28_a1\"},\"Q29\":{\"radio\":\"Q29_a1\"}}\";s:11:\"information\";s:10:\"incomplete\";s:7:\"user_id\";i:1;s:10:\"updated_at\";s:19:\"2016-05-04 16:42:37\";s:10:\"created_at\";s:19:\"2016-05-04 16:42:37\";s:2:\"id\";i:5;}','2016-05-04 10:12:37','2016-05-04 10:12:37'),(6,6,'App\\Result',1,'a:11:{s:10:\"section_id\";i:2;s:10:\"project_id\";i:1;s:11:\"incident_id\";s:1:\"7\";s:13:\"resultable_id\";i:1;s:15:\"resultable_type\";s:13:\"App\\PLocation\";s:7:\"results\";s:229:\"{\"B1\":{\"B1_a0\":\"11:10\"},\"B2\":{\"radio\":\"B2_a0\"},\"B3A\":{\"radio\":\"B3A_a0\"},\"B3B\":{\"radio\":\"B3B_a0\"},\"B3C\":{\"radio\":\"B3C_a1\"},\"B3D\":{\"radio\":\"B3D_a0\"},\"B3E\":{\"radio\":\"B3E_a0\"},\"Interviewer Comment\":{\"radio\":\"Interviewer Comment_a1\"}}\";s:11:\"information\";s:8:\"complete\";s:7:\"user_id\";i:1;s:10:\"updated_at\";s:19:\"2016-05-04 16:42:38\";s:10:\"created_at\";s:19:\"2016-05-04 16:42:38\";s:2:\"id\";i:6;}','2016-05-04 10:12:38','2016-05-04 10:12:38'),(7,7,'App\\Result',1,'a:11:{s:10:\"section_id\";i:0;s:10:\"project_id\";i:1;s:11:\"incident_id\";s:1:\"5\";s:13:\"resultable_id\";i:5;s:15:\"resultable_type\";s:13:\"App\\PLocation\";s:7:\"results\";s:282:\"{\"x\":{\"radio\":\"a2\"},\"hh-table\":{\"hhtable1-a0\":\"20\",\"radio\":\"hhtable1-a3\"},\"hhtable2\":{\"hhtable2-a0\":\"40\",\"radio\":\"hhtable2-a6\",\"hhtable2-a9\":\"Test radio button\"},\"hhtable3\":{\"hhtable3-a0\":\"70\",\"radio\":\"hhtable3-a2\"},\"a1\":{\"radio\":\"a1-a0\"},\"a3\":{\"a3-a1\":\"08\"},\"a5\":{\"radio\":\"a5-a1\"}}\";s:7:\"user_id\";i:1;s:11:\"information\";s:5:\"error\";s:10:\"updated_at\";s:19:\"2016-05-07 10:27:06\";s:10:\"created_at\";s:19:\"2016-05-07 10:27:06\";s:2:\"id\";i:7;}','2016-05-07 03:57:06','2016-05-07 03:57:06'),(8,8,'App\\Result',1,'a:11:{s:10:\"section_id\";i:0;s:10:\"project_id\";i:1;s:11:\"incident_id\";s:1:\"3\";s:13:\"resultable_id\";i:5;s:15:\"resultable_type\";s:13:\"App\\PLocation\";s:7:\"results\";s:318:\"{\"x\":{\"radio\":\"a4\"},\"hh-table\":{\"hhtable1-a0\":\"20\",\"radio\":\"hhtable1-a3\"},\"hhtable2\":{\"hhtable2-a0\":\"30\",\"hhtable2-a9\":\"Nobody lives there, and I don\'t know what to do\"},\"hhtable3\":{\"hhtable3-a0\":\"60\",\"radio\":\"hhtable3-a2\"},\"a1\":{\"radio\":\"a1-a0\"},\"a2\":{\"radio\":\"a2-a1\"},\"a3\":{\"a3-a0\":\"15\",\"a3-a1\":\"09\",\"a3-a2\":\"2019\"}}\";s:7:\"user_id\";i:1;s:11:\"information\";s:5:\"error\";s:10:\"updated_at\";s:19:\"2016-05-07 11:04:53\";s:10:\"created_at\";s:19:\"2016-05-07 11:04:53\";s:2:\"id\";i:8;}','2016-05-07 04:34:53','2016-05-07 04:34:53'),(9,9,'App\\Result',1,'a:11:{s:10:\"section_id\";i:1;s:10:\"project_id\";i:1;s:11:\"incident_id\";s:1:\"3\";s:13:\"resultable_id\";i:5;s:15:\"resultable_type\";s:13:\"App\\PLocation\";s:7:\"results\";s:24:\"{\"q1\":{\"radio\":\"q1-a0\"}}\";s:7:\"user_id\";i:1;s:11:\"information\";s:10:\"incomplete\";s:10:\"updated_at\";s:19:\"2016-05-07 11:08:19\";s:10:\"created_at\";s:19:\"2016-05-07 11:08:19\";s:2:\"id\";i:9;}','2016-05-07 04:38:19','2016-05-07 04:38:19'),(10,10,'App\\Result',1,'a:11:{s:10:\"section_id\";i:2;s:10:\"project_id\";i:1;s:11:\"incident_id\";s:1:\"3\";s:13:\"resultable_id\";i:5;s:15:\"resultable_type\";s:13:\"App\\PLocation\";s:7:\"results\";s:204:\"{\"b1\":{\"b1-a0\":\"02:00\"},\"b2\":{\"radio\":\"b2-a1\"},\"b3a\":{\"radio\":\"b3a-a0\"},\"b3c\":{\"radio\":\"b3c-a1\"},\"b3d\":{\"radio\":\"b3d-a0\"},\"b3e\":{\"radio\":\"b3e-a0\"},\"interviewer-comment\":{\"radio\":\"interviewer-comment-a1\"}}\";s:7:\"user_id\";i:1;s:11:\"information\";s:5:\"error\";s:10:\"updated_at\";s:19:\"2016-05-07 11:19:09\";s:10:\"created_at\";s:19:\"2016-05-07 11:19:09\";s:2:\"id\";i:10;}','2016-05-07 04:49:09','2016-05-07 04:49:09'),(11,3,'App\\Result',1,'a:12:{s:2:\"id\";i:3;s:7:\"results\";s:537:\"{\"Q1\":{\"radio\":\"Q1_a0\"},\"Q2\":{\"radio\":\"Q2_a1\"},\"Q3A\":{\"radio\":\"Q3A_a1\"},\"Q4a\":{\"radio\":\"Q4_a1\"},\"Q5\":{\"radio\":\"Q5_a1\"},\"Q6\":{\"radio\":\"Q6_a0\"},\"Q7\":{\"radio\":\"Q7_a1\"},\"Q8a\":{\"radio\":\"Q8a_a1\"},\"Q9\":{\"radio\":\"Q9_a0\"},\"Q10\":{\"Q10_a12\":\"\"},\"Q11\":{\"radio\":\"Q11_a2\",\"Q11_a8\":\"\"},\"Q12\":{\"radio\":\"Q12_a1\"},\"Q13\":{\"radio\":\"Q13_a0\"},\"Q16\":{\"Q16_a0\":\"1\",\"Q16_a11\":\"98\"},\"Q17a\":{\"radio\":\"Q17a_a0\"},\"Q17b1\":{\"radio\":\"Q17b1_a0\"},\"Q20a\":{\"radio\":\"Q20_a1\"},\"Q21a\":{\"radio\":\"Q21a_a0\"},\"Q23(1)\":{\"radio\":\"Q23(1)_a1\"},\"Q25\":{\"Q25y_a0\":\"1988\",\"Q25y_a1\":\"21\"}}\";s:11:\"information\";s:10:\"incomplete\";s:10:\"project_id\";i:1;s:7:\"user_id\";i:1;s:10:\"section_id\";i:1;s:11:\"incident_id\";i:1;s:13:\"resultable_id\";s:1:\"1\";s:15:\"resultable_type\";s:13:\"App\\PLocation\";s:10:\"created_at\";s:19:\"2016-05-01 20:38:47\";s:10:\"updated_at\";s:19:\"2016-05-08 01:46:44\";s:10:\"deleted_at\";N;}','2016-05-08 01:46:44','2016-05-08 01:46:44'),(12,11,'App\\Result',1,'a:11:{s:10:\"section_id\";i:2;s:10:\"project_id\";i:1;s:11:\"incident_id\";s:1:\"1\";s:13:\"resultable_id\";i:1;s:15:\"resultable_type\";s:13:\"App\\PLocation\";s:7:\"results\";s:101:\"{\"b3a\":{\"radio\":\"b3a-a0\"},\"b3c\":{\"radio\":\"b3c-a0\"},\"b3d\":{\"radio\":\"b3d-a0\"},\"b3e\":{\"radio\":\"b3e-a1\"}}\";s:7:\"user_id\";i:1;s:11:\"information\";s:10:\"incomplete\";s:10:\"updated_at\";s:19:\"2016-05-08 01:46:44\";s:10:\"created_at\";s:19:\"2016-05-08 01:46:44\";s:2:\"id\";i:11;}','2016-05-08 01:46:44','2016-05-08 01:46:44'),(13,12,'App\\Result',1,'a:11:{s:10:\"section_id\";i:1;s:10:\"project_id\";i:1;s:11:\"incident_id\";s:1:\"5\";s:13:\"resultable_id\";i:5;s:15:\"resultable_type\";s:13:\"App\\PLocation\";s:7:\"results\";s:24:\"{\"q1\":{\"radio\":\"q1-a1\"}}\";s:7:\"user_id\";i:1;s:11:\"information\";s:10:\"incomplete\";s:10:\"updated_at\";s:19:\"2016-05-08 01:51:00\";s:10:\"created_at\";s:19:\"2016-05-08 01:51:00\";s:2:\"id\";i:12;}','2016-05-08 01:51:00','2016-05-08 01:51:00'),(14,13,'App\\Result',1,'a:11:{s:10:\"section_id\";i:2;s:10:\"project_id\";i:1;s:11:\"incident_id\";s:1:\"5\";s:13:\"resultable_id\";i:5;s:15:\"resultable_type\";s:13:\"App\\PLocation\";s:7:\"results\";s:24:\"{\"b2\":{\"radio\":\"b2-a4\"}}\";s:7:\"user_id\";i:1;s:11:\"information\";s:10:\"incomplete\";s:10:\"updated_at\";s:19:\"2016-05-08 01:51:00\";s:10:\"created_at\";s:19:\"2016-05-08 01:51:00\";s:2:\"id\";i:13;}','2016-05-08 01:51:00','2016-05-08 01:51:00'),(15,4,'App\\Result',1,'a:12:{s:2:\"id\";i:4;s:7:\"results\";s:536:\"{\"?\":{\"radio\":\"?_a1\"},\"HHTable1\":{\"HHTable1_a0\":\"10\",\"radio\":\"HHTable1_a3\",\"HHTable1_a9\":\"\"},\"HHTable2\":{\"HHTable2_a0\":\"30\",\"HHTable2_a1\":\"1\",\"HHTable2_a9\":\"\"},\"HHTable3\":{\"HHTable3_a0\":\"\",\"HHTable3_a10\":\"\"},\"HHTable4\":{\"HHTable4_a0\":\"\",\"HHTable4_a9\":\"\"},\"HHTable5\":{\"HHTable5_a0\":\"\",\"HHTable5_a9\":\"\"},\"HHTable6\":{\"HHTable6_a0\":\"\",\"HHTable6_a9\":\"\"},\"HHTable7\":{\"HHTable7_a0\":\"\",\"HHTable7_a9\":\"\"},\"A1\":{\"radio\":\"A1_a0\"},\"A2\":{\"radio\":\"A2_a1\"},\"A3\":{\"A3_a0\":\"35\",\"A3_a1\":\"08\",\"A3_a2\":\"2005\"},\"A4\":{\"A4_a0\":\"12:15\"},\"A5\":{\"radio\":\"A5_a0\"}}\";s:11:\"information\";s:10:\"incomplete\";s:10:\"project_id\";i:1;s:7:\"user_id\";i:1;s:10:\"section_id\";i:0;s:11:\"incident_id\";i:7;s:13:\"resultable_id\";s:1:\"1\";s:15:\"resultable_type\";s:13:\"App\\PLocation\";s:10:\"created_at\";s:19:\"2016-05-04 10:12:37\";s:10:\"updated_at\";s:19:\"2016-05-08 01:56:08\";s:10:\"deleted_at\";N;}','2016-05-08 01:56:08','2016-05-08 01:56:08'),(16,6,'App\\Result',1,'a:12:{s:2:\"id\";i:6;s:7:\"results\";s:229:\"{\"B1\":{\"B1_a0\":\"11:10\"},\"B2\":{\"radio\":\"B2_a0\"},\"B3A\":{\"radio\":\"B3A_a0\"},\"B3B\":{\"radio\":\"B3B_a0\"},\"B3C\":{\"radio\":\"B3C_a1\"},\"B3D\":{\"radio\":\"B3D_a0\"},\"B3E\":{\"radio\":\"B3E_a0\"},\"Interviewer Comment\":{\"radio\":\"Interviewer Comment_a1\"}}\";s:11:\"information\";s:10:\"incomplete\";s:10:\"project_id\";i:1;s:7:\"user_id\";i:1;s:10:\"section_id\";i:2;s:11:\"incident_id\";i:7;s:13:\"resultable_id\";s:1:\"1\";s:15:\"resultable_type\";s:13:\"App\\PLocation\";s:10:\"created_at\";s:19:\"2016-05-04 10:12:38\";s:10:\"updated_at\";s:19:\"2016-05-08 01:56:08\";s:10:\"deleted_at\";N;}','2016-05-08 01:56:08','2016-05-08 01:56:08'),(17,1,'App\\Result',1,'a:11:{s:10:\"section_id\";i:0;s:10:\"project_id\";i:1;s:11:\"incident_id\";s:1:\"1\";s:13:\"resultable_id\";i:1;s:15:\"resultable_type\";s:13:\"App\\PLocation\";s:7:\"results\";s:304:\"{\"x\":{\"radio\":\"?_a0\"},\"hh-table\":{\"radio\":\"h_h_table1_a2\"},\"hhtable2\":{\"radio\":\"h_h_table2_a4\"},\"hhtable3\":{\"radio\":\"h_h_table3_a9\"},\"hhtable4\":{\"radio\":\"h_h_table4_a7\"},\"hhtable5\":{\"radio\":\"h_h_table5_a6\"},\"hhtable6\":{\"radio\":\"h_h_table6_a5\"},\"hhtable7\":{\"radio\":\"h_h_table7_a5\"},\"a2\":{\"radio\":\"a2_a0\"}}\";s:7:\"user_id\";i:1;s:11:\"information\";s:10:\"incomplete\";s:10:\"updated_at\";s:19:\"2016-05-08 03:21:51\";s:10:\"created_at\";s:19:\"2016-05-08 03:21:51\";s:2:\"id\";i:1;}','2016-05-08 03:21:51','2016-05-08 03:21:51'),(18,2,'App\\Result',1,'a:11:{s:10:\"section_id\";i:1;s:10:\"project_id\";i:1;s:11:\"incident_id\";s:1:\"1\";s:13:\"resultable_id\";i:1;s:15:\"resultable_type\";s:13:\"App\\PLocation\";s:7:\"results\";s:811:\"{\"q1\":{\"radio\":\"q1_a4\"},\"q3b\":{\"radio\":\"q3_b_a0\"},\"q4\":{\"radio\":\"q4_a2\"},\"q6\":{\"radio\":\"q6_a2\"},\"q8b\":{\"radio\":\"q8_b_a0\"},\"q8f\":{\"radio\":\"q8_f_a0\"},\"q8i\":{\"radio\":\"q8_i_a0\"},\"q8j\":{\"radio\":\"q8_j_a1\"},\"q9\":{\"radio\":\"q9_a2\"},\"q10\":{\"radio\":\"q10_a6\"},\"q11\":{\"radio\":\"q11_a6\"},\"q12\":{\"radio\":\"q12_a1\"},\"q13\":{\"radio\":\"q13_a2\"},\"q14\":{\"radio\":\"q14_a4\"},\"q15\":{\"radio\":\"q15_a0\"},\"q16\":{\"q16_a2\":\"3\",\"q16_a4\":\"5\",\"q16_a9\":\"10\"},\"q17a\":{\"radio\":\"q17a_a1\"},\"q17b\":{\"radio\":\"q17b1_a14\"},\"q17b2\":{\"radio\":\"q17b2_a16\"},\"q17b3\":{\"radio\":\"q17b3_a17\"},\"q18\":{\"radio\":\"q18_a4\"},\"q19\":{\"radio\":\"q19_a6\"},\"q20\":{\"radio\":\"q20_a3\"},\"q20b\":{\"radio\":\"q20_b_a1\"},\"q21a\":{\"radio\":\"q21a_a3\"},\"q23\":{\"radio\":\"q23(1)_a12\"},\"q232\":{\"radio\":\"q23(2)_a24\"},\"q241\":{\"radio\":\"q24(1)_a14\"},\"q243\":{\"radio\":\"q24(3)_a22\"},\"q27\":{\"radio\":\"q27_a4\"}}\";s:7:\"user_id\";i:1;s:11:\"information\";s:10:\"incomplete\";s:10:\"updated_at\";s:19:\"2016-05-08 03:21:51\";s:10:\"created_at\";s:19:\"2016-05-08 03:21:51\";s:2:\"id\";i:2;}','2016-05-08 03:21:51','2016-05-08 03:21:51'),(19,3,'App\\Result',1,'a:11:{s:10:\"section_id\";i:2;s:10:\"project_id\";i:1;s:11:\"incident_id\";s:1:\"1\";s:13:\"resultable_id\";i:1;s:15:\"resultable_type\";s:13:\"App\\PLocation\";s:7:\"results\";s:76:\"{\"b2\":{\"radio\":\"b2_a2\"},\"b3c\":{\"radio\":\"b3_c_a0\"},\"b3e\":{\"radio\":\"b3_e_a1\"}}\";s:7:\"user_id\";i:1;s:11:\"information\";s:10:\"incomplete\";s:10:\"updated_at\";s:19:\"2016-05-08 03:21:51\";s:10:\"created_at\";s:19:\"2016-05-08 03:21:51\";s:2:\"id\";i:3;}','2016-05-08 03:21:51','2016-05-08 03:21:51');
/*!40000 ALTER TABLE `versions` ENABLE KEYS */;
UNLOCK TABLES;
/*!40103 SET TIME_ZONE=@OLD_TIME_ZONE */;

/*!40101 SET SQL_MODE=@OLD_SQL_MODE */;
/*!40014 SET FOREIGN_KEY_CHECKS=@OLD_FOREIGN_KEY_CHECKS */;
/*!40014 SET UNIQUE_CHECKS=@OLD_UNIQUE_CHECKS */;
/*!40101 SET CHARACTER_SET_CLIENT=@OLD_CHARACTER_SET_CLIENT */;
/*!40101 SET CHARACTER_SET_RESULTS=@OLD_CHARACTER_SET_RESULTS */;
/*!40101 SET COLLATION_CONNECTION=@OLD_COLLATION_CONNECTION */;
/*!40111 SET SQL_NOTES=@OLD_SQL_NOTES */;

-- Dump completed on 2016-05-08  9:23:22
